ts_unix,pod,cpu_m,mem_mi
1789055366,processor-67575b846-9wmfm,162,35
1789055368,processor-67575b846-9wmfm,162,35
1789055370,processor-67575b846-9wmfm,162,35
1789055372,processor-67575b846-9wmfm,162,35
1789055375,processor-67575b846-9wmfm,162,35
1789055377,processor-67575b846-9wmfm,1,35
1789055379,processor-67575b846-9wmfm,1,35
1789055381,processor-67575b846-9wmfm,1,35
1789055383,processor-67575b846-9wmfm,1,35
1789055385,processor-67575b846-9wmfm,1,35
1789055387,processor-67575b846-9wmfm,1,35
1789055389,processor-67575b846-9wmfm,1,35
1789055391,processor-67575b846-9wmfm,181,35
1789055393,processor-67575b846-9wmfm,181,35
1789055396,processor-67575b846-9wmfm,181,35
1789055398,processor-67575b846-9wmfm,181,35
1789055400,processor-67575b846-9wmfm,181,35
1789055402,processor-67575b846-9wmfm,181,35
1789055404,processor-67575b846-9wmfm,181,35
1789055406,processor-67575b846-9wmfm,229,35
1789055408,processor-67575b846-9wmfm,229,35
1789055410,processor-67575b846-9wmfm,229,35
1789055412,processor-67575b846-9wmfm,229,35
1789055414,processor-67575b846-9wmfm,229,35
1789055417,processor-67575b846-9wmfm,229,35
1789055419,processor-67575b846-9wmfm,229,35
1789055421,processor-67575b846-9wmfm,242,35
1789055437,processor-79945475-mn7wj,96,34
1789055439,processor-79945475-mn7wj,96,34
1789055441,processor-79945475-mn7wj,96,34
1789055443,processor-79945475-mn7wj,96,34
1789055445,processor-79945475-mn7wj,96,34
1789055447,processor-79945475-mn7wj,96,34
1789055449,processor-79945475-mn7wj,96,34
1789055451,processor-79945475-gbnt6,20,34
1789055451,processor-79945475-mn7wj,2,34
1789055453,processor-79945475-gbnt6,20,34
1789055453,processor-79945475-mn7wj,2,34
1789055456,processor-79945475-gbnt6,20,34
1789055456,processor-79945475-mn7wj,2,34
1789055458,processor-79945475-gbnt6,20,34
1789055458,processor-79945475-mn7wj,2,34
1789055460,processor-79945475-gbnt6,20,34
1789055460,processor-79945475-mn7wj,2,34
1789055462,processor-79945475-gbnt6,20,34
1789055462,processor-79945475-mn7wj,2,34
1789055464,processor-79945475-gbnt6,20,34
1789055464,processor-79945475-mn7wj,2,34
1789055466,processor-79945475-gbnt6,1,34
1789055466,processor-79945475-mn7wj,2,34
1789055468,processor-79945475-gbnt6,1,34
1789055468,processor-79945475-mn7wj,2,34
1789055470,processor-79945475-gbnt6,1,34
1789055470,processor-79945475-mn7wj,2,34
1789055472,processor-79945475-gbnt6,1,34
1789055472,processor-79945475-mn7wj,2,34
1789055474,processor-79945475-gbnt6,1,34
1789055474,processor-79945475-mn7wj,2,34
1789055476,processor-79945475-gbnt6,1,34
1789055476,processor-79945475-mn7wj,2,34
1789055479,processor-79945475-gbnt6,1,34
1789055479,processor-79945475-mn7wj,2,34
1789055481,processor-79945475-gbnt6,1,34
1789055481,processor-79945475-mn7wj,3,34
1789055483,processor-79945475-gbnt6,1,34
1789055483,processor-79945475-mn7wj,3,34
1789055485,processor-79945475-gbnt6,1,34
1789055485,processor-79945475-mn7wj,3,34
1789055487,processor-79945475-gbnt6,1,34
1789055487,processor-79945475-mn7wj,3,34
1789055489,processor-79945475-gbnt6,1,34
1789055489,processor-79945475-mn7wj,3,34
1789055491,processor-79945475-gbnt6,1,34
1789055491,processor-79945475-mn7wj,3,34
1789055493,processor-79945475-gbnt6,1,34
1789055493,processor-79945475-mn7wj,3,34
1789055495,processor-79945475-gbnt6,1,34
1789055495,processor-79945475-mn7wj,3,34
1789055497,processor-79945475-gbnt6,1,34
1789055497,processor-79945475-mn7wj,3,34
1789055499,processor-79945475-gbnt6,1,34
1789055499,processor-79945475-mn7wj,3,34
1789055502,processor-79945475-gbnt6,1,34
1789055502,processor-79945475-mn7wj,3,34
1789055504,processor-79945475-gbnt6,1,34
1789055504,processor-79945475-mn7wj,3,34
1789055506,processor-79945475-gbnt6,1,34
1789055506,processor-79945475-mn7wj,3,34
1789055508,processor-79945475-gbnt6,1,34
1789055508,processor-79945475-mn7wj,3,34
1789055510,processor-79945475-gbnt6,1,34
1789055510,processor-79945475-mn7wj,3,34
1789055512,processor-79945475-gbnt6,1,34
1789055512,processor-79945475-mn7wj,3,34
1789055514,processor-79945475-gbnt6,1,34
1789055514,processor-79945475-mn7wj,3,34
1789055516,processor-79945475-gbnt6,1,34
1789055516,processor-79945475-mn7wj,3,34
1789055518,processor-79945475-gbnt6,1,34
1789055518,processor-79945475-mn7wj,3,34
1789055520,processor-79945475-gbnt6,1,34
1789055520,processor-79945475-mn7wj,3,34
1789055523,processor-79945475-gbnt6,1,34
1789055523,processor-79945475-mn7wj,3,34
1789055525,processor-79945475-gbnt6,1,34
1789055525,processor-79945475-mn7wj,3,34
1789055527,processor-79945475-gbnt6,1,34
1789055527,processor-79945475-mn7wj,3,34
1789055529,processor-79945475-gbnt6,1,34
1789055529,processor-79945475-mn7wj,3,34
1789055531,processor-79945475-gbnt6,1,34
1789055531,processor-79945475-mn7wj,3,34
1789055533,processor-79945475-gbnt6,1,34
1789055533,processor-79945475-mn7wj,3,34
1789055535,processor-79945475-gbnt6,1,34
1789055535,processor-79945475-mn7wj,3,34
1789055537,processor-79945475-gbnt6,1,34
1789055537,processor-79945475-mn7wj,3,34
1789055539,processor-79945475-gbnt6,1,34
1789055539,processor-79945475-mn7wj,3,34
1789055541,processor-79945475-gbnt6,1,34
1789055541,processor-79945475-mn7wj,2,34
1789055543,processor-79945475-gbnt6,1,34
1789055543,processor-79945475-mn7wj,2,34
1789055546,processor-79945475-gbnt6,1,34
1789055546,processor-79945475-mn7wj,2,34
1789055548,processor-79945475-gbnt6,1,34
1789055548,processor-79945475-mn7wj,2,34
1789055550,processor-79945475-gbnt6,1,34
1789055550,processor-79945475-mn7wj,2,34
1789055552,processor-79945475-gbnt6,1,34
1789055552,processor-79945475-mn7wj,2,34
1789055554,processor-79945475-gbnt6,1,34
1789055554,processor-79945475-mn7wj,2,34
1789055556,processor-79945475-gbnt6,1,34
1789055556,processor-79945475-mn7wj,2,34
1789055558,processor-79945475-gbnt6,1,34
1789055558,processor-79945475-mn7wj,2,34
1789055560,processor-79945475-gbnt6,1,34
1789055560,processor-79945475-mn7wj,2,34
1789055562,processor-79945475-gbnt6,1,34
1789055562,processor-79945475-mn7wj,2,34
1789055564,processor-79945475-gbnt6,1,34
1789055564,processor-79945475-mn7wj,2,34
1789055566,processor-79945475-gbnt6,1,34
1789055566,processor-79945475-mn7wj,2,34
1789055569,processor-79945475-gbnt6,1,34
1789055569,processor-79945475-mn7wj,2,34
1789055571,processor-79945475-gbnt6,1,34
1789055571,processor-79945475-mn7wj,3,34
1789055573,processor-79945475-gbnt6,1,34
1789055573,processor-79945475-mn7wj,3,34
1789055575,processor-79945475-gbnt6,1,34
1789055575,processor-79945475-mn7wj,3,34
1789055577,processor-79945475-gbnt6,1,34
1789055577,processor-79945475-mn7wj,3,34
1789055579,processor-79945475-gbnt6,1,34
1789055579,processor-79945475-mn7wj,3,34
1789055581,processor-79945475-gbnt6,1,34
1789055581,processor-79945475-mn7wj,3,34
1789055583,processor-79945475-gbnt6,1,34
1789055583,processor-79945475-mn7wj,3,34
1789055585,processor-79945475-gbnt6,1,34
1789055585,processor-79945475-mn7wj,3,34
1789055587,processor-79945475-gbnt6,1,34
1789055587,processor-79945475-mn7wj,2,34
1789055589,processor-79945475-gbnt6,1,34
1789055589,processor-79945475-mn7wj,2,34
1789055591,processor-79945475-gbnt6,1,34
1789055591,processor-79945475-mn7wj,2,34
1789055594,processor-79945475-gbnt6,1,34
1789055594,processor-79945475-mn7wj,2,34
1789055596,processor-79945475-gbnt6,1,34
1789055617,processor-cd54dfc58-bcpw5,140,35
1789055619,processor-cd54dfc58-bcpw5,140,35
1789055621,processor-cd54dfc58-bcpw5,140,35
1789055624,processor-cd54dfc58-bcpw5,140,35
1789055626,processor-cd54dfc58-bcpw5,140,35
1789055628,processor-cd54dfc58-bcpw5,140,35
1789055630,processor-cd54dfc58-bcpw5,140,35
1789055632,processor-cd54dfc58-bcpw5,150,35
1789055634,processor-cd54dfc58-bcpw5,150,35
1789055636,processor-cd54dfc58-bcpw5,150,35
1789055638,processor-cd54dfc58-bcpw5,150,35
1789055640,processor-cd54dfc58-bcpw5,150,35
1789055642,processor-cd54dfc58-bcpw5,150,35
1789055644,processor-cd54dfc58-bcpw5,150,35
1789055647,processor-cd54dfc58-bcpw5,151,35
1789055649,processor-cd54dfc58-bcpw5,151,35
1789055651,processor-cd54dfc58-bcpw5,151,35
1789055653,processor-cd54dfc58-bcpw5,151,35
1789055655,processor-cd54dfc58-bcpw5,151,35
1789055657,processor-cd54dfc58-bcpw5,151,35
1789055659,processor-cd54dfc58-bcpw5,151,35
1789055661,processor-cd54dfc58-bcpw5,150,35
1789055663,processor-cd54dfc58-bcpw5,150,35
1789055665,processor-cd54dfc58-bcpw5,150,35
1789055667,processor-cd54dfc58-bcpw5,150,35
1789055670,processor-cd54dfc58-bcpw5,150,35
1789055672,processor-cd54dfc58-bcpw5,150,35
1789055674,processor-cd54dfc58-bcpw5,150,35
1789055676,processor-cd54dfc58-bcpw5,149,35
1789055678,processor-cd54dfc58-bcpw5,149,35
1789055680,processor-cd54dfc58-bcpw5,149,35
1789055682,processor-cd54dfc58-bcpw5,149,35
1789055684,processor-cd54dfc58-bcpw5,149,35
1789055686,processor-cd54dfc58-bcpw5,149,35
1789055688,processor-cd54dfc58-bcpw5,149,35
1789055691,processor-cd54dfc58-bcpw5,150,35
1789055693,processor-cd54dfc58-bcpw5,150,35
1789055695,processor-cd54dfc58-bcpw5,150,35
1789055697,processor-cd54dfc58-bcpw5,150,35
1789055706,processor-7dd6cf9f86-hc6jk,100,24
1789055708,processor-7dd6cf9f86-hc6jk,100,24
1789055710,processor-7dd6cf9f86-hc6jk,100,24
1789055712,processor-7dd6cf9f86-hc6jk,100,24
1789055714,processor-7dd6cf9f86-hc6jk,100,24
1789055716,processor-7dd6cf9f86-hc6jk,100,24
1789055718,processor-7dd6cf9f86-hc6jk,100,24
1789055721,processor-7dd6cf9f86-hc6jk,101,24
1789055723,processor-7dd6cf9f86-hc6jk,101,24
1789055725,processor-7dd6cf9f86-hc6jk,101,24
1789055727,processor-7dd6cf9f86-hc6jk,101,24
1789055729,processor-7dd6cf9f86-hc6jk,101,24
1789055731,processor-7dd6cf9f86-hc6jk,101,24
1789055733,processor-7dd6cf9f86-hc6jk,101,24
1789055735,processor-7dd6cf9f86-hc6jk,101,24
1789055737,processor-7dd6cf9f86-hc6jk,96,35
1789055739,processor-7dd6cf9f86-hc6jk,96,35
1789055742,processor-7dd6cf9f86-hc6jk,96,35
1789055744,processor-7dd6cf9f86-hc6jk,96,35
1789055746,processor-7dd6cf9f86-hc6jk,96,35
1789055748,processor-7dd6cf9f86-hc6jk,96,35
1789055750,processor-7dd6cf9f86-hc6jk,96,35
1789055752,processor-7dd6cf9f86-hc6jk,95,35
1789055754,processor-7dd6cf9f86-hc6jk,95,35
1789055756,processor-7dd6cf9f86-hc6jk,95,35
1789055758,processor-7dd6cf9f86-hc6jk,95,35
1789055761,processor-7dd6cf9f86-hc6jk,95,35
1789055763,processor-7dd6cf9f86-hc6jk,95,35
1789055765,processor-7dd6cf9f86-hc6jk,95,35
1789055767,processor-7dd6cf9f86-hc6jk,91,35
1789055769,processor-7dd6cf9f86-hc6jk,91,35
1789055771,processor-7dd6cf9f86-hc6jk,91,35
1789055773,processor-7dd6cf9f86-hc6jk,91,35
1789055775,processor-7dd6cf9f86-hc6jk,91,35
1789055777,processor-7dd6cf9f86-hc6jk,91,35
1789055779,processor-7dd6cf9f86-hc6jk,91,35
1789055782,processor-7dd6cf9f86-hc6jk,92,35
1789055784,processor-7dd6cf9f86-hc6jk,92,35
1789055786,processor-7dd6cf9f86-hc6jk,92,35
1789055788,processor-7dd6cf9f86-hc6jk,92,35
1789055790,processor-7dd6cf9f86-hc6jk,92,35
1789055792,processor-7dd6cf9f86-hc6jk,92,35
1789055794,processor-7dd6cf9f86-hc6jk,92,35
1789055796,processor-7dd6cf9f86-hc6jk,94,35
1789055798,processor-7dd6cf9f86-hc6jk,94,35
1789055812,processor-6bcfdcf454-dd27d,75,16
1789055814,processor-6bcfdcf454-dd27d,75,16
1789055816,processor-6bcfdcf454-dd27d,75,16
1789055818,processor-6bcfdcf454-dd27d,75,16
1789055820,processor-6bcfdcf454-dd27d,75,16
1789055822,processor-6bcfdcf454-dd27d,75,16
1789055824,processor-6bcfdcf454-dd27d,75,16
1789055827,processor-6bcfdcf454-dd27d,70,32
1789055829,processor-6bcfdcf454-dd27d,70,32
1789055831,processor-6bcfdcf454-dd27d,70,32
1789055833,processor-6bcfdcf454-dd27d,70,32
1789055835,processor-6bcfdcf454-dd27d,70,32
1789055837,processor-6bcfdcf454-dd27d,70,32
1789055839,processor-6bcfdcf454-dd27d,70,32
1789055841,processor-6bcfdcf454-dd27d,76,35
1789055843,processor-6bcfdcf454-dd27d,76,35
1789055846,processor-6bcfdcf454-dd27d,76,35
1789055848,processor-6bcfdcf454-dd27d,76,35
1789055850,processor-6bcfdcf454-dd27d,76,35
1789055852,processor-6bcfdcf454-dd27d,76,35
1789055854,processor-6bcfdcf454-dd27d,76,35
1789055856,processor-6bcfdcf454-dd27d,76,35
1789055858,processor-6bcfdcf454-dd27d,76,35
1789055860,processor-6bcfdcf454-dd27d,76,35
1789055862,processor-6bcfdcf454-dd27d,76,35
1789055864,processor-6bcfdcf454-dd27d,76,35
1789055867,processor-6bcfdcf454-dd27d,76,35
1789055869,processor-6bcfdcf454-dd27d,76,35
1789055871,processor-6bcfdcf454-dd27d,72,35
1789055873,processor-6bcfdcf454-dd27d,72,35
1789055875,processor-6bcfdcf454-dd27d,72,35
1789055877,processor-6bcfdcf454-dd27d,72,35
1789055879,processor-6bcfdcf454-dd27d,72,35
1789055881,processor-6bcfdcf454-dd27d,72,35
1789055883,processor-6bcfdcf454-dd27d,72,35
1789055885,processor-6bcfdcf454-dd27d,72,35
1789055888,processor-6bcfdcf454-dd27d,74,35
1789055890,processor-6bcfdcf454-dd27d,74,35
1789055892,processor-6bcfdcf454-dd27d,74,35
1789055894,processor-6bcfdcf454-dd27d,74,35
1789055896,processor-6bcfdcf454-dd27d,74,35
1789055898,processor-6bcfdcf454-dd27d,74,35
1789055900,processor-6bcfdcf454-dd27d,74,35
1789055918,processor-5f4c66ff7d-v6fgn,49,16
1789055920,processor-5f4c66ff7d-v6fgn,49,16
1789055922,processor-5f4c66ff7d-v6fgn,49,16
1789055924,processor-5f4c66ff7d-v6fgn,49,16
1789055926,processor-5f4c66ff7d-v6fgn,49,16
1789055928,processor-5f4c66ff7d-v6fgn,49,16
1789055930,processor-5f4c66ff7d-v6fgn,49,16
1789055932,processor-5f4c66ff7d-v6fgn,49,16
1789055934,processor-5f4c66ff7d-v6fgn,49,16
1789055936,processor-5f4c66ff7d-v6fgn,49,16
1789055939,processor-5f4c66ff7d-v6fgn,49,16
1789055941,processor-5f4c66ff7d-v6fgn,49,16
1789055943,processor-5f4c66ff7d-v6fgn,49,16
1789055945,processor-5f4c66ff7d-v6fgn,49,16
1789055947,processor-5f4c66ff7d-v6fgn,46,33
1789055949,processor-5f4c66ff7d-v6fgn,46,33
1789055951,processor-5f4c66ff7d-v6fgn,46,33
1789055953,processor-5f4c66ff7d-v6fgn,46,33
1789055955,processor-5f4c66ff7d-v6fgn,46,33
1789055957,processor-5f4c66ff7d-v6fgn,46,33
1789055960,processor-5f4c66ff7d-v6fgn,46,33
1789055962,processor-5f4c66ff7d-v6fgn,47,35
1789055964,processor-5f4c66ff7d-v6fgn,47,35
1789055966,processor-5f4c66ff7d-v6fgn,47,35
1789055968,processor-5f4c66ff7d-v6fgn,47,35
1789055970,processor-5f4c66ff7d-v6fgn,47,35
1789055972,processor-5f4c66ff7d-v6fgn,47,35
1789055974,processor-5f4c66ff7d-v6fgn,47,35
1789055976,processor-5f4c66ff7d-v6fgn,47,35
1789055979,processor-5f4c66ff7d-v6fgn,47,35
1789055981,processor-5f4c66ff7d-v6fgn,47,35
1789055983,processor-5f4c66ff7d-v6fgn,47,35
1789055985,processor-5f4c66ff7d-v6fgn,47,35
1789055987,processor-5f4c66ff7d-v6fgn,47,35
1789055989,processor-5f4c66ff7d-v6fgn,47,35
1789055991,processor-5f4c66ff7d-v6fgn,49,35
1789055993,processor-5f4c66ff7d-v6fgn,49,35
1789055995,processor-5f4c66ff7d-v6fgn,49,35
1789055997,processor-5f4c66ff7d-v6fgn,49,35
1789055999,processor-5f4c66ff7d-v6fgn,49,35
1789056002,processor-5f4c66ff7d-v6fgn,49,35
1789056004,processor-5f4c66ff7d-v6fgn,49,35
1789056006,processor-5f4c66ff7d-v6fgn,46,35
1789056009,processor-5f4c66ff7d-v6fgn,46,35
1789056011,processor-5f4c66ff7d-v6fgn,46,35
1789056013,processor-5f4c66ff7d-v6fgn,46,35
1789056015,processor-5f4c66ff7d-v6fgn,46,35
1789056017,processor-5f4c66ff7d-v6fgn,46,35
1789056019,processor-5f4c66ff7d-v6fgn,46,35
1789056022,processor-5f4c66ff7d-v6fgn,46,35
1789056024,processor-5f4c66ff7d-v6fgn,46,35
1789056026,processor-5f4c66ff7d-v6fgn,46,35
1789056028,processor-5f4c66ff7d-v6fgn,46,35
1789056030,processor-5f4c66ff7d-v6fgn,46,35
1789056032,processor-5f4c66ff7d-v6fgn,46,35
1789056034,processor-5f4c66ff7d-v6fgn,46,35
1789056037,processor-5f4c66ff7d-v6fgn,48,35
1789056039,processor-5f4c66ff7d-v6fgn,48,35
1789056041,processor-5f4c66ff7d-v6fgn,48,35
1789056043,processor-5f4c66ff7d-v6fgn,48,35
1789056045,processor-5f4c66ff7d-v6fgn,48,35
1789056047,processor-5f4c66ff7d-v6fgn,48,35
1789056049,processor-5f4c66ff7d-v6fgn,48,35
1789056051,processor-5f4c66ff7d-v6fgn,48,35
1789056053,processor-5f4c66ff7d-v6fgn,48,35
1789056055,processor-5f4c66ff7d-v6fgn,48,35
1789056058,processor-5f4c66ff7d-v6fgn,48,35
1789056060,processor-5f4c66ff7d-v6fgn,48,35
1789056062,processor-5f4c66ff7d-v6fgn,48,35
1789056064,processor-5f4c66ff7d-v6fgn,48,35
1789056066,processor-5f4c66ff7d-v6fgn,48,35
1789056068,processor-5f4c66ff7d-v6fgn,48,35
1789056070,processor-5f4c66ff7d-v6fgn,48,35
1789056072,processor-5f4c66ff7d-v6fgn,48,35
1789056074,processor-5f4c66ff7d-v6fgn,48,35
1789056077,processor-5f4c66ff7d-v6fgn,48,35
1789056079,processor-5f4c66ff7d-v6fgn,48,35
1789056081,processor-5f4c66ff7d-v6fgn,48,35
1789056083,processor-5f4c66ff7d-v6fgn,48,35
1789056085,processor-5f4c66ff7d-v6fgn,48,35
1789056087,processor-5f4c66ff7d-v6fgn,48,35
1789056089,processor-5f4c66ff7d-v6fgn,48,35
1789056091,processor-5f4c66ff7d-v6fgn,48,35
1789056093,processor-5f4c66ff7d-v6fgn,48,35
1789056095,processor-5f4c66ff7d-v6fgn,48,35
1789056098,processor-5f4c66ff7d-v6fgn,48,35
1789056100,processor-5f4c66ff7d-v6fgn,48,35
1789056111,processor-6bcfdcf454-qphbp,79,17
1789056113,processor-6bcfdcf454-qphbp,79,17
1789056115,processor-6bcfdcf454-qphbp,79,17
1789056117,processor-6bcfdcf454-qphbp,79,17
1789056119,processor-6bcfdcf454-qphbp,79,17
1789056121,processor-6bcfdcf454-qphbp,79,17
1789056123,processor-6bcfdcf454-qphbp,79,17
1789056126,processor-6bcfdcf454-qphbp,80,19
1789056128,processor-6bcfdcf454-qphbp,80,19
1789056130,processor-6bcfdcf454-qphbp,80,19
1789056132,processor-6bcfdcf454-qphbp,80,19
1789056134,processor-6bcfdcf454-qphbp,80,19
1789056136,processor-6bcfdcf454-qphbp,80,19
1789056138,processor-6bcfdcf454-qphbp,80,19
1789056140,processor-6bcfdcf454-qphbp,80,19
1789056142,processor-6bcfdcf454-qphbp,73,34
1789056145,processor-6bcfdcf454-qphbp,73,34
1789056147,processor-6bcfdcf454-qphbp,73,34
1789056149,processor-6bcfdcf454-qphbp,73,34
1789056151,processor-6bcfdcf454-qphbp,73,34
1789056153,processor-6bcfdcf454-qphbp,73,34
1789056155,processor-6bcfdcf454-qphbp,73,34
1789056157,processor-6bcfdcf454-qphbp,77,35
1789056159,processor-6bcfdcf454-qphbp,77,35
1789056161,processor-6bcfdcf454-qphbp,77,35
1789056163,processor-6bcfdcf454-qphbp,77,35
1789056166,processor-6bcfdcf454-qphbp,77,35
1789056168,processor-6bcfdcf454-qphbp,77,35
1789056170,processor-6bcfdcf454-qphbp,77,35
1789056172,processor-6bcfdcf454-qphbp,74,35
1789056174,processor-6bcfdcf454-qphbp,74,35
1789056176,processor-6bcfdcf454-qphbp,74,35
1789056178,processor-6bcfdcf454-qphbp,74,35
1789056180,processor-6bcfdcf454-qphbp,74,35
1789056182,processor-6bcfdcf454-qphbp,74,35
1789056185,processor-6bcfdcf454-qphbp,74,35
1789056187,processor-6bcfdcf454-qphbp,73,35
1789056189,processor-6bcfdcf454-qphbp,73,35
1789056191,processor-6bcfdcf454-qphbp,73,35
1789056193,processor-6bcfdcf454-qphbp,73,35
1789056195,processor-6bcfdcf454-qphbp,73,35
1789056197,processor-6bcfdcf454-qphbp,73,35
1789056199,processor-6bcfdcf454-qphbp,73,35
1789056201,processor-6bcfdcf454-qphbp,78,35
1789056203,processor-6bcfdcf454-qphbp,78,35
1789056206,processor-6bcfdcf454-qphbp,78,35
1789056208,processor-6bcfdcf454-qphbp,78,35
1789056210,processor-6bcfdcf454-qphbp,78,35
1789056212,processor-6bcfdcf454-qphbp,78,35
1789056214,processor-6bcfdcf454-qphbp,78,35
1789056216,processor-6bcfdcf454-qphbp,27,35
1789056216,processor-7dd6cf9f86-2q6m9,93,33
1789056218,processor-6bcfdcf454-qphbp,27,35
1789056218,processor-7dd6cf9f86-2q6m9,93,33
1789056220,processor-6bcfdcf454-qphbp,27,35
1789056220,processor-7dd6cf9f86-2q6m9,93,33
1789056222,processor-6bcfdcf454-qphbp,27,35
1789056222,processor-7dd6cf9f86-2q6m9,93,33
1789056225,processor-6bcfdcf454-qphbp,27,35
1789056225,processor-7dd6cf9f86-2q6m9,93,33
1789056227,processor-6bcfdcf454-qphbp,27,35
1789056227,processor-7dd6cf9f86-2q6m9,93,33
1789056229,processor-6bcfdcf454-qphbp,27,35
1789056229,processor-7dd6cf9f86-2q6m9,93,33
1789056231,processor-7dd6cf9f86-2q6m9,108,34
1789056233,processor-7dd6cf9f86-2q6m9,108,34
1789056235,processor-7dd6cf9f86-2q6m9,108,34
1789056237,processor-7dd6cf9f86-2q6m9,108,34
1789056239,processor-7dd6cf9f86-2q6m9,108,34
1789056241,processor-7dd6cf9f86-2q6m9,108,34
1789056243,processor-7dd6cf9f86-2q6m9,108,34
1789056246,processor-7dd6cf9f86-2q6m9,91,35
1789056248,processor-7dd6cf9f86-2q6m9,91,35
1789056250,processor-7dd6cf9f86-2q6m9,91,35
1789056252,processor-7dd6cf9f86-2q6m9,91,35
1789056254,processor-7dd6cf9f86-2q6m9,91,35
1789056256,processor-7dd6cf9f86-2q6m9,91,35
1789056258,processor-7dd6cf9f86-2q6m9,91,35
1789056260,processor-7dd6cf9f86-2q6m9,91,35
1789056262,processor-7dd6cf9f86-2q6m9,95,35
1789056265,processor-7dd6cf9f86-2q6m9,95,35
1789056267,processor-7dd6cf9f86-2q6m9,95,35
1789056269,processor-7dd6cf9f86-2q6m9,95,35
1789056271,processor-7dd6cf9f86-2q6m9,95,35
1789056273,processor-7dd6cf9f86-2q6m9,95,35
1789056275,processor-7dd6cf9f86-2q6m9,95,35
1789056277,processor-7dd6cf9f86-2q6m9,93,35
1789056279,processor-7dd6cf9f86-2q6m9,93,35
1789056281,processor-7dd6cf9f86-2q6m9,93,35
1789056283,processor-7dd6cf9f86-2q6m9,93,35
1789056286,processor-7dd6cf9f86-2q6m9,93,35
1789056288,processor-7dd6cf9f86-2q6m9,93,35
1789056290,processor-7dd6cf9f86-2q6m9,93,35
1789056292,processor-7dd6cf9f86-2q6m9,99,35
1789056294,processor-7dd6cf9f86-2q6m9,99,35
1789056296,processor-7dd6cf9f86-2q6m9,99,35
1789056298,processor-7dd6cf9f86-2q6m9,99,35
1789056300,processor-7dd6cf9f86-2q6m9,99,35
1789056322,processor-cd54dfc58-8s6xj,141,33
1789056324,processor-cd54dfc58-8s6xj,141,33
1789056327,processor-cd54dfc58-8s6xj,141,33
1789056329,processor-cd54dfc58-8s6xj,141,33
1789056331,processor-cd54dfc58-8s6xj,141,33
1789056333,processor-cd54dfc58-8s6xj,141,33
1789056335,processor-cd54dfc58-8s6xj,141,33
1789056337,processor-cd54dfc58-8s6xj,136,35
1789056339,processor-cd54dfc58-8s6xj,136,35
1789056341,processor-cd54dfc58-8s6xj,136,35
1789056343,processor-cd54dfc58-8s6xj,136,35
1789056346,processor-cd54dfc58-8s6xj,136,35
1789056348,processor-cd54dfc58-8s6xj,136,35
1789056350,processor-cd54dfc58-8s6xj,136,35
1789056352,processor-cd54dfc58-8s6xj,143,35
1789056354,processor-cd54dfc58-8s6xj,143,35
1789056356,processor-cd54dfc58-8s6xj,143,35
1789056358,processor-cd54dfc58-8s6xj,143,35
1789056360,processor-cd54dfc58-8s6xj,143,35
1789056362,processor-cd54dfc58-8s6xj,143,35
1789056364,processor-cd54dfc58-8s6xj,143,35
1789056367,processor-cd54dfc58-8s6xj,143,35
1789056369,processor-cd54dfc58-8s6xj,143,35
1789056371,processor-cd54dfc58-8s6xj,143,35
1789056373,processor-cd54dfc58-8s6xj,143,35
1789056375,processor-cd54dfc58-8s6xj,143,35
1789056377,processor-cd54dfc58-8s6xj,143,35
1789056379,processor-cd54dfc58-8s6xj,143,35
1789056381,processor-cd54dfc58-8s6xj,139,35
1789056383,processor-cd54dfc58-8s6xj,139,35
1789056385,processor-cd54dfc58-8s6xj,139,35
1789056388,processor-cd54dfc58-8s6xj,139,35
1789056390,processor-cd54dfc58-8s6xj,139,35
1789056392,processor-cd54dfc58-8s6xj,139,35
1789056394,processor-cd54dfc58-8s6xj,139,35
1789056396,processor-cd54dfc58-8s6xj,142,35
1789056398,processor-cd54dfc58-8s6xj,142,35
1789056400,processor-cd54dfc58-8s6xj,142,35
1789056411,processor-79945475-j8q6m,154,35
1789056413,processor-79945475-j8q6m,154,35
1789056415,processor-79945475-j8q6m,154,35
1789056417,processor-79945475-j8q6m,154,35
1789056419,processor-79945475-j8q6m,154,35
1789056422,processor-79945475-j8q6m,154,35
1789056424,processor-79945475-j8q6m,154,35
1789056426,processor-79945475-j8q6m,1,35
1789056428,processor-79945475-j8q6m,1,35
1789056430,processor-79945475-j8q6m,1,35
1789056432,processor-79945475-j8q6m,1,35
1789056434,processor-79945475-j8q6m,1,35
1789056436,processor-79945475-j8q6m,1,35
1789056438,processor-79945475-j8q6m,1,35
1789056441,processor-79945475-j8q6m,1,35
1789056443,processor-79945475-j8q6m,1,35
1789056457,processor-596c57b57f-vvz4c,174,35
1789056459,processor-596c57b57f-vvz4c,174,35
1789056461,processor-596c57b57f-vvz4c,174,35
1789056463,processor-596c57b57f-vvz4c,174,35
1789056465,processor-596c57b57f-vvz4c,174,35
1789056467,processor-596c57b57f-vvz4c,174,35
1789056469,processor-596c57b57f-vvz4c,174,35
1789056471,processor-596c57b57f-vvz4c,3,35
1789056473,processor-596c57b57f-vvz4c,3,35
1789056476,processor-596c57b57f-vvz4c,3,35
1789056478,processor-596c57b57f-vvz4c,3,35
1789056480,processor-596c57b57f-vvz4c,3,35
1789056482,processor-596c57b57f-vvz4c,3,35
1789056484,processor-596c57b57f-vvz4c,3,35
1789056486,processor-596c57b57f-vvz4c,3,35
1789056488,processor-596c57b57f-vvz4c,3,35
1789056490,processor-596c57b57f-vvz4c,3,35
1789056492,processor-596c57b57f-vvz4c,3,35
1789056494,processor-596c57b57f-vvz4c,3,35
1789056497,processor-596c57b57f-vvz4c,3,35
1789056499,processor-596c57b57f-vvz4c,3,35
1789056501,processor-596c57b57f-vvz4c,3,35
1789056503,processor-596c57b57f-vvz4c,3,35
1789056505,processor-596c57b57f-vvz4c,3,35
1789056507,processor-596c57b57f-vvz4c,3,35
1789056509,processor-596c57b57f-vvz4c,3,35
1789056511,processor-596c57b57f-vvz4c,3,35
1789056513,processor-596c57b57f-vvz4c,3,35
1789056515,processor-596c57b57f-vvz4c,3,35
1789056518,processor-596c57b57f-vvz4c,4,35
1789056520,processor-596c57b57f-vvz4c,4,35
1789056522,processor-596c57b57f-vvz4c,4,35
1789056524,processor-596c57b57f-vvz4c,4,35
1789056526,processor-596c57b57f-vvz4c,4,35
1789056528,processor-596c57b57f-vvz4c,4,35
1789056530,processor-596c57b57f-vvz4c,4,35
1789056532,processor-596c57b57f-vvz4c,3,35
1789056534,processor-596c57b57f-vvz4c,3,35
1789056536,processor-596c57b57f-vvz4c,3,35
1789056538,processor-596c57b57f-vvz4c,3,35
1789056541,processor-596c57b57f-vvz4c,3,35
1789056543,processor-596c57b57f-vvz4c,3,35
1789056545,processor-596c57b57f-vvz4c,3,35
1789056547,processor-596c57b57f-vvz4c,3,35
1789056549,processor-596c57b57f-vvz4c,3,35
1789056551,processor-596c57b57f-vvz4c,3,35
1789056553,processor-596c57b57f-vvz4c,3,35
1789056555,processor-596c57b57f-vvz4c,3,35
1789056557,processor-596c57b57f-vvz4c,3,35
1789056559,processor-596c57b57f-vvz4c,3,35
1789056561,processor-596c57b57f-vvz4c,3,35
1789056564,processor-596c57b57f-vvz4c,3,35
1789056566,processor-596c57b57f-vvz4c,3,35
1789056568,processor-596c57b57f-vvz4c,3,35
1789056570,processor-596c57b57f-vvz4c,3,35
1789056572,processor-596c57b57f-vvz4c,3,35
1789056574,processor-596c57b57f-vvz4c,3,35
1789056576,processor-596c57b57f-vvz4c,2,35
1789056578,processor-596c57b57f-vvz4c,2,35
1789056580,processor-596c57b57f-vvz4c,2,35
1789056582,processor-596c57b57f-vvz4c,2,35
1789056584,processor-596c57b57f-vvz4c,2,35
1789056587,processor-596c57b57f-vvz4c,2,35
1789056589,processor-596c57b57f-vvz4c,2,35
1789056591,processor-596c57b57f-vvz4c,3,35
1789056593,processor-596c57b57f-vvz4c,3,35
1789056595,processor-596c57b57f-vvz4c,3,35
1789056597,processor-596c57b57f-vvz4c,3,35
1789056599,processor-596c57b57f-vvz4c,3,35
1789056601,processor-596c57b57f-vvz4c,3,35
1789056603,processor-596c57b57f-vvz4c,3,35
1789056605,processor-596c57b57f-vvz4c,3,35
1789056607,processor-596c57b57f-vvz4c,3,35
1789056610,processor-596c57b57f-vvz4c,3,35
1789056612,processor-596c57b57f-vvz4c,3,35
1789056614,processor-596c57b57f-vvz4c,3,35
1789056616,processor-596c57b57f-vvz4c,3,35
1789056618,processor-596c57b57f-vvz4c,3,35
1789056620,processor-596c57b57f-vvz4c,3,35
1789056622,processor-596c57b57f-vvz4c,3,35
1789056624,processor-596c57b57f-vvz4c,3,35
1789056626,processor-596c57b57f-vvz4c,3,35
1789056628,processor-596c57b57f-vvz4c,3,35
1789056631,processor-596c57b57f-vvz4c,3,35
1789056633,processor-596c57b57f-vvz4c,3,35
1789056635,processor-596c57b57f-vvz4c,3,35
1789056637,processor-596c57b57f-vvz4c,3,35
1789056639,processor-596c57b57f-vvz4c,3,35
1789056641,processor-596c57b57f-vvz4c,3,35
1789056643,processor-596c57b57f-vvz4c,3,35
1789056645,processor-596c57b57f-vvz4c,3,35
1789056647,processor-596c57b57f-vvz4c,3,35
1789056649,processor-596c57b57f-vvz4c,3,35
1789056651,processor-596c57b57f-vvz4c,3,35
1789056654,processor-596c57b57f-vvz4c,3,35
1789056656,processor-596c57b57f-vvz4c,3,35
1789056658,processor-596c57b57f-vvz4c,3,35
1789056660,processor-596c57b57f-vvz4c,3,35
1789056662,processor-596c57b57f-vvz4c,3,35
1789056664,processor-596c57b57f-vvz4c,3,35
1789056666,processor-596c57b57f-vvz4c,3,35
1789056668,processor-596c57b57f-vvz4c,3,35
1789056670,processor-596c57b57f-vvz4c,3,35
1789056672,processor-596c57b57f-vvz4c,3,35
1789056675,processor-596c57b57f-vvz4c,3,35
1789056677,processor-596c57b57f-vvz4c,3,35
1789056679,processor-596c57b57f-vvz4c,3,35
1789056681,processor-596c57b57f-vvz4c,3,35
1789056683,processor-596c57b57f-vvz4c,3,35
1789056685,processor-596c57b57f-vvz4c,3,35
1789056687,processor-596c57b57f-vvz4c,3,35
1789056689,processor-596c57b57f-vvz4c,3,35
1789056691,processor-596c57b57f-vvz4c,3,35
1789056693,processor-596c57b57f-vvz4c,3,35
1789056696,processor-596c57b57f-vvz4c,3,35
1789056698,processor-596c57b57f-vvz4c,3,35
1789056700,processor-596c57b57f-vvz4c,3,35
1789056702,processor-596c57b57f-vvz4c,3,35
1789056704,processor-596c57b57f-vvz4c,3,35
1789056706,processor-596c57b57f-vvz4c,3,35
1789056708,processor-596c57b57f-vvz4c,3,35
1789056710,processor-596c57b57f-vvz4c,3,35
1789056712,processor-596c57b57f-vvz4c,3,35
1789056714,processor-596c57b57f-vvz4c,3,35
1789056716,processor-596c57b57f-vvz4c,3,35
1789056719,processor-596c57b57f-vvz4c,3,35
1789056721,processor-596c57b57f-vvz4c,3,35
1789056723,processor-596c57b57f-vvz4c,3,35
1789056725,processor-596c57b57f-vvz4c,3,35
1789056727,processor-596c57b57f-vvz4c,3,35
1789056729,processor-596c57b57f-vvz4c,3,35
1789056731,processor-596c57b57f-vvz4c,3,35
1789056733,processor-596c57b57f-vvz4c,3,35
1789056735,processor-596c57b57f-vvz4c,3,35
1789056737,processor-596c57b57f-vvz4c,3,35
1789056739,processor-596c57b57f-vvz4c,3,35
1789056742,processor-596c57b57f-vvz4c,3,35
1789056744,processor-596c57b57f-vvz4c,3,35
1789056746,processor-596c57b57f-vvz4c,3,35
1789056748,processor-596c57b57f-vvz4c,3,35
1789056750,processor-596c57b57f-vvz4c,3,35
1789056752,processor-596c57b57f-vvz4c,3,35
1789056754,processor-596c57b57f-vvz4c,3,35
1789056756,processor-596c57b57f-vvz4c,3,35
1789056758,processor-596c57b57f-vvz4c,3,35
1789056760,processor-596c57b57f-vvz4c,3,35
1789056762,processor-596c57b57f-vvz4c,3,35
1789056765,processor-596c57b57f-vvz4c,3,35
1789056767,processor-596c57b57f-vvz4c,3,35
1789056769,processor-596c57b57f-vvz4c,3,35
1789056771,processor-596c57b57f-vvz4c,3,35
1789056773,processor-596c57b57f-vvz4c,3,35
1789056775,processor-596c57b57f-vvz4c,3,35
1789056777,processor-596c57b57f-vvz4c,3,35
1789056779,processor-596c57b57f-vvz4c,3,35
1789056781,processor-596c57b57f-vvz4c,3,35
1789056783,processor-596c57b57f-vvz4c,3,35
1789056786,processor-596c57b57f-vvz4c,3,35
1789056788,processor-596c57b57f-vvz4c,3,35
1789056790,processor-596c57b57f-vvz4c,3,35
1789056792,processor-596c57b57f-vvz4c,3,35
1789056794,processor-596c57b57f-vvz4c,3,35
1789056796,processor-596c57b57f-vvz4c,3,35
1789056798,processor-596c57b57f-vvz4c,3,35
1789056800,processor-596c57b57f-vvz4c,3,35
1789056802,processor-596c57b57f-vvz4c,2,35
1789056804,processor-596c57b57f-vvz4c,2,35
1789056806,processor-596c57b57f-vvz4c,2,35
1789056809,processor-596c57b57f-vvz4c,2,35
1789056811,processor-596c57b57f-vvz4c,2,35
1789056813,processor-596c57b57f-vvz4c,2,35
1789056815,processor-596c57b57f-vvz4c,2,35
1789056817,processor-596c57b57f-vvz4c,3,35
1789056819,processor-596c57b57f-vvz4c,3,35
1789056821,processor-596c57b57f-vvz4c,3,35
1789056823,processor-596c57b57f-vvz4c,3,35
1789056825,processor-596c57b57f-vvz4c,3,35
1789056827,processor-596c57b57f-vvz4c,3,35
1789056830,processor-596c57b57f-vvz4c,3,35
1789056832,processor-596c57b57f-vvz4c,3,35
1789056834,processor-596c57b57f-vvz4c,3,35
1789056836,processor-596c57b57f-vvz4c,3,35
1789056838,processor-596c57b57f-vvz4c,3,35
1789056840,processor-596c57b57f-vvz4c,3,35
1789056842,processor-596c57b57f-vvz4c,3,35
1789056844,processor-596c57b57f-vvz4c,3,35
1789056846,processor-596c57b57f-vvz4c,3,35
1789056848,processor-596c57b57f-vvz4c,3,35
1789056850,processor-596c57b57f-vvz4c,3,35
1789056853,processor-596c57b57f-vvz4c,3,35
1789056855,processor-596c57b57f-vvz4c,3,35
1789056857,processor-596c57b57f-vvz4c,3,35
1789056859,processor-596c57b57f-vvz4c,3,35
1789056861,processor-596c57b57f-vvz4c,3,35
1789056863,processor-596c57b57f-vvz4c,3,35
1789056865,processor-596c57b57f-vvz4c,3,35
1789056867,processor-596c57b57f-vvz4c,3,35
1789056869,processor-596c57b57f-vvz4c,3,35
1789056871,processor-596c57b57f-vvz4c,3,35
1789056873,processor-596c57b57f-vvz4c,3,35
1789056876,processor-596c57b57f-vvz4c,3,35
1789056878,processor-596c57b57f-vvz4c,3,35
1789056880,processor-596c57b57f-vvz4c,3,35
1789056882,processor-596c57b57f-vvz4c,3,35
1789056884,processor-596c57b57f-vvz4c,3,35
1789056886,processor-596c57b57f-vvz4c,3,35
1789056888,processor-596c57b57f-vvz4c,3,35
1789056890,processor-596c57b57f-vvz4c,3,35
1789056892,processor-596c57b57f-vvz4c,3,35
1789056894,processor-596c57b57f-vvz4c,3,35
1789056897,processor-596c57b57f-vvz4c,3,35
1789056899,processor-596c57b57f-vvz4c,3,35
1789056901,processor-596c57b57f-vvz4c,3,35
1789056903,processor-596c57b57f-vvz4c,3,35
1789056905,processor-596c57b57f-vvz4c,3,35
1789056907,processor-596c57b57f-vvz4c,3,35
1789056909,processor-596c57b57f-vvz4c,3,35
1789056911,processor-596c57b57f-vvz4c,3,35
1789056913,processor-596c57b57f-vvz4c,3,35
1789056915,processor-596c57b57f-vvz4c,3,35
1789056917,processor-596c57b57f-vvz4c,3,35
1789056920,processor-596c57b57f-vvz4c,3,35
1789056922,processor-596c57b57f-vvz4c,3,35
1789056924,processor-596c57b57f-vvz4c,3,35
1789056926,processor-596c57b57f-vvz4c,3,35
1789056928,processor-596c57b57f-vvz4c,3,35
1789056930,processor-596c57b57f-vvz4c,3,35
1789056932,processor-596c57b57f-vvz4c,3,35
1789056934,processor-596c57b57f-vvz4c,3,35
1789056936,processor-596c57b57f-vvz4c,2,35
1789056938,processor-596c57b57f-vvz4c,2,35
1789056940,processor-596c57b57f-vvz4c,2,35
1789056943,processor-596c57b57f-vvz4c,2,35
1789056945,processor-596c57b57f-vvz4c,2,35
1789056947,processor-596c57b57f-vvz4c,2,35
1789056949,processor-596c57b57f-vvz4c,2,35
1789056951,processor-596c57b57f-vvz4c,2,35
1789056953,processor-596c57b57f-vvz4c,2,35
1789056955,processor-596c57b57f-vvz4c,2,35
1789056957,processor-596c57b57f-vvz4c,2,35
1789056959,processor-596c57b57f-vvz4c,2,35
1789056961,processor-596c57b57f-vvz4c,2,35
1789056964,processor-596c57b57f-vvz4c,2,35
1789056966,processor-596c57b57f-vvz4c,3,35
1789056968,processor-596c57b57f-vvz4c,3,35
1789056970,processor-596c57b57f-vvz4c,3,35
1789056972,processor-596c57b57f-vvz4c,3,35
1789056974,processor-596c57b57f-vvz4c,3,35
1789056976,processor-596c57b57f-vvz4c,3,35
1789056978,processor-596c57b57f-vvz4c,3,35
1789056980,processor-596c57b57f-vvz4c,3,35
1789056982,processor-596c57b57f-vvz4c,3,35
1789056984,processor-596c57b57f-vvz4c,3,35
1789056987,processor-596c57b57f-vvz4c,3,35
1789056989,processor-596c57b57f-vvz4c,3,35
1789056991,processor-596c57b57f-vvz4c,3,35
1789056993,processor-596c57b57f-vvz4c,3,35
1789056995,processor-596c57b57f-vvz4c,3,35
1789056997,processor-596c57b57f-vvz4c,3,35
1789056999,processor-596c57b57f-vvz4c,3,35
1789057001,processor-596c57b57f-vvz4c,3,35
1789057003,processor-596c57b57f-vvz4c,3,35
1789057005,processor-596c57b57f-vvz4c,3,35
1789057008,processor-596c57b57f-vvz4c,3,35
1789057010,processor-596c57b57f-vvz4c,3,35
1789057012,processor-596c57b57f-vvz4c,3,35
1789057014,processor-596c57b57f-vvz4c,3,35
1789057016,processor-596c57b57f-vvz4c,3,35
1789057018,processor-596c57b57f-vvz4c,3,35
1789057020,processor-596c57b57f-vvz4c,3,35
1789057022,processor-596c57b57f-vvz4c,3,35
1789057024,processor-596c57b57f-vvz4c,3,35
1789057026,processor-596c57b57f-vvz4c,3,35
1789057028,processor-596c57b57f-vvz4c,3,35
1789057031,processor-596c57b57f-vvz4c,3,35
1789057033,processor-596c57b57f-vvz4c,3,35
1789057035,processor-596c57b57f-vvz4c,3,35
1789057037,processor-596c57b57f-vvz4c,3,35
1789057039,processor-596c57b57f-vvz4c,3,35
1789057041,processor-596c57b57f-vvz4c,2,35
1789057043,processor-596c57b57f-vvz4c,2,35
1789057045,processor-596c57b57f-vvz4c,2,35
1789057047,processor-596c57b57f-vvz4c,2,35
1789057049,processor-596c57b57f-vvz4c,2,35
1789057051,processor-596c57b57f-vvz4c,2,35
1789057054,processor-596c57b57f-vvz4c,2,35
1789057056,processor-596c57b57f-vvz4c,2,35
1789057058,processor-596c57b57f-vvz4c,2,35
1789057060,processor-596c57b57f-vvz4c,2,35
1789057062,processor-596c57b57f-vvz4c,2,35
1789057064,processor-596c57b57f-vvz4c,2,35
1789057066,processor-596c57b57f-vvz4c,2,35
1789057068,processor-596c57b57f-vvz4c,2,35
1789057070,processor-596c57b57f-vvz4c,2,35
1789057072,processor-596c57b57f-vvz4c,2,35
1789057074,processor-596c57b57f-vvz4c,2,35
1789057077,processor-596c57b57f-vvz4c,2,35
1789057079,processor-596c57b57f-vvz4c,2,35
1789057081,processor-596c57b57f-vvz4c,2,35
1789057083,processor-596c57b57f-vvz4c,2,35
1789057085,processor-596c57b57f-vvz4c,2,35
1789057087,processor-596c57b57f-vvz4c,2,35
1789057089,processor-596c57b57f-vvz4c,2,35
1789057091,processor-596c57b57f-vvz4c,2,35
1789057093,processor-596c57b57f-vvz4c,2,35
1789057095,processor-596c57b57f-vvz4c,2,35
1789057098,processor-596c57b57f-vvz4c,2,35
1789057100,processor-596c57b57f-vvz4c,2,35
1789057102,processor-596c57b57f-vvz4c,2,35
1789057104,processor-596c57b57f-vvz4c,2,35
1789057106,processor-596c57b57f-vvz4c,2,35
1789057108,processor-596c57b57f-vvz4c,2,35
1789057110,processor-596c57b57f-vvz4c,2,35
1789057112,processor-596c57b57f-vvz4c,2,35
1789057114,processor-596c57b57f-vvz4c,2,35
1789057116,processor-596c57b57f-vvz4c,4,35
1789057119,processor-596c57b57f-vvz4c,4,35
1789057121,processor-596c57b57f-vvz4c,4,35
1789057123,processor-596c57b57f-vvz4c,4,35
1789057125,processor-596c57b57f-vvz4c,4,35
1789057127,processor-596c57b57f-vvz4c,4,35
1789057129,processor-596c57b57f-vvz4c,4,35
1789057131,processor-596c57b57f-vvz4c,3,35
1789057133,processor-596c57b57f-vvz4c,3,35
1789057135,processor-596c57b57f-vvz4c,3,35
1789057137,processor-596c57b57f-vvz4c,3,35
1789057140,processor-596c57b57f-vvz4c,3,35
1789057142,processor-596c57b57f-vvz4c,3,35
1789057144,processor-596c57b57f-vvz4c,3,35
1789057146,processor-596c57b57f-vvz4c,3,35
1789057148,processor-596c57b57f-vvz4c,3,35
1789057150,processor-596c57b57f-vvz4c,3,35
1789057152,processor-596c57b57f-vvz4c,3,35
1789057154,processor-596c57b57f-vvz4c,3,35
1789057156,processor-596c57b57f-vvz4c,3,35
1789057158,processor-596c57b57f-vvz4c,3,35
1789057160,processor-596c57b57f-vvz4c,3,35
1789057163,processor-596c57b57f-vvz4c,3,35
1789057165,processor-596c57b57f-vvz4c,3,35
1789057167,processor-596c57b57f-vvz4c,3,35
1789057169,processor-596c57b57f-vvz4c,3,35
1789057171,processor-596c57b57f-vvz4c,3,35
1789057173,processor-596c57b57f-vvz4c,3,35
1789057175,processor-596c57b57f-vvz4c,3,35
1789057177,processor-596c57b57f-vvz4c,3,35
1789057179,processor-596c57b57f-vvz4c,3,35
1789057181,processor-596c57b57f-vvz4c,3,35
1789057184,processor-596c57b57f-vvz4c,3,35
1789057186,processor-596c57b57f-vvz4c,3,35
1789057188,processor-596c57b57f-vvz4c,3,35
1789057190,processor-596c57b57f-vvz4c,3,35
1789057192,processor-596c57b57f-vvz4c,3,35
1789057194,processor-596c57b57f-vvz4c,3,35
1789057196,processor-596c57b57f-vvz4c,3,35
1789057198,processor-596c57b57f-vvz4c,3,35
1789057200,processor-596c57b57f-vvz4c,3,35
1789057202,processor-596c57b57f-vvz4c,3,35
1789057204,processor-596c57b57f-vvz4c,3,35
1789057207,processor-596c57b57f-vvz4c,3,35
1789057209,processor-596c57b57f-vvz4c,3,35
1789057211,processor-596c57b57f-vvz4c,3,35
1789057213,processor-596c57b57f-vvz4c,3,35
1789057215,processor-596c57b57f-vvz4c,3,35
1789057217,processor-596c57b57f-vvz4c,3,35
1789057219,processor-596c57b57f-vvz4c,3,35
1789057221,processor-596c57b57f-vvz4c,3,35
1789057223,processor-596c57b57f-vvz4c,3,35
1789057225,processor-596c57b57f-vvz4c,3,35
1789057228,processor-596c57b57f-vvz4c,3,35
1789057230,processor-596c57b57f-vvz4c,3,35
1789057232,processor-596c57b57f-vvz4c,3,35
1789057234,processor-596c57b57f-vvz4c,3,35
1789057236,processor-596c57b57f-vvz4c,3,35
1789057238,processor-596c57b57f-vvz4c,3,35
1789057240,processor-596c57b57f-vvz4c,3,35
1789057242,processor-596c57b57f-vvz4c,3,35
1789057244,processor-596c57b57f-vvz4c,3,35
1789057246,processor-596c57b57f-vvz4c,3,35
1789057248,processor-596c57b57f-vvz4c,3,35
1789057251,processor-596c57b57f-vvz4c,2,35
1789057253,processor-596c57b57f-vvz4c,2,35
1789057255,processor-596c57b57f-vvz4c,2,35
1789057257,processor-596c57b57f-vvz4c,2,35
1789057259,processor-596c57b57f-vvz4c,2,35
1789057261,processor-596c57b57f-vvz4c,2,35
1789057263,processor-596c57b57f-vvz4c,2,35
1789057265,processor-596c57b57f-vvz4c,2,35
1789057267,processor-596c57b57f-vvz4c,3,35
1789057269,processor-596c57b57f-vvz4c,3,35
1789057271,processor-596c57b57f-vvz4c,3,35
1789057274,processor-596c57b57f-vvz4c,3,35
1789057276,processor-596c57b57f-vvz4c,3,35
1789057278,processor-596c57b57f-vvz4c,3,35
1789057280,processor-596c57b57f-vvz4c,3,35
1789057282,processor-596c57b57f-vvz4c,3,35
1789057284,processor-596c57b57f-vvz4c,3,35
1789057286,processor-596c57b57f-vvz4c,3,35
1789057288,processor-596c57b57f-vvz4c,3,35
1789057290,processor-596c57b57f-vvz4c,3,35
1789057292,processor-596c57b57f-vvz4c,3,35
1789057295,processor-596c57b57f-vvz4c,3,35
1789057297,processor-596c57b57f-vvz4c,3,35
1789057299,processor-596c57b57f-vvz4c,3,35
1789057301,processor-596c57b57f-vvz4c,3,35
1789057303,processor-596c57b57f-vvz4c,3,35
1789057305,processor-596c57b57f-vvz4c,3,35
1789057307,processor-596c57b57f-vvz4c,3,35
1789057309,processor-596c57b57f-vvz4c,3,35
1789057311,processor-596c57b57f-vvz4c,3,35
1789057314,processor-596c57b57f-vvz4c,3,35
1789057316,processor-596c57b57f-vvz4c,3,35
1789057318,processor-596c57b57f-vvz4c,3,35
1789057320,processor-596c57b57f-vvz4c,3,35
1789057322,processor-596c57b57f-vvz4c,3,35
1789057324,processor-596c57b57f-vvz4c,3,35
1789057326,processor-596c57b57f-vvz4c,2,35
1789057328,processor-596c57b57f-vvz4c,2,35
1789057330,processor-596c57b57f-vvz4c,2,35
1789057332,processor-596c57b57f-vvz4c,2,35
1789057334,processor-596c57b57f-vvz4c,2,35
1789057337,processor-596c57b57f-vvz4c,2,35
1789057339,processor-596c57b57f-vvz4c,2,35
1789057341,processor-596c57b57f-vvz4c,3,35
1789057343,processor-596c57b57f-vvz4c,3,35
1789057345,processor-596c57b57f-vvz4c,3,35
1789057347,processor-596c57b57f-vvz4c,3,35
1789057349,processor-596c57b57f-vvz4c,3,35
1789057351,processor-596c57b57f-vvz4c,3,35
1789057353,processor-596c57b57f-vvz4c,3,35
1789057355,processor-596c57b57f-vvz4c,3,35
1789057357,processor-596c57b57f-vvz4c,3,35
1789057360,processor-596c57b57f-vvz4c,3,35
1789057362,processor-596c57b57f-vvz4c,3,35
1789057364,processor-596c57b57f-vvz4c,3,35
1789057366,processor-596c57b57f-vvz4c,3,35
1789057368,processor-596c57b57f-vvz4c,3,35
1789057370,processor-596c57b57f-vvz4c,3,35
1789057372,processor-596c57b57f-vvz4c,3,35
1789057374,processor-596c57b57f-vvz4c,3,35
1789057376,processor-596c57b57f-vvz4c,3,35
1789057378,processor-596c57b57f-vvz4c,3,35
1789057381,processor-596c57b57f-vvz4c,3,35
1789057383,processor-596c57b57f-vvz4c,3,35
1789057385,processor-596c57b57f-vvz4c,3,35
1789057387,processor-596c57b57f-vvz4c,3,35
1789057389,processor-596c57b57f-vvz4c,3,35
1789057391,processor-596c57b57f-vvz4c,3,35
1789057393,processor-596c57b57f-vvz4c,3,35
1789057395,processor-596c57b57f-vvz4c,3,35
1789057397,processor-596c57b57f-vvz4c,3,35
1789057399,processor-596c57b57f-vvz4c,3,35
1789057401,processor-596c57b57f-vvz4c,3,35
1789057404,processor-596c57b57f-vvz4c,3,35
1789057406,processor-596c57b57f-vvz4c,3,35
1789057408,processor-596c57b57f-vvz4c,3,35
1789057410,processor-596c57b57f-vvz4c,3,35
1789057412,processor-596c57b57f-vvz4c,3,35
1789057414,processor-596c57b57f-vvz4c,3,35
1789057416,processor-596c57b57f-vvz4c,3,35
1789057418,processor-596c57b57f-vvz4c,3,35
1789057420,processor-596c57b57f-vvz4c,3,35
1789057422,processor-596c57b57f-vvz4c,3,35
1789057424,processor-596c57b57f-vvz4c,3,35
1789057427,processor-596c57b57f-vvz4c,3,35
1789057429,processor-596c57b57f-vvz4c,3,35
1789057431,processor-596c57b57f-vvz4c,3,35
1789057433,processor-596c57b57f-vvz4c,3,35
1789057435,processor-596c57b57f-vvz4c,3,35
1789057437,processor-596c57b57f-vvz4c,3,35
1789057439,processor-596c57b57f-vvz4c,3,35
1789057441,processor-596c57b57f-vvz4c,3,35
1789057443,processor-596c57b57f-vvz4c,3,35
1789057445,processor-596c57b57f-vvz4c,3,35
1789057447,processor-596c57b57f-vvz4c,3,35
1789057450,processor-596c57b57f-vvz4c,3,35
1789057452,processor-596c57b57f-vvz4c,3,35
1789057454,processor-596c57b57f-vvz4c,3,35
1789057456,processor-596c57b57f-vvz4c,3,35
1789057458,processor-596c57b57f-vvz4c,3,35
1789057460,processor-596c57b57f-vvz4c,3,35
1789057462,processor-596c57b57f-vvz4c,3,35
1789057464,processor-596c57b57f-vvz4c,3,35
1789057466,processor-596c57b57f-vvz4c,3,35
1789057468,processor-596c57b57f-vvz4c,3,35
1789057471,processor-596c57b57f-vvz4c,3,35
1789057473,processor-596c57b57f-vvz4c,3,35
1789057475,processor-596c57b57f-vvz4c,3,35
1789057477,processor-596c57b57f-vvz4c,3,35
1789057479,processor-596c57b57f-vvz4c,3,35
1789057481,processor-596c57b57f-vvz4c,3,35
1789057483,processor-596c57b57f-vvz4c,3,35
1789057485,processor-596c57b57f-vvz4c,3,35
1789057487,processor-596c57b57f-vvz4c,3,35
1789057489,processor-596c57b57f-vvz4c,3,35
1789057491,processor-596c57b57f-vvz4c,3,35
1789057494,processor-596c57b57f-vvz4c,3,35
1789057496,processor-596c57b57f-vvz4c,3,35
1789057498,processor-596c57b57f-vvz4c,3,35
1789057500,processor-596c57b57f-vvz4c,3,35
1789057502,processor-596c57b57f-vvz4c,3,35
1789057504,processor-596c57b57f-vvz4c,3,35
1789057506,processor-596c57b57f-vvz4c,3,35
1789057508,processor-596c57b57f-vvz4c,3,35
1789057510,processor-596c57b57f-vvz4c,3,35
1789057512,processor-596c57b57f-vvz4c,3,35
1789057514,processor-596c57b57f-vvz4c,3,35
1789057517,processor-596c57b57f-vvz4c,3,35
1789057519,processor-596c57b57f-vvz4c,3,35
1789057521,processor-596c57b57f-vvz4c,3,35
1789057523,processor-596c57b57f-vvz4c,3,35
1789057525,processor-596c57b57f-vvz4c,3,35
1789057527,processor-596c57b57f-vvz4c,3,35
1789057529,processor-596c57b57f-vvz4c,3,35
1789057531,processor-596c57b57f-vvz4c,3,35
1789057533,processor-596c57b57f-vvz4c,3,35
1789057535,processor-596c57b57f-vvz4c,3,35
1789057538,processor-596c57b57f-vvz4c,3,35
1789057540,processor-596c57b57f-vvz4c,3,35
1789057542,processor-596c57b57f-vvz4c,3,35
1789057544,processor-596c57b57f-vvz4c,3,35
1789057546,processor-596c57b57f-vvz4c,3,35
1789057548,processor-596c57b57f-vvz4c,3,35
1789057550,processor-596c57b57f-vvz4c,3,35
1789057552,processor-596c57b57f-vvz4c,3,35
1789057554,processor-596c57b57f-vvz4c,3,35
1789057556,processor-596c57b57f-vvz4c,3,35
1789057558,processor-596c57b57f-vvz4c,3,35
1789057561,processor-596c57b57f-vvz4c,3,35
1789057563,processor-596c57b57f-vvz4c,3,35
1789057565,processor-596c57b57f-vvz4c,3,35
1789057567,processor-596c57b57f-vvz4c,3,35
1789057569,processor-596c57b57f-vvz4c,3,35
1789057571,processor-596c57b57f-vvz4c,3,35
1789057573,processor-596c57b57f-vvz4c,3,35
1789057575,processor-596c57b57f-vvz4c,3,35
1789057577,processor-596c57b57f-vvz4c,3,35
1789057579,processor-596c57b57f-vvz4c,3,35
1789057582,processor-596c57b57f-vvz4c,3,35
1789057584,processor-596c57b57f-vvz4c,3,35
1789057586,processor-596c57b57f-vvz4c,3,35
1789057588,processor-596c57b57f-vvz4c,3,35
1789057590,processor-596c57b57f-vvz4c,3,35
1789057592,processor-596c57b57f-vvz4c,3,35
1789057594,processor-596c57b57f-vvz4c,3,35
1789057596,processor-596c57b57f-vvz4c,3,35
1789057598,processor-596c57b57f-vvz4c,3,35
1789057600,processor-596c57b57f-vvz4c,3,35
1789057602,processor-596c57b57f-vvz4c,3,35
1789057605,processor-596c57b57f-vvz4c,3,35
1789057607,processor-596c57b57f-vvz4c,3,35
1789057609,processor-596c57b57f-vvz4c,3,35
1789057611,processor-596c57b57f-vvz4c,3,35
1789057613,processor-596c57b57f-vvz4c,3,35
1789057615,processor-596c57b57f-vvz4c,3,35
1789057617,processor-596c57b57f-vvz4c,3,35
1789057619,processor-596c57b57f-vvz4c,3,35
1789057621,processor-596c57b57f-vvz4c,3,35
1789057623,processor-596c57b57f-vvz4c,3,35
1789057626,processor-596c57b57f-vvz4c,3,35
1789057628,processor-596c57b57f-vvz4c,3,35
1789057630,processor-596c57b57f-vvz4c,3,35
1789057632,processor-596c57b57f-vvz4c,3,35
1789057634,processor-596c57b57f-vvz4c,3,35
1789057636,processor-596c57b57f-vvz4c,3,35
1789057638,processor-596c57b57f-vvz4c,3,35
1789057640,processor-596c57b57f-vvz4c,3,35
1789057642,processor-596c57b57f-vvz4c,3,35
1789057644,processor-596c57b57f-vvz4c,3,35
1789057646,processor-596c57b57f-vvz4c,3,35
1789057649,processor-596c57b57f-vvz4c,3,35
1789057651,processor-596c57b57f-vvz4c,3,35
1789057653,processor-596c57b57f-vvz4c,3,35
1789057655,processor-596c57b57f-vvz4c,3,35
1789057657,processor-596c57b57f-vvz4c,3,35
1789057659,processor-596c57b57f-vvz4c,3,35
1789057661,processor-596c57b57f-vvz4c,3,35
1789057663,processor-596c57b57f-vvz4c,3,35
1789057665,processor-596c57b57f-vvz4c,3,35
1789057667,processor-596c57b57f-vvz4c,3,35
1789057669,processor-596c57b57f-vvz4c,3,35
1789057672,processor-596c57b57f-vvz4c,3,35
1789057674,processor-596c57b57f-vvz4c,3,35
1789057676,processor-596c57b57f-vvz4c,3,35
1789057678,processor-596c57b57f-vvz4c,3,35
1789057680,processor-596c57b57f-vvz4c,3,35
1789057682,processor-596c57b57f-vvz4c,3,35
1789057684,processor-596c57b57f-vvz4c,3,35
1789057686,processor-596c57b57f-vvz4c,3,35
1789057688,processor-596c57b57f-vvz4c,3,35
1789057690,processor-596c57b57f-vvz4c,3,35
1789057693,processor-596c57b57f-vvz4c,3,35
1789057695,processor-596c57b57f-vvz4c,3,35
1789057697,processor-596c57b57f-vvz4c,3,35
1789057699,processor-596c57b57f-vvz4c,3,35
1789057701,processor-596c57b57f-vvz4c,3,35
1789057703,processor-596c57b57f-vvz4c,3,35
1789057705,processor-596c57b57f-vvz4c,3,35
1789057707,processor-596c57b57f-vvz4c,3,35
1789057709,processor-596c57b57f-vvz4c,3,35
1789057711,processor-596c57b57f-vvz4c,3,35
1789057713,processor-596c57b57f-vvz4c,3,35
1789057716,processor-596c57b57f-vvz4c,3,35
1789057718,processor-596c57b57f-vvz4c,3,35
1789057720,processor-596c57b57f-vvz4c,3,35
1789057722,processor-596c57b57f-vvz4c,3,35
1789057724,processor-596c57b57f-vvz4c,3,35
1789057726,processor-596c57b57f-vvz4c,3,35
1789057728,processor-596c57b57f-vvz4c,3,35
1789057730,processor-596c57b57f-vvz4c,3,35
1789057732,processor-596c57b57f-vvz4c,3,35
1789057734,processor-596c57b57f-vvz4c,3,35
1789057736,processor-596c57b57f-vvz4c,3,35
1789057739,processor-596c57b57f-vvz4c,3,35
1789057741,processor-596c57b57f-vvz4c,3,35
1789057743,processor-596c57b57f-vvz4c,3,35
1789057745,processor-596c57b57f-vvz4c,3,35
1789057747,processor-596c57b57f-vvz4c,3,35
1789057749,processor-596c57b57f-vvz4c,3,35
1789057751,processor-596c57b57f-vvz4c,3,35
1789057753,processor-596c57b57f-vvz4c,3,35
1789057755,processor-596c57b57f-vvz4c,3,35
1789057757,processor-596c57b57f-vvz4c,3,35
1789057760,processor-596c57b57f-vvz4c,3,35
1789057762,processor-596c57b57f-vvz4c,3,35
1789057764,processor-596c57b57f-vvz4c,3,35
1789057766,processor-596c57b57f-vvz4c,3,35
1789057768,processor-596c57b57f-vvz4c,3,35
1789057770,processor-596c57b57f-vvz4c,3,35
1789057772,processor-596c57b57f-vvz4c,3,35
1789057774,processor-596c57b57f-vvz4c,3,35
1789057776,processor-596c57b57f-vvz4c,3,35
1789057778,processor-596c57b57f-vvz4c,3,35
1789057780,processor-596c57b57f-vvz4c,3,35
1789057783,processor-596c57b57f-vvz4c,3,35
1789057785,processor-596c57b57f-vvz4c,3,35
1789057787,processor-596c57b57f-vvz4c,3,35
1789057789,processor-596c57b57f-vvz4c,3,35
1789057791,processor-596c57b57f-vvz4c,3,35
1789057793,processor-596c57b57f-vvz4c,3,35
1789057795,processor-596c57b57f-vvz4c,3,35
1789057797,processor-596c57b57f-vvz4c,3,35
1789057799,processor-596c57b57f-vvz4c,3,35
1789057801,processor-596c57b57f-vvz4c,3,35
1789057804,processor-596c57b57f-vvz4c,3,35
1789057806,processor-596c57b57f-vvz4c,3,35
1789057808,processor-596c57b57f-vvz4c,3,35
1789057810,processor-596c57b57f-vvz4c,3,35
1789057812,processor-596c57b57f-vvz4c,3,35
1789057814,processor-596c57b57f-vvz4c,3,35
1789057816,processor-596c57b57f-vvz4c,3,35
1789057818,processor-596c57b57f-vvz4c,3,35
1789057820,processor-596c57b57f-vvz4c,3,35
1789057822,processor-596c57b57f-vvz4c,3,35
1789057824,processor-596c57b57f-vvz4c,3,35
1789057827,processor-596c57b57f-vvz4c,3,35
1789057829,processor-596c57b57f-vvz4c,3,35
1789057831,processor-596c57b57f-vvz4c,3,35
1789057833,processor-596c57b57f-vvz4c,3,35
1789057835,processor-596c57b57f-vvz4c,3,35
1789057837,processor-596c57b57f-vvz4c,3,35
1789057839,processor-596c57b57f-vvz4c,3,35
1789057841,processor-596c57b57f-vvz4c,3,35
1789057843,processor-596c57b57f-vvz4c,3,35
1789057845,processor-596c57b57f-vvz4c,3,35
1789057847,processor-596c57b57f-vvz4c,3,35
1789057850,processor-596c57b57f-vvz4c,3,35
1789057852,processor-596c57b57f-vvz4c,3,35
1789057854,processor-596c57b57f-vvz4c,3,35
1789057856,processor-596c57b57f-vvz4c,3,35
1789057858,processor-596c57b57f-vvz4c,3,35
1789057860,processor-596c57b57f-vvz4c,3,35
1789057862,processor-596c57b57f-vvz4c,3,35
1789057864,processor-596c57b57f-vvz4c,3,35
1789057866,processor-596c57b57f-vvz4c,3,35
1789057868,processor-596c57b57f-vvz4c,3,35
1789057870,processor-596c57b57f-vvz4c,3,35
1789057873,processor-596c57b57f-vvz4c,3,35
1789057875,processor-596c57b57f-vvz4c,3,35
1789057877,processor-596c57b57f-vvz4c,3,35
1789057879,processor-596c57b57f-vvz4c,3,35
1789057881,processor-596c57b57f-vvz4c,3,35
1789057883,processor-596c57b57f-vvz4c,3,35
1789057885,processor-596c57b57f-vvz4c,3,35
1789057887,processor-596c57b57f-vvz4c,3,35
1789057889,processor-596c57b57f-vvz4c,3,35
1789057891,processor-596c57b57f-vvz4c,3,35
1789057894,processor-596c57b57f-vvz4c,3,35
1789057896,processor-596c57b57f-vvz4c,3,35
1789057898,processor-596c57b57f-vvz4c,3,35
1789057900,processor-596c57b57f-vvz4c,3,35
1789057902,processor-596c57b57f-vvz4c,3,35
1789057904,processor-596c57b57f-vvz4c,3,35
1789057906,processor-596c57b57f-vvz4c,3,35
1789057908,processor-596c57b57f-vvz4c,3,35
1789057910,processor-596c57b57f-vvz4c,3,35
1789057912,processor-596c57b57f-vvz4c,3,35
1789057914,processor-596c57b57f-vvz4c,3,35
1789057917,processor-596c57b57f-vvz4c,3,35
1789057919,processor-596c57b57f-vvz4c,3,35
1789057921,processor-596c57b57f-vvz4c,3,35
1789057923,processor-596c57b57f-vvz4c,3,35
1789057925,processor-596c57b57f-vvz4c,3,35
1789057927,processor-596c57b57f-vvz4c,3,35
1789057929,processor-596c57b57f-vvz4c,3,35
1789057931,processor-596c57b57f-vvz4c,3,35
1789057933,processor-596c57b57f-vvz4c,3,35
1789057935,processor-596c57b57f-vvz4c,3,35
1789057938,processor-596c57b57f-vvz4c,3,35
1789057940,processor-596c57b57f-vvz4c,3,35
1789057942,processor-596c57b57f-vvz4c,3,35
1789057944,processor-596c57b57f-vvz4c,3,35
1789057946,processor-596c57b57f-vvz4c,3,35
1789057948,processor-596c57b57f-vvz4c,3,35
1789057950,processor-596c57b57f-vvz4c,3,35
1789057952,processor-596c57b57f-vvz4c,3,35
1789057954,processor-596c57b57f-vvz4c,3,35
1789057956,processor-596c57b57f-vvz4c,3,35
1789057958,processor-596c57b57f-vvz4c,3,35
1789057961,processor-596c57b57f-vvz4c,3,35
1789057963,processor-596c57b57f-vvz4c,3,35
1789057965,processor-596c57b57f-vvz4c,3,35
1789057967,processor-596c57b57f-vvz4c,3,35
1789057969,processor-596c57b57f-vvz4c,3,35
1789057971,processor-596c57b57f-vvz4c,3,35
1789057973,processor-596c57b57f-vvz4c,3,35
1789057975,processor-596c57b57f-vvz4c,3,35
1789057977,processor-596c57b57f-vvz4c,3,35
1789057979,processor-596c57b57f-vvz4c,3,35
1789057981,processor-596c57b57f-vvz4c,3,35
1789057984,processor-596c57b57f-vvz4c,3,35
1789057986,processor-596c57b57f-vvz4c,3,35
1789057988,processor-596c57b57f-vvz4c,3,35
1789057990,processor-596c57b57f-vvz4c,3,35
1789057992,processor-596c57b57f-vvz4c,3,35
1789057994,processor-596c57b57f-vvz4c,3,35
1789057996,processor-596c57b57f-vvz4c,3,35
1789057998,processor-596c57b57f-vvz4c,3,35
1789058000,processor-596c57b57f-vvz4c,3,35
1789058002,processor-596c57b57f-vvz4c,3,35
1789058005,processor-596c57b57f-vvz4c,3,35
1789058007,processor-596c57b57f-vvz4c,3,35
1789058009,processor-596c57b57f-vvz4c,3,35
1789058011,processor-596c57b57f-vvz4c,3,35
1789058013,processor-596c57b57f-vvz4c,3,35
1789058015,processor-596c57b57f-vvz4c,3,35
1789058017,processor-596c57b57f-vvz4c,3,35
1789058019,processor-596c57b57f-vvz4c,3,35
1789058021,processor-596c57b57f-vvz4c,3,35
1789058023,processor-596c57b57f-vvz4c,3,35
1789058025,processor-596c57b57f-vvz4c,3,35
1789058028,processor-596c57b57f-vvz4c,3,35
1789058030,processor-596c57b57f-vvz4c,3,35
1789058032,processor-596c57b57f-vvz4c,3,35
1789058034,processor-596c57b57f-vvz4c,3,35
1789058036,processor-596c57b57f-vvz4c,3,35
1789058038,processor-596c57b57f-vvz4c,3,35
1789058040,processor-596c57b57f-vvz4c,3,35
1789058042,processor-596c57b57f-vvz4c,3,35
1789058044,processor-596c57b57f-vvz4c,3,35
1789058046,processor-596c57b57f-vvz4c,3,35
1789058048,processor-596c57b57f-vvz4c,3,35
1789058051,processor-596c57b57f-vvz4c,3,35
1789058053,processor-596c57b57f-vvz4c,3,35
1789058055,processor-596c57b57f-vvz4c,3,35
1789058057,processor-596c57b57f-vvz4c,3,35
1789058059,processor-596c57b57f-vvz4c,3,35
1789058061,processor-596c57b57f-vvz4c,3,35
1789058063,processor-596c57b57f-vvz4c,3,35
1789058065,processor-596c57b57f-vvz4c,3,35
1789058067,processor-596c57b57f-vvz4c,3,35
1789058069,processor-596c57b57f-vvz4c,3,35
1789058072,processor-596c57b57f-vvz4c,3,35
1789058074,processor-596c57b57f-vvz4c,3,35
1789058076,processor-596c57b57f-vvz4c,3,35
1789058078,processor-596c57b57f-vvz4c,3,35
1789058080,processor-596c57b57f-vvz4c,3,35
1789058082,processor-596c57b57f-vvz4c,3,35
1789058084,processor-596c57b57f-vvz4c,3,35
1789058086,processor-596c57b57f-vvz4c,3,35
1789058088,processor-596c57b57f-vvz4c,3,35
1789058090,processor-596c57b57f-vvz4c,3,35
1789058092,processor-596c57b57f-vvz4c,3,35
1789058095,processor-596c57b57f-vvz4c,3,35
1789058097,processor-596c57b57f-vvz4c,3,35
1789058099,processor-596c57b57f-vvz4c,3,35
1789058101,processor-596c57b57f-vvz4c,3,35
1789058103,processor-596c57b57f-vvz4c,3,35
1789058105,processor-596c57b57f-vvz4c,3,35
1789058107,processor-596c57b57f-vvz4c,3,35
1789058109,processor-596c57b57f-vvz4c,3,35
1789058111,processor-596c57b57f-vvz4c,3,35
1789058113,processor-596c57b57f-vvz4c,3,35
1789058116,processor-596c57b57f-vvz4c,3,35
1789058118,processor-596c57b57f-vvz4c,3,35
1789058120,processor-596c57b57f-vvz4c,3,35
1789058122,processor-596c57b57f-vvz4c,3,35
1789058124,processor-596c57b57f-vvz4c,3,35
1789058126,processor-596c57b57f-vvz4c,3,35
1789058128,processor-596c57b57f-vvz4c,3,35
1789058130,processor-596c57b57f-vvz4c,3,35
1789058132,processor-596c57b57f-vvz4c,3,35
1789058134,processor-596c57b57f-vvz4c,3,35
1789058136,processor-596c57b57f-vvz4c,3,35
1789058139,processor-596c57b57f-vvz4c,3,35
1789058141,processor-596c57b57f-vvz4c,3,35
1789058143,processor-596c57b57f-vvz4c,3,35
1789058145,processor-596c57b57f-vvz4c,3,35
1789058147,processor-596c57b57f-vvz4c,3,35
1789058149,processor-596c57b57f-vvz4c,3,35
1789058151,processor-596c57b57f-vvz4c,3,35
1789058153,processor-596c57b57f-vvz4c,3,35
1789058155,processor-596c57b57f-vvz4c,3,35
1789058157,processor-596c57b57f-vvz4c,3,35
1789058159,processor-596c57b57f-vvz4c,3,35
1789058162,processor-596c57b57f-vvz4c,3,35
1789058164,processor-596c57b57f-vvz4c,3,35
1789058166,processor-596c57b57f-vvz4c,3,35
1789058168,processor-596c57b57f-vvz4c,3,35
1789058170,processor-596c57b57f-vvz4c,3,35
1789058172,processor-596c57b57f-vvz4c,3,35
1789058174,processor-596c57b57f-vvz4c,3,35
1789058176,processor-596c57b57f-vvz4c,3,35
1789058178,processor-596c57b57f-vvz4c,3,35
1789058180,processor-596c57b57f-vvz4c,3,35
1789058183,processor-596c57b57f-vvz4c,3,35
1789058185,processor-596c57b57f-vvz4c,3,35
1789058187,processor-596c57b57f-vvz4c,3,35
1789058189,processor-596c57b57f-vvz4c,3,35
1789058191,processor-596c57b57f-vvz4c,3,35
1789058193,processor-596c57b57f-vvz4c,3,35
1789058195,processor-596c57b57f-vvz4c,3,35
1789058197,processor-596c57b57f-vvz4c,2,35
1789058199,processor-596c57b57f-vvz4c,2,35
1789058201,processor-596c57b57f-vvz4c,2,35
1789058203,processor-596c57b57f-vvz4c,2,35
1789058206,processor-596c57b57f-vvz4c,2,35
1789058208,processor-596c57b57f-vvz4c,2,35
1789058210,processor-596c57b57f-vvz4c,2,35
1789058212,processor-596c57b57f-vvz4c,3,35
1789058214,processor-596c57b57f-vvz4c,3,35
1789058216,processor-596c57b57f-vvz4c,3,35
1789058218,processor-596c57b57f-vvz4c,3,35
1789058220,processor-596c57b57f-vvz4c,3,35
1789058222,processor-596c57b57f-vvz4c,3,35
1789058224,processor-596c57b57f-vvz4c,3,35
1789058226,processor-596c57b57f-vvz4c,3,35
1789058229,processor-596c57b57f-vvz4c,3,35
1789058231,processor-596c57b57f-vvz4c,3,35
1789058233,processor-596c57b57f-vvz4c,3,35
1789058235,processor-596c57b57f-vvz4c,3,35
1789058237,processor-596c57b57f-vvz4c,3,35
1789058239,processor-596c57b57f-vvz4c,3,35
1789058241,processor-596c57b57f-vvz4c,3,35
1789058243,processor-596c57b57f-vvz4c,3,35
1789058245,processor-596c57b57f-vvz4c,3,35
1789058247,processor-596c57b57f-vvz4c,3,35
1789058250,processor-596c57b57f-vvz4c,3,35
1789058252,processor-596c57b57f-vvz4c,3,35
1789058254,processor-596c57b57f-vvz4c,3,35
1789058256,processor-596c57b57f-vvz4c,3,35
1789058258,processor-596c57b57f-vvz4c,3,35
1789058260,processor-596c57b57f-vvz4c,3,35
1789058262,processor-596c57b57f-vvz4c,3,35
1789058264,processor-596c57b57f-vvz4c,3,35
1789058266,processor-596c57b57f-vvz4c,3,35
1789058268,processor-596c57b57f-vvz4c,3,35
1789058270,processor-596c57b57f-vvz4c,3,35
1789058273,processor-596c57b57f-vvz4c,3,35
1789058275,processor-596c57b57f-vvz4c,3,35
1789058277,processor-596c57b57f-vvz4c,3,35
1789058279,processor-596c57b57f-vvz4c,3,35
1789058281,processor-596c57b57f-vvz4c,3,35
1789058283,processor-596c57b57f-vvz4c,3,35
1789058285,processor-596c57b57f-vvz4c,3,35
1789058287,processor-596c57b57f-vvz4c,3,35
1789058289,processor-596c57b57f-vvz4c,3,35
1789058291,processor-596c57b57f-vvz4c,3,35
1789058294,processor-596c57b57f-vvz4c,3,35
1789058296,processor-596c57b57f-vvz4c,3,35
1789058298,processor-596c57b57f-vvz4c,3,35
1789058300,processor-596c57b57f-vvz4c,3,35
1789058302,processor-596c57b57f-vvz4c,3,35
1789058304,processor-596c57b57f-vvz4c,3,35
1789058306,processor-596c57b57f-vvz4c,3,35
1789058308,processor-596c57b57f-vvz4c,3,35
1789058310,processor-596c57b57f-vvz4c,3,35
1789058312,processor-596c57b57f-vvz4c,3,35
1789058314,processor-596c57b57f-vvz4c,3,35
1789058317,processor-596c57b57f-vvz4c,3,35
1789058319,processor-596c57b57f-vvz4c,3,35
1789058321,processor-596c57b57f-vvz4c,3,35
1789058323,processor-596c57b57f-vvz4c,3,35
1789058325,processor-596c57b57f-vvz4c,3,35
1789058327,processor-596c57b57f-vvz4c,3,35
1789058329,processor-596c57b57f-vvz4c,3,35
1789058331,processor-596c57b57f-vvz4c,3,35
1789058333,processor-596c57b57f-vvz4c,3,35
1789058335,processor-596c57b57f-vvz4c,3,35
1789058338,processor-596c57b57f-vvz4c,3,35
1789058340,processor-596c57b57f-vvz4c,3,35
1789058342,processor-596c57b57f-vvz4c,3,35
1789058344,processor-596c57b57f-vvz4c,3,35
1789058346,processor-596c57b57f-vvz4c,3,35
1789058348,processor-596c57b57f-vvz4c,3,35
1789058350,processor-596c57b57f-vvz4c,3,35
1789058352,processor-596c57b57f-vvz4c,3,35
1789058354,processor-596c57b57f-vvz4c,3,35
1789058356,processor-596c57b57f-vvz4c,3,35
1789058358,processor-596c57b57f-vvz4c,3,35
1789058361,processor-596c57b57f-vvz4c,3,35
1789058363,processor-596c57b57f-vvz4c,3,35
1789058365,processor-596c57b57f-vvz4c,3,35
1789058367,processor-596c57b57f-vvz4c,3,35
1789058369,processor-596c57b57f-vvz4c,3,35
1789058371,processor-596c57b57f-vvz4c,3,35
1789058373,processor-596c57b57f-vvz4c,3,35
1789058375,processor-596c57b57f-vvz4c,3,35
1789058377,processor-596c57b57f-vvz4c,3,35
1789058379,processor-596c57b57f-vvz4c,3,35
1789058382,processor-596c57b57f-vvz4c,3,35
1789058384,processor-596c57b57f-vvz4c,3,35
1789058386,processor-596c57b57f-vvz4c,3,35
1789058388,processor-596c57b57f-vvz4c,3,35
1789058390,processor-596c57b57f-vvz4c,3,35
1789058392,processor-596c57b57f-vvz4c,3,35
1789058394,processor-596c57b57f-vvz4c,3,35
1789058396,processor-596c57b57f-vvz4c,3,35
1789058398,processor-596c57b57f-vvz4c,3,35
1789058400,processor-596c57b57f-vvz4c,3,35
1789058402,processor-596c57b57f-vvz4c,3,35
1789058405,processor-596c57b57f-vvz4c,3,35
1789058407,processor-596c57b57f-vvz4c,3,35
1789058409,processor-596c57b57f-vvz4c,3,35
1789058411,processor-596c57b57f-vvz4c,3,35
1789058413,processor-596c57b57f-vvz4c,3,35
1789058415,processor-596c57b57f-vvz4c,3,35
1789058417,processor-596c57b57f-vvz4c,3,35
1789058419,processor-596c57b57f-vvz4c,3,35
1789058421,processor-596c57b57f-vvz4c,3,35
1789058423,processor-596c57b57f-vvz4c,3,35
1789058425,processor-596c57b57f-vvz4c,3,35
1789058428,processor-596c57b57f-vvz4c,3,35
1789058430,processor-596c57b57f-vvz4c,3,35
1789058432,processor-596c57b57f-vvz4c,3,35
1789058434,processor-596c57b57f-vvz4c,3,35
1789058436,processor-596c57b57f-vvz4c,3,35
1789058438,processor-596c57b57f-vvz4c,3,35
1789058440,processor-596c57b57f-vvz4c,3,35
1789058442,processor-596c57b57f-vvz4c,3,35
1789058444,processor-596c57b57f-vvz4c,3,35
1789058446,processor-596c57b57f-vvz4c,3,35
1789058449,processor-596c57b57f-vvz4c,3,35
1789058451,processor-596c57b57f-vvz4c,3,35
1789058453,processor-596c57b57f-vvz4c,3,35
1789058455,processor-596c57b57f-vvz4c,3,35
1789058457,processor-596c57b57f-vvz4c,3,35
1789058459,processor-596c57b57f-vvz4c,3,35
1789058461,processor-596c57b57f-vvz4c,3,35
1789058463,processor-596c57b57f-vvz4c,3,35
1789058465,processor-596c57b57f-vvz4c,3,35
1789058467,processor-596c57b57f-vvz4c,3,35
1789058470,processor-596c57b57f-vvz4c,3,35
1789058472,processor-596c57b57f-vvz4c,3,35
1789058474,processor-596c57b57f-vvz4c,3,35
1789058476,processor-596c57b57f-vvz4c,3,35
1789058478,processor-596c57b57f-vvz4c,3,35
1789058480,processor-596c57b57f-vvz4c,3,35
1789058482,processor-596c57b57f-vvz4c,3,35
1789058484,processor-596c57b57f-vvz4c,3,35
1789058486,processor-596c57b57f-vvz4c,3,35
1789058488,processor-596c57b57f-vvz4c,3,35
1789058490,processor-596c57b57f-vvz4c,3,35
1789058493,processor-596c57b57f-vvz4c,3,35
1789058495,processor-596c57b57f-vvz4c,3,35
1789058497,processor-596c57b57f-vvz4c,2,35
1789058499,processor-596c57b57f-vvz4c,2,35
1789058501,processor-596c57b57f-vvz4c,2,35
1789058503,processor-596c57b57f-vvz4c,2,35
1789058505,processor-596c57b57f-vvz4c,2,35
1789058507,processor-596c57b57f-vvz4c,2,35
1789058509,processor-596c57b57f-vvz4c,2,35
1789058511,processor-596c57b57f-vvz4c,3,35
1789058513,processor-596c57b57f-vvz4c,3,35
1789058516,processor-596c57b57f-vvz4c,3,35
1789058518,processor-596c57b57f-vvz4c,3,35
1789058520,processor-596c57b57f-vvz4c,3,35
1789058522,processor-596c57b57f-vvz4c,3,35
1789058524,processor-596c57b57f-vvz4c,3,35
1789058526,processor-596c57b57f-vvz4c,3,35
1789058528,processor-596c57b57f-vvz4c,3,35
1789058530,processor-596c57b57f-vvz4c,3,35
1789058532,processor-596c57b57f-vvz4c,3,35
1789058534,processor-596c57b57f-vvz4c,3,35
1789058537,processor-596c57b57f-vvz4c,3,35
1789058539,processor-596c57b57f-vvz4c,3,35
1789058541,processor-596c57b57f-vvz4c,3,35
1789058543,processor-596c57b57f-vvz4c,3,35
1789058545,processor-596c57b57f-vvz4c,3,35
1789058547,processor-596c57b57f-vvz4c,3,35
1789058549,processor-596c57b57f-vvz4c,3,35
1789058551,processor-596c57b57f-vvz4c,3,35
1789058553,processor-596c57b57f-vvz4c,3,35
1789058556,processor-596c57b57f-vvz4c,3,35
1789058558,processor-596c57b57f-vvz4c,3,35
1789058560,processor-596c57b57f-vvz4c,3,35
1789058562,processor-596c57b57f-vvz4c,3,35
1789058564,processor-596c57b57f-vvz4c,3,35
1789058566,processor-596c57b57f-vvz4c,3,35
1789058568,processor-596c57b57f-vvz4c,3,35
1789058570,processor-596c57b57f-vvz4c,3,35
1789058572,processor-596c57b57f-vvz4c,2,35
1789058574,processor-596c57b57f-vvz4c,2,35
1789058577,processor-596c57b57f-vvz4c,2,35
1789058579,processor-596c57b57f-vvz4c,2,35
1789058581,processor-596c57b57f-vvz4c,2,35
1789058583,processor-596c57b57f-vvz4c,2,35
1789058585,processor-596c57b57f-vvz4c,2,35
1789058587,processor-596c57b57f-vvz4c,3,35
1789058589,processor-596c57b57f-vvz4c,3,35
1789058591,processor-596c57b57f-vvz4c,3,35
1789058593,processor-596c57b57f-vvz4c,3,35
1789058595,processor-596c57b57f-vvz4c,3,35
1789058598,processor-596c57b57f-vvz4c,3,35
1789058600,processor-596c57b57f-vvz4c,3,35
1789058602,processor-596c57b57f-vvz4c,3,35
1789058604,processor-596c57b57f-vvz4c,3,35
1789058606,processor-596c57b57f-vvz4c,3,35
1789058608,processor-596c57b57f-vvz4c,3,35
1789058610,processor-596c57b57f-vvz4c,3,35
1789058612,processor-596c57b57f-vvz4c,3,35
1789058614,processor-596c57b57f-vvz4c,3,35
1789058617,processor-596c57b57f-vvz4c,4,35
1789058619,processor-596c57b57f-vvz4c,4,35
1789058621,processor-596c57b57f-vvz4c,4,35
1789058623,processor-596c57b57f-vvz4c,4,35
1789058625,processor-596c57b57f-vvz4c,4,35
1789058627,processor-596c57b57f-vvz4c,4,35
1789058629,processor-596c57b57f-vvz4c,4,35
1789058631,processor-596c57b57f-vvz4c,3,35
1789058633,processor-596c57b57f-vvz4c,3,35
1789058635,processor-596c57b57f-vvz4c,3,35
1789058638,processor-596c57b57f-vvz4c,3,35
1789058640,processor-596c57b57f-vvz4c,3,35
1789058642,processor-596c57b57f-vvz4c,3,35
1789058644,processor-596c57b57f-vvz4c,3,35
1789058646,processor-596c57b57f-vvz4c,3,35
1789058648,processor-596c57b57f-vvz4c,3,35
1789058650,processor-596c57b57f-vvz4c,3,35
1789058652,processor-596c57b57f-vvz4c,3,35
1789058654,processor-596c57b57f-vvz4c,3,35
1789058656,processor-596c57b57f-vvz4c,3,35
1789058659,processor-596c57b57f-vvz4c,3,35
1789058661,processor-596c57b57f-vvz4c,4,35
1789058663,processor-596c57b57f-vvz4c,4,35
1789058665,processor-596c57b57f-vvz4c,4,35
1789058667,processor-596c57b57f-vvz4c,4,35
1789058669,processor-596c57b57f-vvz4c,4,35
1789058671,processor-596c57b57f-vvz4c,4,35
1789058673,processor-596c57b57f-vvz4c,4,35
1789058675,processor-596c57b57f-vvz4c,4,35
1789058677,processor-596c57b57f-vvz4c,3,35
1789058680,processor-596c57b57f-vvz4c,3,35
1789058682,processor-596c57b57f-vvz4c,3,35
1789058684,processor-596c57b57f-vvz4c,3,35
1789058686,processor-596c57b57f-vvz4c,3,35
1789058688,processor-596c57b57f-vvz4c,3,35
1789058690,processor-596c57b57f-vvz4c,3,35
1789058692,processor-596c57b57f-vvz4c,4,35
1789058694,processor-596c57b57f-vvz4c,4,35
1789058696,processor-596c57b57f-vvz4c,4,35
1789058698,processor-596c57b57f-vvz4c,4,35
1789058701,processor-596c57b57f-vvz4c,4,35
1789058703,processor-596c57b57f-vvz4c,4,35
1789058705,processor-596c57b57f-vvz4c,4,35
1789058707,processor-596c57b57f-vvz4c,3,35
1789058709,processor-596c57b57f-vvz4c,3,35
1789058711,processor-596c57b57f-vvz4c,3,35
1789058713,processor-596c57b57f-vvz4c,3,35
1789058715,processor-596c57b57f-vvz4c,3,35
1789058717,processor-596c57b57f-vvz4c,3,35
1789058720,processor-596c57b57f-vvz4c,3,35
1789058722,processor-596c57b57f-vvz4c,4,35
1789058724,processor-596c57b57f-vvz4c,4,35
1789058726,processor-596c57b57f-vvz4c,4,35
1789058728,processor-596c57b57f-vvz4c,4,35
1789058730,processor-596c57b57f-vvz4c,4,35
1789058732,processor-596c57b57f-vvz4c,4,35
1789058734,processor-596c57b57f-vvz4c,4,35
1789058736,processor-596c57b57f-vvz4c,4,35
1789058738,processor-596c57b57f-vvz4c,4,35
1789058740,processor-596c57b57f-vvz4c,4,35
1789058743,processor-596c57b57f-vvz4c,4,35
1789058745,processor-596c57b57f-vvz4c,4,35
1789058747,processor-596c57b57f-vvz4c,4,35
1789058749,processor-596c57b57f-vvz4c,4,35
1789058751,processor-596c57b57f-vvz4c,3,35
1789058753,processor-596c57b57f-vvz4c,3,35
1789058755,processor-596c57b57f-vvz4c,3,35
1789058757,processor-596c57b57f-vvz4c,3,35
1789058759,processor-596c57b57f-vvz4c,3,35
1789058761,processor-596c57b57f-vvz4c,3,35
1789058764,processor-596c57b57f-vvz4c,3,35
1789058766,processor-596c57b57f-vvz4c,2,35
1789058768,processor-596c57b57f-vvz4c,2,35
1789058770,processor-596c57b57f-vvz4c,2,35
1789058772,processor-596c57b57f-vvz4c,2,35
1789058774,processor-596c57b57f-vvz4c,2,35
1789058776,processor-596c57b57f-vvz4c,2,35
1789058778,processor-596c57b57f-vvz4c,2,35
1789058780,processor-596c57b57f-vvz4c,2,35
1789058782,processor-596c57b57f-vvz4c,3,35
1789058784,processor-596c57b57f-vvz4c,3,35
1789058787,processor-596c57b57f-vvz4c,3,35
1789058789,processor-596c57b57f-vvz4c,3,35
1789058791,processor-596c57b57f-vvz4c,3,35
1789058793,processor-596c57b57f-vvz4c,3,35
1789058795,processor-596c57b57f-vvz4c,3,35
1789058797,processor-596c57b57f-vvz4c,3,35
1789058799,processor-596c57b57f-vvz4c,3,35
1789058801,processor-596c57b57f-vvz4c,3,35
1789058803,processor-596c57b57f-vvz4c,3,35
1789058805,processor-596c57b57f-vvz4c,3,35
1789058807,processor-596c57b57f-vvz4c,3,35
1789058810,processor-596c57b57f-vvz4c,3,35
1789058812,processor-596c57b57f-vvz4c,3,35
1789058814,processor-596c57b57f-vvz4c,3,35
1789058816,processor-596c57b57f-vvz4c,3,35
1789058818,processor-596c57b57f-vvz4c,3,35
1789058820,processor-596c57b57f-vvz4c,3,35
1789058822,processor-596c57b57f-vvz4c,3,35
1789058824,processor-596c57b57f-vvz4c,3,35
1789058826,processor-596c57b57f-vvz4c,3,35
1789058828,processor-596c57b57f-vvz4c,3,35
1789058830,processor-596c57b57f-vvz4c,3,35
1789058833,processor-596c57b57f-vvz4c,3,35
1789058835,processor-596c57b57f-vvz4c,3,35
1789058837,processor-596c57b57f-vvz4c,3,35
1789058839,processor-596c57b57f-vvz4c,3,35
1789058841,processor-596c57b57f-vvz4c,3,35
1789058843,processor-596c57b57f-vvz4c,3,35
1789058845,processor-596c57b57f-vvz4c,3,35
1789058847,processor-596c57b57f-vvz4c,3,35
1789058849,processor-596c57b57f-vvz4c,3,35
1789058851,processor-596c57b57f-vvz4c,3,35
1789058853,processor-596c57b57f-vvz4c,3,35
1789058856,processor-596c57b57f-vvz4c,3,35
1789058858,processor-596c57b57f-vvz4c,3,35
1789058860,processor-596c57b57f-vvz4c,3,35
1789058862,processor-596c57b57f-vvz4c,3,35
1789058864,processor-596c57b57f-vvz4c,3,35
1789058866,processor-596c57b57f-vvz4c,3,35
1789058868,processor-596c57b57f-vvz4c,3,35
1789058870,processor-596c57b57f-vvz4c,3,35
1789058872,processor-596c57b57f-vvz4c,3,35
1789058874,processor-596c57b57f-vvz4c,3,35
1789058876,processor-596c57b57f-vvz4c,3,35
1789058879,processor-596c57b57f-vvz4c,3,35
1789058881,processor-596c57b57f-vvz4c,3,35
1789058883,processor-596c57b57f-vvz4c,3,35
1789058885,processor-596c57b57f-vvz4c,3,35
1789058887,processor-596c57b57f-vvz4c,3,35
1789058889,processor-596c57b57f-vvz4c,3,35
1789058891,processor-596c57b57f-vvz4c,3,35
1789058893,processor-596c57b57f-vvz4c,3,35
1789058895,processor-596c57b57f-vvz4c,3,35
1789058897,processor-596c57b57f-vvz4c,3,35
1789058899,processor-596c57b57f-vvz4c,3,35
1789058902,processor-596c57b57f-vvz4c,4,35
1789058904,processor-596c57b57f-vvz4c,4,35
1789058906,processor-596c57b57f-vvz4c,4,35
1789058908,processor-596c57b57f-vvz4c,4,35
1789058910,processor-596c57b57f-vvz4c,4,35
1789058912,processor-596c57b57f-vvz4c,4,35
1789058914,processor-596c57b57f-vvz4c,4,35
1789058916,processor-596c57b57f-vvz4c,3,35
1789058918,processor-596c57b57f-vvz4c,3,35
1789058920,processor-596c57b57f-vvz4c,3,35
1789058923,processor-596c57b57f-vvz4c,3,35
1789058925,processor-596c57b57f-vvz4c,3,35
1789058927,processor-596c57b57f-vvz4c,3,35
1789058929,processor-596c57b57f-vvz4c,3,35
1789058931,processor-596c57b57f-vvz4c,3,35
1789058933,processor-596c57b57f-vvz4c,3,35
1789058935,processor-596c57b57f-vvz4c,3,35
1789058937,processor-596c57b57f-vvz4c,3,35
1789058939,processor-596c57b57f-vvz4c,3,35
1789058941,processor-596c57b57f-vvz4c,3,35
1789058944,processor-596c57b57f-vvz4c,3,35
1789058946,processor-596c57b57f-vvz4c,3,35
1789058948,processor-596c57b57f-vvz4c,3,35
1789058950,processor-596c57b57f-vvz4c,3,35
1789058952,processor-596c57b57f-vvz4c,3,35
1789058954,processor-596c57b57f-vvz4c,3,35
1789058956,processor-596c57b57f-vvz4c,3,35
1789058958,processor-596c57b57f-vvz4c,3,35
1789058960,processor-596c57b57f-vvz4c,3,35
1789058962,processor-596c57b57f-vvz4c,3,35
1789058964,processor-596c57b57f-vvz4c,3,35
1789058967,processor-596c57b57f-vvz4c,3,35
1789058969,processor-596c57b57f-vvz4c,3,35
1789058971,processor-596c57b57f-vvz4c,3,35
1789058973,processor-596c57b57f-vvz4c,3,35
1789058975,processor-596c57b57f-vvz4c,3,35
1789058977,processor-596c57b57f-vvz4c,2,35
1789058979,processor-596c57b57f-vvz4c,2,35
1789058981,processor-596c57b57f-vvz4c,2,35
1789058983,processor-596c57b57f-vvz4c,2,35
1789058985,processor-596c57b57f-vvz4c,2,35
1789058987,processor-596c57b57f-vvz4c,2,35
1789058990,processor-596c57b57f-vvz4c,2,35
1789058992,processor-596c57b57f-vvz4c,3,35
1789058994,processor-596c57b57f-vvz4c,3,35
1789058996,processor-596c57b57f-vvz4c,3,35
1789058998,processor-596c57b57f-vvz4c,3,35
1789059000,processor-596c57b57f-vvz4c,3,35
1789059002,processor-596c57b57f-vvz4c,3,35
1789059004,processor-596c57b57f-vvz4c,3,35
1789059006,processor-596c57b57f-vvz4c,3,35
1789059008,processor-596c57b57f-vvz4c,3,35
1789059011,processor-596c57b57f-vvz4c,3,35
1789059013,processor-596c57b57f-vvz4c,3,35
1789059015,processor-596c57b57f-vvz4c,3,35
1789059017,processor-596c57b57f-vvz4c,3,35
1789059019,processor-596c57b57f-vvz4c,3,35
1789059021,processor-596c57b57f-vvz4c,3,35
1789059023,processor-596c57b57f-vvz4c,3,35
1789059025,processor-596c57b57f-vvz4c,3,35
1789059027,processor-596c57b57f-vvz4c,3,35
1789059029,processor-596c57b57f-vvz4c,3,35
1789059031,processor-596c57b57f-vvz4c,3,35
1789059034,processor-596c57b57f-vvz4c,3,35
1789059036,processor-596c57b57f-vvz4c,3,35
1789059038,processor-596c57b57f-vvz4c,3,35
1789059040,processor-596c57b57f-vvz4c,3,35
1789059042,processor-596c57b57f-vvz4c,3,35
1789059044,processor-596c57b57f-vvz4c,3,35
1789059046,processor-596c57b57f-vvz4c,3,35
1789059048,processor-596c57b57f-vvz4c,3,35
1789059050,processor-596c57b57f-vvz4c,3,35
1789059052,processor-596c57b57f-vvz4c,3,35
1789059054,processor-596c57b57f-vvz4c,3,35
1789059057,processor-596c57b57f-vvz4c,3,35
1789059059,processor-596c57b57f-vvz4c,3,35
1789059061,processor-596c57b57f-vvz4c,3,35
1789059063,processor-596c57b57f-vvz4c,3,35
1789059065,processor-596c57b57f-vvz4c,3,35
1789059067,processor-596c57b57f-vvz4c,3,35
1789059069,processor-596c57b57f-vvz4c,3,35
1789059071,processor-596c57b57f-vvz4c,3,35
1789059073,processor-596c57b57f-vvz4c,3,35
1789059075,processor-596c57b57f-vvz4c,3,35
1789059078,processor-596c57b57f-vvz4c,3,35
1789059080,processor-596c57b57f-vvz4c,3,35
1789059082,processor-596c57b57f-vvz4c,3,35
1789059084,processor-596c57b57f-vvz4c,3,35
1789059086,processor-596c57b57f-vvz4c,3,35
1789059088,processor-596c57b57f-vvz4c,3,35
1789059090,processor-596c57b57f-vvz4c,3,35
1789059092,processor-596c57b57f-vvz4c,3,35
1789059094,processor-596c57b57f-vvz4c,3,35
1789059096,processor-596c57b57f-vvz4c,2,35
1789059098,processor-596c57b57f-vvz4c,2,35
1789059101,processor-596c57b57f-vvz4c,2,35
1789059103,processor-596c57b57f-vvz4c,2,35
1789059105,processor-596c57b57f-vvz4c,2,35
1789059107,processor-596c57b57f-vvz4c,2,35
1789059109,processor-596c57b57f-vvz4c,2,35
1789059111,processor-596c57b57f-vvz4c,3,35
1789059113,processor-596c57b57f-vvz4c,3,35
1789059115,processor-596c57b57f-vvz4c,3,35
1789059117,processor-596c57b57f-vvz4c,3,35
1789059119,processor-596c57b57f-vvz4c,3,35
1789059121,processor-596c57b57f-vvz4c,3,35
1789059124,processor-596c57b57f-vvz4c,3,35
1789059126,processor-596c57b57f-vvz4c,3,35
1789059128,processor-596c57b57f-vvz4c,3,35
1789059130,processor-596c57b57f-vvz4c,3,35
1789059132,processor-596c57b57f-vvz4c,3,35
1789059134,processor-596c57b57f-vvz4c,3,35
1789059136,processor-596c57b57f-vvz4c,3,35
1789059138,processor-596c57b57f-vvz4c,3,35
1789059140,processor-596c57b57f-vvz4c,3,35
1789059142,processor-596c57b57f-vvz4c,3,35
1789059145,processor-596c57b57f-vvz4c,3,35
1789059147,processor-596c57b57f-vvz4c,3,35
1789059149,processor-596c57b57f-vvz4c,3,35
1789059151,processor-596c57b57f-vvz4c,3,35
1789059153,processor-596c57b57f-vvz4c,3,35
1789059155,processor-596c57b57f-vvz4c,3,35
1789059157,processor-596c57b57f-vvz4c,3,35
1789059159,processor-596c57b57f-vvz4c,3,35
1789059161,processor-596c57b57f-vvz4c,3,35
1789059163,processor-596c57b57f-vvz4c,3,35
1789059165,processor-596c57b57f-vvz4c,3,35
1789059168,processor-596c57b57f-vvz4c,3,35
1789059170,processor-596c57b57f-vvz4c,3,35
1789059172,processor-596c57b57f-vvz4c,3,35
1789059174,processor-596c57b57f-vvz4c,3,35
1789059176,processor-596c57b57f-vvz4c,3,35
1789059178,processor-596c57b57f-vvz4c,3,35
1789059180,processor-596c57b57f-vvz4c,3,35
1789059182,processor-596c57b57f-vvz4c,3,35
1789059184,processor-596c57b57f-vvz4c,3,35
1789059186,processor-596c57b57f-vvz4c,3,35
1789059189,processor-596c57b57f-vvz4c,3,35
1789059191,processor-596c57b57f-vvz4c,3,35
1789059193,processor-596c57b57f-vvz4c,3,35
1789059195,processor-596c57b57f-vvz4c,3,35
1789059197,processor-596c57b57f-vvz4c,3,35
1789059199,processor-596c57b57f-vvz4c,3,35
1789059201,processor-596c57b57f-vvz4c,3,35
1789059203,processor-596c57b57f-vvz4c,3,35
1789059205,processor-596c57b57f-vvz4c,3,35
1789059207,processor-596c57b57f-vvz4c,3,35
1789059209,processor-596c57b57f-vvz4c,3,35
1789059212,processor-596c57b57f-vvz4c,3,35
1789059214,processor-596c57b57f-vvz4c,3,35
1789059216,processor-596c57b57f-vvz4c,3,35
1789059218,processor-596c57b57f-vvz4c,3,35
1789059220,processor-596c57b57f-vvz4c,3,35
1789059222,processor-596c57b57f-vvz4c,3,35
1789059224,processor-596c57b57f-vvz4c,3,35
1789059226,processor-596c57b57f-vvz4c,3,35
1789059228,processor-596c57b57f-vvz4c,3,35
1789059230,processor-596c57b57f-vvz4c,3,35
1789059232,processor-596c57b57f-vvz4c,3,35
1789059235,processor-596c57b57f-vvz4c,3,35
1789059237,processor-596c57b57f-vvz4c,3,35
1789059239,processor-596c57b57f-vvz4c,3,35
1789059241,processor-596c57b57f-vvz4c,3,35
1789059243,processor-596c57b57f-vvz4c,3,35
1789059245,processor-596c57b57f-vvz4c,3,35
1789059247,processor-596c57b57f-vvz4c,3,35
1789059249,processor-596c57b57f-vvz4c,3,35
1789059251,processor-596c57b57f-vvz4c,3,35
1789059253,processor-596c57b57f-vvz4c,3,35
1789059256,processor-596c57b57f-vvz4c,3,35
1789059258,processor-596c57b57f-vvz4c,3,35
1789059260,processor-596c57b57f-vvz4c,3,35
1789059262,processor-596c57b57f-vvz4c,3,35
1789059264,processor-596c57b57f-vvz4c,3,35
1789059266,processor-596c57b57f-vvz4c,3,35
1789059268,processor-596c57b57f-vvz4c,3,35
1789059270,processor-596c57b57f-vvz4c,3,35
1789059272,processor-596c57b57f-vvz4c,3,35
1789059274,processor-596c57b57f-vvz4c,3,35
1789059276,processor-596c57b57f-vvz4c,3,35
1789059279,processor-596c57b57f-vvz4c,3,35
1789059281,processor-596c57b57f-vvz4c,3,35
1789059283,processor-596c57b57f-vvz4c,3,35
1789059285,processor-596c57b57f-vvz4c,3,35
1789059287,processor-596c57b57f-vvz4c,3,35
1789059289,processor-596c57b57f-vvz4c,3,35
1789059291,processor-596c57b57f-vvz4c,3,35
1789059293,processor-596c57b57f-vvz4c,3,35
1789059295,processor-596c57b57f-vvz4c,3,35
1789059297,processor-596c57b57f-vvz4c,3,35
1789059300,processor-596c57b57f-vvz4c,3,35
1789059302,processor-596c57b57f-vvz4c,3,35
1789059304,processor-596c57b57f-vvz4c,3,35
1789059306,processor-596c57b57f-vvz4c,3,35
1789059308,processor-596c57b57f-vvz4c,3,35
1789059310,processor-596c57b57f-vvz4c,3,35
1789059312,processor-596c57b57f-vvz4c,3,35
1789059314,processor-596c57b57f-vvz4c,3,35
1789059316,processor-596c57b57f-vvz4c,3,35
1789059318,processor-596c57b57f-vvz4c,3,35
1789059320,processor-596c57b57f-vvz4c,3,35
1789059323,processor-596c57b57f-vvz4c,3,35
1789059325,processor-596c57b57f-vvz4c,3,35
1789059327,processor-596c57b57f-vvz4c,3,35
1789059329,processor-596c57b57f-vvz4c,3,35
1789059331,processor-596c57b57f-vvz4c,3,35
1789059333,processor-596c57b57f-vvz4c,3,35
1789059335,processor-596c57b57f-vvz4c,3,35
1789059337,processor-596c57b57f-vvz4c,3,35
1789059339,processor-596c57b57f-vvz4c,3,35
1789059341,processor-596c57b57f-vvz4c,3,35
1789059344,processor-596c57b57f-vvz4c,3,35
1789059346,processor-596c57b57f-vvz4c,3,35
1789059348,processor-596c57b57f-vvz4c,3,35
1789059350,processor-596c57b57f-vvz4c,3,35
1789059352,processor-596c57b57f-vvz4c,3,35
1789059354,processor-596c57b57f-vvz4c,3,35
1789059356,processor-596c57b57f-vvz4c,3,35
1789059358,processor-596c57b57f-vvz4c,3,35
1789059360,processor-596c57b57f-vvz4c,3,35
1789059362,processor-596c57b57f-vvz4c,3,35
1789059364,processor-596c57b57f-vvz4c,3,35
1789059367,processor-596c57b57f-vvz4c,3,35
1789059369,processor-596c57b57f-vvz4c,3,35
1789059371,processor-596c57b57f-vvz4c,3,35
1789059373,processor-596c57b57f-vvz4c,3,35
1789059375,processor-596c57b57f-vvz4c,3,35
1789059377,processor-596c57b57f-vvz4c,3,35
1789059379,processor-596c57b57f-vvz4c,3,35
1789059381,processor-596c57b57f-vvz4c,4,35
1789059383,processor-596c57b57f-vvz4c,4,35
1789059385,processor-596c57b57f-vvz4c,4,35
1789059387,processor-596c57b57f-vvz4c,4,35
1789059390,processor-596c57b57f-vvz4c,4,35
1789059392,processor-596c57b57f-vvz4c,4,35
1789059394,processor-596c57b57f-vvz4c,4,35
1789059396,processor-596c57b57f-vvz4c,3,35
1789059398,processor-596c57b57f-vvz4c,3,35
1789059400,processor-596c57b57f-vvz4c,3,35
1789059402,processor-596c57b57f-vvz4c,3,35
1789059404,processor-596c57b57f-vvz4c,3,35
1789059406,processor-596c57b57f-vvz4c,3,35
1789059408,processor-596c57b57f-vvz4c,3,35
1789059410,processor-596c57b57f-vvz4c,3,35
1789059413,processor-596c57b57f-vvz4c,3,35
1789059415,processor-596c57b57f-vvz4c,3,35
1789059417,processor-596c57b57f-vvz4c,3,35
1789059419,processor-596c57b57f-vvz4c,3,35
1789059421,processor-596c57b57f-vvz4c,3,35
1789059423,processor-596c57b57f-vvz4c,3,35
1789059425,processor-596c57b57f-vvz4c,3,35
1789059427,processor-596c57b57f-vvz4c,3,35
1789059429,processor-596c57b57f-vvz4c,3,35
1789059431,processor-596c57b57f-vvz4c,3,35
1789059433,processor-596c57b57f-vvz4c,3,35
1789059436,processor-596c57b57f-vvz4c,3,35
1789059438,processor-596c57b57f-vvz4c,3,35
1789059440,processor-596c57b57f-vvz4c,3,35
1789059442,processor-596c57b57f-vvz4c,3,35
1789059444,processor-596c57b57f-vvz4c,3,35
1789059446,processor-596c57b57f-vvz4c,3,35
1789059448,processor-596c57b57f-vvz4c,3,35
1789059450,processor-596c57b57f-vvz4c,3,35
1789059452,processor-596c57b57f-vvz4c,3,35
1789059454,processor-596c57b57f-vvz4c,3,35
1789059456,processor-596c57b57f-vvz4c,3,35
1789059459,processor-596c57b57f-vvz4c,3,35
1789059461,processor-596c57b57f-vvz4c,3,35
1789059463,processor-596c57b57f-vvz4c,3,35
1789059465,processor-596c57b57f-vvz4c,3,35
1789059467,processor-596c57b57f-vvz4c,3,35
1789059469,processor-596c57b57f-vvz4c,3,35
1789059471,processor-596c57b57f-vvz4c,3,35
1789059473,processor-596c57b57f-vvz4c,3,35
1789059475,processor-596c57b57f-vvz4c,3,35
1789059477,processor-596c57b57f-vvz4c,3,35
1789059479,processor-596c57b57f-vvz4c,3,35
1789059482,processor-596c57b57f-vvz4c,3,35
1789059484,processor-596c57b57f-vvz4c,3,35
1789059486,processor-596c57b57f-vvz4c,3,35
1789059488,processor-596c57b57f-vvz4c,3,35
1789059490,processor-596c57b57f-vvz4c,3,35
1789059492,processor-596c57b57f-vvz4c,3,35
1789059494,processor-596c57b57f-vvz4c,3,35
1789059496,processor-596c57b57f-vvz4c,3,35
1789059498,processor-596c57b57f-vvz4c,3,35
1789059500,processor-596c57b57f-vvz4c,3,35
1789059502,processor-596c57b57f-vvz4c,3,35
1789059504,processor-596c57b57f-vvz4c,3,35
1789059507,processor-596c57b57f-vvz4c,3,35
1789059509,processor-596c57b57f-vvz4c,3,35
1789059511,processor-596c57b57f-vvz4c,3,35
1789059513,processor-596c57b57f-vvz4c,3,35
1789059515,processor-596c57b57f-vvz4c,3,35
1789059517,processor-596c57b57f-vvz4c,3,35
1789059519,processor-596c57b57f-vvz4c,3,35
1789059521,processor-596c57b57f-vvz4c,3,35
1789059523,processor-596c57b57f-vvz4c,3,35
1789059525,processor-596c57b57f-vvz4c,3,35
1789059527,processor-596c57b57f-vvz4c,3,35
1789059530,processor-596c57b57f-vvz4c,3,35
1789059532,processor-596c57b57f-vvz4c,3,35
1789059534,processor-596c57b57f-vvz4c,3,35
1789059536,processor-596c57b57f-vvz4c,3,35
1789059538,processor-596c57b57f-vvz4c,3,35
1789059540,processor-596c57b57f-vvz4c,3,35
1789059542,processor-596c57b57f-vvz4c,3,35
1789059544,processor-596c57b57f-vvz4c,3,35
1789059546,processor-596c57b57f-vvz4c,3,35
1789059548,processor-596c57b57f-vvz4c,3,35
1789059550,processor-596c57b57f-vvz4c,3,35
1789059553,processor-596c57b57f-vvz4c,3,35
1789059555,processor-596c57b57f-vvz4c,3,35
1789059557,processor-596c57b57f-vvz4c,3,35
1789059559,processor-596c57b57f-vvz4c,3,35
1789059561,processor-596c57b57f-vvz4c,3,35
1789059563,processor-596c57b57f-vvz4c,3,35
1789059565,processor-596c57b57f-vvz4c,3,35
1789059567,processor-596c57b57f-vvz4c,3,35
1789059569,processor-596c57b57f-vvz4c,3,35
1789059571,processor-596c57b57f-vvz4c,3,35
1789059573,processor-596c57b57f-vvz4c,3,35
1789059576,processor-596c57b57f-vvz4c,3,35
1789059578,processor-596c57b57f-vvz4c,3,35
1789059580,processor-596c57b57f-vvz4c,3,35
1789059582,processor-596c57b57f-vvz4c,3,35
1789059584,processor-596c57b57f-vvz4c,3,35
1789059586,processor-596c57b57f-vvz4c,3,35
1789059588,processor-596c57b57f-vvz4c,3,35
1789059590,processor-596c57b57f-vvz4c,3,35
1789059592,processor-596c57b57f-vvz4c,3,35
1789059594,processor-596c57b57f-vvz4c,3,35
1789059596,processor-596c57b57f-vvz4c,3,35
1789059599,processor-596c57b57f-vvz4c,3,35
1789059601,processor-596c57b57f-vvz4c,3,35
1789059603,processor-596c57b57f-vvz4c,3,35
1789059605,processor-596c57b57f-vvz4c,3,35
1789059607,processor-596c57b57f-vvz4c,3,35
1789059609,processor-596c57b57f-vvz4c,3,35
1789059611,processor-596c57b57f-vvz4c,3,35
1789059613,processor-596c57b57f-vvz4c,3,35
1789059615,processor-596c57b57f-vvz4c,3,35
1789059617,processor-596c57b57f-vvz4c,3,35
1789059619,processor-596c57b57f-vvz4c,3,35
1789059622,processor-596c57b57f-vvz4c,3,35
1789059624,processor-596c57b57f-vvz4c,3,35
1789059626,processor-596c57b57f-vvz4c,3,35
1789059628,processor-596c57b57f-vvz4c,3,35
1789059630,processor-596c57b57f-vvz4c,3,35
1789059632,processor-596c57b57f-vvz4c,3,35
1789059634,processor-596c57b57f-vvz4c,3,35
1789059636,processor-596c57b57f-vvz4c,3,35
1789059638,processor-596c57b57f-vvz4c,3,35
1789059640,processor-596c57b57f-vvz4c,3,35
1789059642,processor-596c57b57f-vvz4c,3,35
1789059645,processor-596c57b57f-vvz4c,3,35
1789059647,processor-596c57b57f-vvz4c,3,35
1789059649,processor-596c57b57f-vvz4c,3,35
1789059651,processor-596c57b57f-vvz4c,3,35
1789059653,processor-596c57b57f-vvz4c,3,35
1789059655,processor-596c57b57f-vvz4c,3,35
1789059657,processor-596c57b57f-vvz4c,3,35
1789059659,processor-596c57b57f-vvz4c,3,35
1789059661,processor-596c57b57f-vvz4c,3,35
1789059663,processor-596c57b57f-vvz4c,3,35
1789059665,processor-596c57b57f-vvz4c,3,35
1789059668,processor-596c57b57f-vvz4c,3,35
1789059670,processor-596c57b57f-vvz4c,3,35
1789059672,processor-596c57b57f-vvz4c,3,35
1789059674,processor-596c57b57f-vvz4c,3,35
1789059676,processor-596c57b57f-vvz4c,3,35
1789059678,processor-596c57b57f-vvz4c,3,35
1789059680,processor-596c57b57f-vvz4c,3,35
1789059682,processor-596c57b57f-vvz4c,3,35
1789059684,processor-596c57b57f-vvz4c,3,35
1789059686,processor-596c57b57f-vvz4c,3,35
1789059688,processor-596c57b57f-vvz4c,3,35
1789059691,processor-596c57b57f-vvz4c,3,35
1789059693,processor-596c57b57f-vvz4c,3,35
1789059695,processor-596c57b57f-vvz4c,3,35
1789059697,processor-596c57b57f-vvz4c,3,35
1789059699,processor-596c57b57f-vvz4c,3,35
1789059701,processor-596c57b57f-vvz4c,3,35
1789059703,processor-596c57b57f-vvz4c,3,35
1789059705,processor-596c57b57f-vvz4c,3,35
1789059707,processor-596c57b57f-vvz4c,3,35
1789059709,processor-596c57b57f-vvz4c,3,35
1789059711,processor-596c57b57f-vvz4c,4,35
1789059714,processor-596c57b57f-vvz4c,4,35
1789059716,processor-596c57b57f-vvz4c,4,35
1789059718,processor-596c57b57f-vvz4c,4,35
1789059720,processor-596c57b57f-vvz4c,4,35
1789059722,processor-596c57b57f-vvz4c,4,35
1789059724,processor-596c57b57f-vvz4c,4,35
1789059726,processor-596c57b57f-vvz4c,3,35
1789059728,processor-596c57b57f-vvz4c,3,35
1789059730,processor-596c57b57f-vvz4c,3,35
1789059732,processor-596c57b57f-vvz4c,3,35
1789059734,processor-596c57b57f-vvz4c,3,35
1789059737,processor-596c57b57f-vvz4c,3,35
1789059739,processor-596c57b57f-vvz4c,3,35
1789059741,processor-596c57b57f-vvz4c,3,35
1789059743,processor-596c57b57f-vvz4c,3,35
1789059745,processor-596c57b57f-vvz4c,3,35
1789059747,processor-596c57b57f-vvz4c,3,35
1789059749,processor-596c57b57f-vvz4c,3,35
1789059751,processor-596c57b57f-vvz4c,3,35
1789059753,processor-596c57b57f-vvz4c,3,35
1789059755,processor-596c57b57f-vvz4c,4,35
1789059758,processor-596c57b57f-vvz4c,4,35
1789059760,processor-596c57b57f-vvz4c,4,35
1789059762,processor-596c57b57f-vvz4c,4,35
1789059764,processor-596c57b57f-vvz4c,4,35
1789059766,processor-596c57b57f-vvz4c,4,35
1789059768,processor-596c57b57f-vvz4c,4,35
1789059770,processor-596c57b57f-vvz4c,4,35
1789059772,processor-596c57b57f-vvz4c,2,35
1789059774,processor-596c57b57f-vvz4c,2,35
1789059776,processor-596c57b57f-vvz4c,2,35
1789059778,processor-596c57b57f-vvz4c,2,35
1789059781,processor-596c57b57f-vvz4c,2,35
1789059783,processor-596c57b57f-vvz4c,2,35
1789059785,processor-596c57b57f-vvz4c,2,35
1789059787,processor-596c57b57f-vvz4c,3,35
1789059789,processor-596c57b57f-vvz4c,3,35
1789059791,processor-596c57b57f-vvz4c,3,35
1789059793,processor-596c57b57f-vvz4c,3,35
1789059795,processor-596c57b57f-vvz4c,3,35
1789059797,processor-596c57b57f-vvz4c,3,35
1789059799,processor-596c57b57f-vvz4c,3,35
1789059802,processor-596c57b57f-vvz4c,3,35
1789059804,processor-596c57b57f-vvz4c,3,35
1789059806,processor-596c57b57f-vvz4c,3,35
1789059808,processor-596c57b57f-vvz4c,3,35
1789059810,processor-596c57b57f-vvz4c,3,35
1789059812,processor-596c57b57f-vvz4c,3,35
1789059814,processor-596c57b57f-vvz4c,3,35
1789059816,processor-596c57b57f-vvz4c,2,35
1789059818,processor-596c57b57f-vvz4c,2,35
1789059820,processor-596c57b57f-vvz4c,2,35
1789059822,processor-596c57b57f-vvz4c,2,35
1789059825,processor-596c57b57f-vvz4c,2,35
1789059827,processor-596c57b57f-vvz4c,2,35
1789059829,processor-596c57b57f-vvz4c,2,35
1789059831,processor-596c57b57f-vvz4c,3,35
1789059833,processor-596c57b57f-vvz4c,3,35
1789059835,processor-596c57b57f-vvz4c,3,35
1789059837,processor-596c57b57f-vvz4c,3,35
1789059839,processor-596c57b57f-vvz4c,3,35
1789059841,processor-596c57b57f-vvz4c,3,35
1789059843,processor-596c57b57f-vvz4c,3,35
1789059845,processor-596c57b57f-vvz4c,3,35
1789059848,processor-596c57b57f-vvz4c,3,35
1789059850,processor-596c57b57f-vvz4c,3,35
1789059852,processor-596c57b57f-vvz4c,3,35
1789059854,processor-596c57b57f-vvz4c,3,35
1789059856,processor-596c57b57f-vvz4c,3,35
1789059858,processor-596c57b57f-vvz4c,3,35
1789059860,processor-596c57b57f-vvz4c,3,35
1789059862,processor-596c57b57f-vvz4c,3,35
1789059864,processor-596c57b57f-vvz4c,3,35
1789059866,processor-596c57b57f-vvz4c,3,35
1789059868,processor-596c57b57f-vvz4c,3,35
1789059871,processor-596c57b57f-vvz4c,3,35
1789059873,processor-596c57b57f-vvz4c,3,35
1789059875,processor-596c57b57f-vvz4c,3,35
1789059877,processor-596c57b57f-vvz4c,2,35
1789059879,processor-596c57b57f-vvz4c,2,35
1789059881,processor-596c57b57f-vvz4c,2,35
1789059883,processor-596c57b57f-vvz4c,2,35
1789059885,processor-596c57b57f-vvz4c,2,35
1789059887,processor-596c57b57f-vvz4c,2,35
1789059889,processor-596c57b57f-vvz4c,2,35
1789059892,processor-596c57b57f-vvz4c,3,35
1789059894,processor-596c57b57f-vvz4c,3,35
1789059896,processor-596c57b57f-vvz4c,3,35
1789059898,processor-596c57b57f-vvz4c,3,35
1789059900,processor-596c57b57f-vvz4c,3,35
1789059902,processor-596c57b57f-vvz4c,3,35
1789059904,processor-596c57b57f-vvz4c,3,35
1789059906,processor-596c57b57f-vvz4c,3,35
1789059908,processor-596c57b57f-vvz4c,3,35
1789059910,processor-596c57b57f-vvz4c,3,35
1789059912,processor-596c57b57f-vvz4c,3,35
1789059915,processor-596c57b57f-vvz4c,3,35
1789059917,processor-596c57b57f-vvz4c,3,35
1789059919,processor-596c57b57f-vvz4c,3,35
1789059921,processor-596c57b57f-vvz4c,3,35
1789059923,processor-596c57b57f-vvz4c,3,35
1789059925,processor-596c57b57f-vvz4c,3,35
1789059927,processor-596c57b57f-vvz4c,3,35
1789059929,processor-596c57b57f-vvz4c,3,35
1789059931,processor-596c57b57f-vvz4c,3,35
1789059933,processor-596c57b57f-vvz4c,3,35
1789059936,processor-596c57b57f-vvz4c,3,35
1789059938,processor-596c57b57f-vvz4c,3,35
1789059940,processor-596c57b57f-vvz4c,3,35
1789059942,processor-596c57b57f-vvz4c,3,35
1789059944,processor-596c57b57f-vvz4c,3,35
1789059946,processor-596c57b57f-vvz4c,3,35
1789059948,processor-596c57b57f-vvz4c,3,35
1789059950,processor-596c57b57f-vvz4c,3,35
1789059952,processor-596c57b57f-vvz4c,3,35
1789059954,processor-596c57b57f-vvz4c,3,35
1789059956,processor-596c57b57f-vvz4c,3,35
1789059959,processor-596c57b57f-vvz4c,3,35
1789059961,processor-596c57b57f-vvz4c,3,35
1789059963,processor-596c57b57f-vvz4c,3,35
1789059965,processor-596c57b57f-vvz4c,3,35
1789059967,processor-596c57b57f-vvz4c,3,35
1789059969,processor-596c57b57f-vvz4c,3,35
1789059971,processor-596c57b57f-vvz4c,3,35
1789059973,processor-596c57b57f-vvz4c,3,35
1789059975,processor-596c57b57f-vvz4c,3,35
1789059977,processor-596c57b57f-vvz4c,3,35
1789059980,processor-596c57b57f-vvz4c,3,35
1789059982,processor-596c57b57f-vvz4c,3,35
1789059984,processor-596c57b57f-vvz4c,3,35
1789059986,processor-596c57b57f-vvz4c,3,35
1789059988,processor-596c57b57f-vvz4c,3,35
1789059990,processor-596c57b57f-vvz4c,3,35
1789059992,processor-596c57b57f-vvz4c,3,35
1789059994,processor-596c57b57f-vvz4c,3,35
1789059996,processor-596c57b57f-vvz4c,2,35
1789059998,processor-596c57b57f-vvz4c,2,35
1789060000,processor-596c57b57f-vvz4c,2,35
1789060003,processor-596c57b57f-vvz4c,2,35
1789060005,processor-596c57b57f-vvz4c,2,35
1789060007,processor-596c57b57f-vvz4c,2,35
1789060009,processor-596c57b57f-vvz4c,2,35
1789060011,processor-596c57b57f-vvz4c,3,35
1789060013,processor-596c57b57f-vvz4c,3,35
1789060015,processor-596c57b57f-vvz4c,3,35
1789060017,processor-596c57b57f-vvz4c,3,35
1789060019,processor-596c57b57f-vvz4c,3,35
1789060021,processor-596c57b57f-vvz4c,3,35
1789060023,processor-596c57b57f-vvz4c,3,35
1789060026,processor-596c57b57f-vvz4c,3,35
1789060028,processor-596c57b57f-vvz4c,3,35
1789060030,processor-596c57b57f-vvz4c,3,35
1789060032,processor-596c57b57f-vvz4c,3,35
1789060034,processor-596c57b57f-vvz4c,3,35
1789060036,processor-596c57b57f-vvz4c,3,35
1789060038,processor-596c57b57f-vvz4c,3,35
1789060040,processor-596c57b57f-vvz4c,3,35
1789060042,processor-596c57b57f-vvz4c,2,35
1789060044,processor-596c57b57f-vvz4c,2,35
1789060047,processor-596c57b57f-vvz4c,2,35
1789060049,processor-596c57b57f-vvz4c,2,35
1789060051,processor-596c57b57f-vvz4c,2,35
1789060053,processor-596c57b57f-vvz4c,2,35
1789060055,processor-596c57b57f-vvz4c,2,35
1789060057,processor-596c57b57f-vvz4c,3,35
1789060059,processor-596c57b57f-vvz4c,3,35
1789060061,processor-596c57b57f-vvz4c,3,35
1789060063,processor-596c57b57f-vvz4c,3,35
1789060065,processor-596c57b57f-vvz4c,3,35
1789060067,processor-596c57b57f-vvz4c,3,35
1789060070,processor-596c57b57f-vvz4c,3,35
1789060072,processor-596c57b57f-vvz4c,3,35
1789060074,processor-596c57b57f-vvz4c,3,35
1789060076,processor-596c57b57f-vvz4c,3,35
1789060078,processor-596c57b57f-vvz4c,3,35
1789060080,processor-596c57b57f-vvz4c,3,35
1789060082,processor-596c57b57f-vvz4c,3,35
1789060084,processor-596c57b57f-vvz4c,3,35
1789060086,processor-596c57b57f-vvz4c,3,35
1789060088,processor-596c57b57f-vvz4c,3,35
1789060091,processor-596c57b57f-vvz4c,3,35
1789060093,processor-596c57b57f-vvz4c,3,35
1789060095,processor-596c57b57f-vvz4c,3,35
1789060097,processor-596c57b57f-vvz4c,3,35
1789060099,processor-596c57b57f-vvz4c,3,35
1789060101,processor-596c57b57f-vvz4c,3,35
1789060103,processor-596c57b57f-vvz4c,3,35
1789060105,processor-596c57b57f-vvz4c,3,35
1789060107,processor-596c57b57f-vvz4c,3,35
1789060109,processor-596c57b57f-vvz4c,3,35
1789060111,processor-596c57b57f-vvz4c,3,35
1789060114,processor-596c57b57f-vvz4c,3,35
1789060116,processor-596c57b57f-vvz4c,3,35
1789060118,processor-596c57b57f-vvz4c,3,35
1789060120,processor-596c57b57f-vvz4c,3,35
1789060122,processor-596c57b57f-vvz4c,3,35
1789060124,processor-596c57b57f-vvz4c,3,35
1789060126,processor-596c57b57f-vvz4c,3,35
1789060128,processor-596c57b57f-vvz4c,3,35
1789060130,processor-596c57b57f-vvz4c,3,35
1789060132,processor-596c57b57f-vvz4c,3,35
1789060134,processor-596c57b57f-vvz4c,3,35
1789060137,processor-596c57b57f-vvz4c,3,35
1789060139,processor-596c57b57f-vvz4c,3,35
1789060141,processor-596c57b57f-vvz4c,3,35
1789060143,processor-596c57b57f-vvz4c,3,35
1789060145,processor-596c57b57f-vvz4c,3,35
1789060147,processor-596c57b57f-vvz4c,3,35
1789060149,processor-596c57b57f-vvz4c,3,35
1789060151,processor-596c57b57f-vvz4c,3,35
1789060153,processor-596c57b57f-vvz4c,3,35
1789060155,processor-596c57b57f-vvz4c,3,35
1789060158,processor-596c57b57f-vvz4c,3,35
1789060160,processor-596c57b57f-vvz4c,3,35
1789060162,processor-596c57b57f-vvz4c,3,35
1789060164,processor-596c57b57f-vvz4c,3,35
1789060166,processor-596c57b57f-vvz4c,3,35
1789060168,processor-596c57b57f-vvz4c,3,35
1789060170,processor-596c57b57f-vvz4c,3,35
1789060172,processor-596c57b57f-vvz4c,3,35
1789060174,processor-596c57b57f-vvz4c,3,35
1789060176,processor-596c57b57f-vvz4c,3,35
1789060178,processor-596c57b57f-vvz4c,3,35
1789060181,processor-596c57b57f-vvz4c,3,35
1789060183,processor-596c57b57f-vvz4c,3,35
1789060185,processor-596c57b57f-vvz4c,3,35
1789060187,processor-596c57b57f-vvz4c,3,35
1789060189,processor-596c57b57f-vvz4c,3,35
1789060191,processor-596c57b57f-vvz4c,3,35
1789060193,processor-596c57b57f-vvz4c,3,35
1789060195,processor-596c57b57f-vvz4c,3,35
1789060197,processor-596c57b57f-vvz4c,3,35
1789060199,processor-596c57b57f-vvz4c,3,35
1789060201,processor-596c57b57f-vvz4c,3,35
1789060204,processor-596c57b57f-vvz4c,3,35
1789060206,processor-596c57b57f-vvz4c,4,35
1789060208,processor-596c57b57f-vvz4c,4,35
1789060210,processor-596c57b57f-vvz4c,4,35
1789060212,processor-596c57b57f-vvz4c,4,35
1789060214,processor-596c57b57f-vvz4c,4,35
1789060216,processor-596c57b57f-vvz4c,4,35
1789060218,processor-596c57b57f-vvz4c,4,35
1789060220,processor-596c57b57f-vvz4c,4,35
1789060222,processor-596c57b57f-vvz4c,3,35
1789060225,processor-596c57b57f-vvz4c,3,35
1789060227,processor-596c57b57f-vvz4c,3,35
1789060229,processor-596c57b57f-vvz4c,3,35
1789060231,processor-596c57b57f-vvz4c,3,35
1789060233,processor-596c57b57f-vvz4c,3,35
1789060235,processor-596c57b57f-vvz4c,3,35
1789060237,processor-596c57b57f-vvz4c,3,35
1789060239,processor-596c57b57f-vvz4c,3,35
1789060241,processor-596c57b57f-vvz4c,3,35
1789060243,processor-596c57b57f-vvz4c,3,35
1789060245,processor-596c57b57f-vvz4c,3,35
1789060248,processor-596c57b57f-vvz4c,3,35
1789060250,processor-596c57b57f-vvz4c,3,35
1789060252,processor-596c57b57f-vvz4c,3,35
1789060254,processor-596c57b57f-vvz4c,3,35
1789060256,processor-596c57b57f-vvz4c,3,35
1789060258,processor-596c57b57f-vvz4c,3,35
1789060260,processor-596c57b57f-vvz4c,3,35
1789060262,processor-596c57b57f-vvz4c,3,35
1789060264,processor-596c57b57f-vvz4c,3,35
1789060266,processor-596c57b57f-vvz4c,3,35
1789060269,processor-596c57b57f-vvz4c,3,35
1789060271,processor-596c57b57f-vvz4c,3,35
1789060273,processor-596c57b57f-vvz4c,3,35
1789060275,processor-596c57b57f-vvz4c,3,35
1789060277,processor-596c57b57f-vvz4c,3,35
1789060279,processor-596c57b57f-vvz4c,3,35
1789060281,processor-596c57b57f-vvz4c,3,35
1789060283,processor-596c57b57f-vvz4c,3,35
1789060285,processor-596c57b57f-vvz4c,3,35
1789060287,processor-596c57b57f-vvz4c,3,35
1789060289,processor-596c57b57f-vvz4c,3,35
1789060292,processor-596c57b57f-vvz4c,3,35
1789060294,processor-596c57b57f-vvz4c,3,35
1789060296,processor-596c57b57f-vvz4c,3,35
1789060298,processor-596c57b57f-vvz4c,3,35
1789060300,processor-596c57b57f-vvz4c,3,35
1789060302,processor-596c57b57f-vvz4c,3,35
1789060304,processor-596c57b57f-vvz4c,3,35
1789060306,processor-596c57b57f-vvz4c,3,35
1789060308,processor-596c57b57f-vvz4c,3,35
1789060310,processor-596c57b57f-vvz4c,3,35
1789060313,processor-596c57b57f-vvz4c,3,35
1789060315,processor-596c57b57f-vvz4c,3,35
1789060317,processor-596c57b57f-vvz4c,3,35
1789060319,processor-596c57b57f-vvz4c,3,35
1789060321,processor-596c57b57f-vvz4c,3,35
1789060323,processor-596c57b57f-vvz4c,3,35
1789060325,processor-596c57b57f-vvz4c,3,35
1789060327,processor-596c57b57f-vvz4c,2,35
1789060329,processor-596c57b57f-vvz4c,2,35
1789060331,processor-596c57b57f-vvz4c,2,35
1789060333,processor-596c57b57f-vvz4c,2,35
1789060336,processor-596c57b57f-vvz4c,2,35
1789060338,processor-596c57b57f-vvz4c,2,35
1789060340,processor-596c57b57f-vvz4c,2,35
1789060342,processor-596c57b57f-vvz4c,3,35
1789060344,processor-596c57b57f-vvz4c,3,35
1789060346,processor-596c57b57f-vvz4c,3,35
1789060348,processor-596c57b57f-vvz4c,3,35
1789060350,processor-596c57b57f-vvz4c,3,35
1789060352,processor-596c57b57f-vvz4c,3,35
1789060354,processor-596c57b57f-vvz4c,3,35
1789060357,processor-596c57b57f-vvz4c,3,35
1789060359,processor-596c57b57f-vvz4c,3,35
1789060361,processor-596c57b57f-vvz4c,3,35
1789060363,processor-596c57b57f-vvz4c,3,35
1789060365,processor-596c57b57f-vvz4c,3,35
1789060367,processor-596c57b57f-vvz4c,3,35
1789060369,processor-596c57b57f-vvz4c,3,35
1789060371,processor-596c57b57f-vvz4c,3,35
1789060373,processor-596c57b57f-vvz4c,3,35
1789060375,processor-596c57b57f-vvz4c,3,35
1789060377,processor-596c57b57f-vvz4c,3,35
1789060380,processor-596c57b57f-vvz4c,3,35
1789060382,processor-596c57b57f-vvz4c,3,35
1789060384,processor-596c57b57f-vvz4c,3,35
1789060386,processor-596c57b57f-vvz4c,3,35
1789060388,processor-596c57b57f-vvz4c,3,35
1789060390,processor-596c57b57f-vvz4c,3,35
1789060392,processor-596c57b57f-vvz4c,3,35
1789060394,processor-596c57b57f-vvz4c,3,35
1789060396,processor-596c57b57f-vvz4c,3,35
1789060398,processor-596c57b57f-vvz4c,3,35
1789060401,processor-596c57b57f-vvz4c,3,35
1789060403,processor-596c57b57f-vvz4c,3,35
1789060405,processor-596c57b57f-vvz4c,3,35
1789060407,processor-596c57b57f-vvz4c,3,35
1789060409,processor-596c57b57f-vvz4c,3,35
1789060411,processor-596c57b57f-vvz4c,3,35
1789060413,processor-596c57b57f-vvz4c,3,35
1789060415,processor-596c57b57f-vvz4c,3,35
1789060417,processor-596c57b57f-vvz4c,2,35
1789060419,processor-596c57b57f-vvz4c,2,35
1789060421,processor-596c57b57f-vvz4c,2,35
1789060424,processor-596c57b57f-vvz4c,2,35
1789060426,processor-596c57b57f-vvz4c,2,35
1789060428,processor-596c57b57f-vvz4c,2,35
1789060430,processor-596c57b57f-vvz4c,2,35
1789060432,processor-596c57b57f-vvz4c,3,35
1789060434,processor-596c57b57f-vvz4c,3,35
1789060436,processor-596c57b57f-vvz4c,3,35
1789060438,processor-596c57b57f-vvz4c,3,35
1789060440,processor-596c57b57f-vvz4c,3,35
1789060442,processor-596c57b57f-vvz4c,3,35
1789060445,processor-596c57b57f-vvz4c,3,35
1789060447,processor-596c57b57f-vvz4c,3,35
1789060449,processor-596c57b57f-vvz4c,3,35
1789060451,processor-596c57b57f-vvz4c,3,35
1789060453,processor-596c57b57f-vvz4c,3,35
1789060455,processor-596c57b57f-vvz4c,3,35
1789060457,processor-596c57b57f-vvz4c,3,35
1789060459,processor-596c57b57f-vvz4c,3,35
1789060461,processor-596c57b57f-vvz4c,3,35
1789060463,processor-596c57b57f-vvz4c,3,35
1789060465,processor-596c57b57f-vvz4c,3,35
1789060468,processor-596c57b57f-vvz4c,3,35
1789060470,processor-596c57b57f-vvz4c,3,35
1789060472,processor-596c57b57f-vvz4c,3,35
1789060474,processor-596c57b57f-vvz4c,3,35
1789060476,processor-596c57b57f-vvz4c,3,35
1789060478,processor-596c57b57f-vvz4c,3,35
1789060480,processor-596c57b57f-vvz4c,3,35
1789060482,processor-596c57b57f-vvz4c,3,35
1789060484,processor-596c57b57f-vvz4c,3,35
1789060486,processor-596c57b57f-vvz4c,3,35
1789060488,processor-596c57b57f-vvz4c,3,35
1789060491,processor-596c57b57f-vvz4c,3,35
1789060493,processor-596c57b57f-vvz4c,3,35
1789060495,processor-596c57b57f-vvz4c,3,35
1789060497,processor-596c57b57f-vvz4c,3,35
1789060499,processor-596c57b57f-vvz4c,3,35
1789060501,processor-596c57b57f-vvz4c,3,35
1789060503,processor-596c57b57f-vvz4c,3,35
1789060505,processor-596c57b57f-vvz4c,3,35
1789060507,processor-596c57b57f-vvz4c,3,35
1789060509,processor-596c57b57f-vvz4c,3,35
1789060512,processor-596c57b57f-vvz4c,3,35
1789060514,processor-596c57b57f-vvz4c,3,35
1789060516,processor-596c57b57f-vvz4c,3,35
1789060518,processor-596c57b57f-vvz4c,3,35
1789060520,processor-596c57b57f-vvz4c,3,35
1789060522,processor-596c57b57f-vvz4c,3,35
1789060524,processor-596c57b57f-vvz4c,3,35
1789060526,processor-596c57b57f-vvz4c,3,35
1789060528,processor-596c57b57f-vvz4c,3,35
1789060530,processor-596c57b57f-vvz4c,3,35
1789060532,processor-596c57b57f-vvz4c,3,35
1789060535,processor-596c57b57f-vvz4c,3,35
1789060537,processor-596c57b57f-vvz4c,3,35
1789060539,processor-596c57b57f-vvz4c,3,35
1789060541,processor-596c57b57f-vvz4c,3,35
1789060543,processor-596c57b57f-vvz4c,3,35
1789060545,processor-596c57b57f-vvz4c,3,35
1789060547,processor-596c57b57f-vvz4c,3,35
1789060549,processor-596c57b57f-vvz4c,3,35
1789060551,processor-596c57b57f-vvz4c,3,35
1789060553,processor-596c57b57f-vvz4c,3,35
1789060556,processor-596c57b57f-vvz4c,3,35
1789060558,processor-596c57b57f-vvz4c,3,35
1789060560,processor-596c57b57f-vvz4c,3,35
1789060562,processor-596c57b57f-vvz4c,3,35
1789060564,processor-596c57b57f-vvz4c,3,35
1789060566,processor-596c57b57f-vvz4c,3,35
1789060568,processor-596c57b57f-vvz4c,3,35
1789060570,processor-596c57b57f-vvz4c,3,35
1789060572,processor-596c57b57f-vvz4c,3,35
1789060574,processor-596c57b57f-vvz4c,3,35
1789060577,processor-596c57b57f-vvz4c,3,35
1789060579,processor-596c57b57f-vvz4c,3,35
1789060581,processor-596c57b57f-vvz4c,3,35
1789060583,processor-596c57b57f-vvz4c,3,35
1789060585,processor-596c57b57f-vvz4c,3,35
1789060587,processor-596c57b57f-vvz4c,3,35
1789060589,processor-596c57b57f-vvz4c,3,35
1789060591,processor-596c57b57f-vvz4c,3,35
1789060593,processor-596c57b57f-vvz4c,3,35
1789060595,processor-596c57b57f-vvz4c,3,35
1789060597,processor-596c57b57f-vvz4c,3,35
1789060600,processor-596c57b57f-vvz4c,3,35
1789060602,processor-596c57b57f-vvz4c,3,35
1789060604,processor-596c57b57f-vvz4c,3,35
1789060606,processor-596c57b57f-vvz4c,3,35
1789060608,processor-596c57b57f-vvz4c,3,35
1789060610,processor-596c57b57f-vvz4c,3,35
1789060612,processor-596c57b57f-vvz4c,3,35
1789060614,processor-596c57b57f-vvz4c,3,35
1789060616,processor-596c57b57f-vvz4c,3,35
1789060618,processor-596c57b57f-vvz4c,3,35
1789060620,processor-596c57b57f-vvz4c,3,35
1789060623,processor-596c57b57f-vvz4c,3,35
1789060625,processor-596c57b57f-vvz4c,3,35
1789060627,processor-596c57b57f-vvz4c,3,35
1789060629,processor-596c57b57f-vvz4c,3,35
1789060631,processor-596c57b57f-vvz4c,3,35
1789060633,processor-596c57b57f-vvz4c,3,35
1789060635,processor-596c57b57f-vvz4c,3,35
1789060637,processor-596c57b57f-vvz4c,3,35
1789060639,processor-596c57b57f-vvz4c,3,35
1789060641,processor-596c57b57f-vvz4c,3,35
1789060643,processor-596c57b57f-vvz4c,3,35
1789060646,processor-596c57b57f-vvz4c,3,35
1789060648,processor-596c57b57f-vvz4c,3,35
1789060650,processor-596c57b57f-vvz4c,3,35
1789060652,processor-596c57b57f-vvz4c,3,35
1789060654,processor-596c57b57f-vvz4c,3,35
1789060656,processor-596c57b57f-vvz4c,2,35
1789060658,processor-596c57b57f-vvz4c,2,35
1789060660,processor-596c57b57f-vvz4c,2,35
1789060662,processor-596c57b57f-vvz4c,2,35
1789060664,processor-596c57b57f-vvz4c,2,35
1789060666,processor-596c57b57f-vvz4c,2,35
1789060669,processor-596c57b57f-vvz4c,2,35
1789060671,processor-596c57b57f-vvz4c,3,35
1789060673,processor-596c57b57f-vvz4c,3,35
1789060675,processor-596c57b57f-vvz4c,3,35
1789060677,processor-596c57b57f-vvz4c,3,35
1789060679,processor-596c57b57f-vvz4c,3,35
1789060681,processor-596c57b57f-vvz4c,3,35
1789060683,processor-596c57b57f-vvz4c,3,35
1789060685,processor-596c57b57f-vvz4c,3,35
1789060687,processor-596c57b57f-vvz4c,3,35
1789060689,processor-596c57b57f-vvz4c,3,35
1789060692,processor-596c57b57f-vvz4c,3,35
1789060694,processor-596c57b57f-vvz4c,3,35
1789060696,processor-596c57b57f-vvz4c,3,35
1789060698,processor-596c57b57f-vvz4c,3,35
1789060700,processor-596c57b57f-vvz4c,3,35
1789060702,processor-596c57b57f-vvz4c,3,35
1789060704,processor-596c57b57f-vvz4c,3,35
1789060706,processor-596c57b57f-vvz4c,3,35
1789060708,processor-596c57b57f-vvz4c,3,35
1789060710,processor-596c57b57f-vvz4c,3,35
1789060712,processor-596c57b57f-vvz4c,3,35
1789060715,processor-596c57b57f-vvz4c,3,35
1789060717,processor-596c57b57f-vvz4c,3,35
1789060719,processor-596c57b57f-vvz4c,3,35
1789060721,processor-596c57b57f-vvz4c,3,35
1789060723,processor-596c57b57f-vvz4c,3,35
1789060725,processor-596c57b57f-vvz4c,3,35
1789060727,processor-596c57b57f-vvz4c,3,35
1789060729,processor-596c57b57f-vvz4c,3,35
1789060731,processor-596c57b57f-vvz4c,4,35
1789060733,processor-596c57b57f-vvz4c,4,35
1789060735,processor-596c57b57f-vvz4c,4,35
1789060738,processor-596c57b57f-vvz4c,4,35
1789060740,processor-596c57b57f-vvz4c,4,35
1789060742,processor-596c57b57f-vvz4c,4,35
1789060744,processor-596c57b57f-vvz4c,4,35
1789060746,processor-596c57b57f-vvz4c,3,35
1789060748,processor-596c57b57f-vvz4c,3,35
1789060750,processor-596c57b57f-vvz4c,3,35
1789060752,processor-596c57b57f-vvz4c,3,35
1789060754,processor-596c57b57f-vvz4c,3,35
1789060756,processor-596c57b57f-vvz4c,3,35
1789060758,processor-596c57b57f-vvz4c,3,35
1789060761,processor-596c57b57f-vvz4c,3,35
1789060763,processor-596c57b57f-vvz4c,3,35
1789060765,processor-596c57b57f-vvz4c,3,35
1789060767,processor-596c57b57f-vvz4c,3,35
1789060769,processor-596c57b57f-vvz4c,3,35
1789060771,processor-596c57b57f-vvz4c,3,35
1789060773,processor-596c57b57f-vvz4c,3,35
1789060775,processor-596c57b57f-vvz4c,3,35
1789060777,processor-596c57b57f-vvz4c,3,35
1789060779,processor-596c57b57f-vvz4c,3,35
1789060781,processor-596c57b57f-vvz4c,3,35
1789060784,processor-596c57b57f-vvz4c,3,35
1789060786,processor-596c57b57f-vvz4c,3,35
1789060788,processor-596c57b57f-vvz4c,3,35
1789060790,processor-596c57b57f-vvz4c,3,35
1789060792,processor-596c57b57f-vvz4c,3,35
1789060794,processor-596c57b57f-vvz4c,3,35
1789060796,processor-596c57b57f-vvz4c,3,35
1789060798,processor-596c57b57f-vvz4c,3,35
1789060800,processor-596c57b57f-vvz4c,3,35
1789060802,processor-596c57b57f-vvz4c,3,35
1789060804,processor-596c57b57f-vvz4c,3,35
1789060807,processor-596c57b57f-vvz4c,4,35
1789060809,processor-596c57b57f-vvz4c,4,35
1789060811,processor-596c57b57f-vvz4c,4,35
1789060813,processor-596c57b57f-vvz4c,4,35
1789060815,processor-596c57b57f-vvz4c,4,35
1789060817,processor-596c57b57f-vvz4c,4,35
1789060819,processor-596c57b57f-vvz4c,4,35
1789060821,processor-596c57b57f-vvz4c,3,35
1789060823,processor-596c57b57f-vvz4c,3,35
1789060825,processor-596c57b57f-vvz4c,3,35
1789060827,processor-596c57b57f-vvz4c,3,35
1789060830,processor-596c57b57f-vvz4c,3,35
1789060832,processor-596c57b57f-vvz4c,3,35
1789060834,processor-596c57b57f-vvz4c,3,35
1789060836,processor-596c57b57f-vvz4c,3,35
1789060838,processor-596c57b57f-vvz4c,3,35
1789060840,processor-596c57b57f-vvz4c,3,35
1789060842,processor-596c57b57f-vvz4c,3,35
1789060844,processor-596c57b57f-vvz4c,3,35
1789060846,processor-596c57b57f-vvz4c,3,35
1789060848,processor-596c57b57f-vvz4c,3,35
1789060850,processor-596c57b57f-vvz4c,3,35
1789060853,processor-596c57b57f-vvz4c,3,35
1789060855,processor-596c57b57f-vvz4c,3,35
1789060857,processor-596c57b57f-vvz4c,3,35
1789060859,processor-596c57b57f-vvz4c,3,35
1789060861,processor-596c57b57f-vvz4c,3,35
1789060863,processor-596c57b57f-vvz4c,3,35
1789060865,processor-596c57b57f-vvz4c,3,35
1789060867,processor-596c57b57f-vvz4c,3,35
1789060869,processor-596c57b57f-vvz4c,3,35
1789060871,processor-596c57b57f-vvz4c,3,35
1789060873,processor-596c57b57f-vvz4c,3,35
1789060876,processor-596c57b57f-vvz4c,3,35
1789060878,processor-596c57b57f-vvz4c,3,35
1789060880,processor-596c57b57f-vvz4c,3,35
1789060882,processor-596c57b57f-vvz4c,3,35
1789060884,processor-596c57b57f-vvz4c,3,35
1789060886,processor-596c57b57f-vvz4c,3,35
1789060888,processor-596c57b57f-vvz4c,3,35
1789060890,processor-596c57b57f-vvz4c,3,35
1789060892,processor-596c57b57f-vvz4c,3,35
1789060894,processor-596c57b57f-vvz4c,3,35
1789060896,processor-596c57b57f-vvz4c,3,35
1789060899,processor-596c57b57f-vvz4c,3,35
1789060901,processor-596c57b57f-vvz4c,3,35
1789060903,processor-596c57b57f-vvz4c,3,35
1789060905,processor-596c57b57f-vvz4c,3,35
1789060907,processor-596c57b57f-vvz4c,3,35
1789060909,processor-596c57b57f-vvz4c,3,35
1789060911,processor-596c57b57f-vvz4c,3,35
1789060913,processor-596c57b57f-vvz4c,3,35
1789060915,processor-596c57b57f-vvz4c,3,35
1789060917,processor-596c57b57f-vvz4c,3,35
1789060919,processor-596c57b57f-vvz4c,3,35
1789060922,processor-596c57b57f-vvz4c,3,35
1789060924,processor-596c57b57f-vvz4c,3,35
1789060926,processor-596c57b57f-vvz4c,3,35
1789060928,processor-596c57b57f-vvz4c,3,35
1789060930,processor-596c57b57f-vvz4c,3,35
1789060932,processor-596c57b57f-vvz4c,3,35
1789060934,processor-596c57b57f-vvz4c,3,35
1789060936,processor-596c57b57f-vvz4c,3,35
1789060938,processor-596c57b57f-vvz4c,3,35
1789060940,processor-596c57b57f-vvz4c,3,35
1789060942,processor-596c57b57f-vvz4c,3,35
1789060945,processor-596c57b57f-vvz4c,3,35
1789060947,processor-596c57b57f-vvz4c,3,35
1789060949,processor-596c57b57f-vvz4c,3,35
1789060951,processor-596c57b57f-vvz4c,3,35
1789060953,processor-596c57b57f-vvz4c,3,35
1789060955,processor-596c57b57f-vvz4c,3,35
1789060957,processor-596c57b57f-vvz4c,3,35
1789060959,processor-596c57b57f-vvz4c,3,35
1789060961,processor-596c57b57f-vvz4c,3,35
1789060963,processor-596c57b57f-vvz4c,3,35
1789060965,processor-596c57b57f-vvz4c,3,35
1789060968,processor-596c57b57f-vvz4c,3,35
1789060970,processor-596c57b57f-vvz4c,3,35
1789060972,processor-596c57b57f-vvz4c,4,35
1789060974,processor-596c57b57f-vvz4c,4,35
1789060976,processor-596c57b57f-vvz4c,4,35
1789060978,processor-596c57b57f-vvz4c,4,35
1789060980,processor-596c57b57f-vvz4c,4,35
1789060982,processor-596c57b57f-vvz4c,4,35
1789060984,processor-596c57b57f-vvz4c,4,35
1789060986,processor-596c57b57f-vvz4c,3,35
1789060988,processor-596c57b57f-vvz4c,3,35
1789060991,processor-596c57b57f-vvz4c,3,35
1789060993,processor-596c57b57f-vvz4c,3,35
1789060995,processor-596c57b57f-vvz4c,3,35
1789060997,processor-596c57b57f-vvz4c,3,35
1789060999,processor-596c57b57f-vvz4c,3,35
1789061001,processor-596c57b57f-vvz4c,3,35
1789061003,processor-596c57b57f-vvz4c,3,35
1789061005,processor-596c57b57f-vvz4c,3,35
1789061007,processor-596c57b57f-vvz4c,3,35
1789061009,processor-596c57b57f-vvz4c,3,35
1789061011,processor-596c57b57f-vvz4c,3,35
1789061014,processor-596c57b57f-vvz4c,3,35
1789061016,processor-596c57b57f-vvz4c,3,35
1789061018,processor-596c57b57f-vvz4c,3,35
1789061020,processor-596c57b57f-vvz4c,3,35
1789061022,processor-596c57b57f-vvz4c,3,35
1789061024,processor-596c57b57f-vvz4c,3,35
1789061026,processor-596c57b57f-vvz4c,3,35
1789061028,processor-596c57b57f-vvz4c,3,35
1789061030,processor-596c57b57f-vvz4c,3,35
1789061032,processor-596c57b57f-vvz4c,3,35
1789061035,processor-596c57b57f-vvz4c,3,35
1789061037,processor-596c57b57f-vvz4c,3,35
1789061039,processor-596c57b57f-vvz4c,3,35
1789061041,processor-596c57b57f-vvz4c,3,35
1789061043,processor-596c57b57f-vvz4c,3,35
1789061045,processor-596c57b57f-vvz4c,3,35
1789061047,processor-596c57b57f-vvz4c,3,35
1789061049,processor-596c57b57f-vvz4c,3,35
1789061051,processor-596c57b57f-vvz4c,3,35
1789061053,processor-596c57b57f-vvz4c,3,35
1789061055,processor-596c57b57f-vvz4c,3,35
1789061058,processor-596c57b57f-vvz4c,3,35
1789061060,processor-596c57b57f-vvz4c,3,35
1789061062,processor-596c57b57f-vvz4c,3,35
1789061064,processor-596c57b57f-vvz4c,3,35
1789061066,processor-596c57b57f-vvz4c,3,35
1789061068,processor-596c57b57f-vvz4c,3,35
1789061070,processor-596c57b57f-vvz4c,3,35
1789061072,processor-596c57b57f-vvz4c,3,35
1789061074,processor-596c57b57f-vvz4c,3,35
1789061076,processor-596c57b57f-vvz4c,3,35
1789061078,processor-596c57b57f-vvz4c,3,35
1789061080,processor-596c57b57f-vvz4c,3,35
1789061083,processor-596c57b57f-vvz4c,3,35
1789061085,processor-596c57b57f-vvz4c,3,35
1789061087,processor-596c57b57f-vvz4c,3,35
1789061089,processor-596c57b57f-vvz4c,3,35
1789061091,processor-596c57b57f-vvz4c,3,35
1789061093,processor-596c57b57f-vvz4c,3,35
1789061095,processor-596c57b57f-vvz4c,3,35
1789061097,processor-596c57b57f-vvz4c,3,35
1789061099,processor-596c57b57f-vvz4c,3,35
1789061101,processor-596c57b57f-vvz4c,3,35
1789061103,processor-596c57b57f-vvz4c,3,35
1789061106,processor-596c57b57f-vvz4c,3,35
1789061108,processor-596c57b57f-vvz4c,3,35
1789061110,processor-596c57b57f-vvz4c,3,35
1789061112,processor-596c57b57f-vvz4c,3,35
1789061114,processor-596c57b57f-vvz4c,3,35
1789061116,processor-596c57b57f-vvz4c,3,35
1789061118,processor-596c57b57f-vvz4c,3,35
1789061120,processor-596c57b57f-vvz4c,3,35
1789061122,processor-596c57b57f-vvz4c,3,35
1789061124,processor-596c57b57f-vvz4c,3,35
1789061126,processor-596c57b57f-vvz4c,3,35
1789061129,processor-596c57b57f-vvz4c,3,35
1789061131,processor-596c57b57f-vvz4c,3,35
1789061133,processor-596c57b57f-vvz4c,3,35
1789061135,processor-596c57b57f-vvz4c,3,35
1789061137,processor-596c57b57f-vvz4c,3,35
1789061139,processor-596c57b57f-vvz4c,3,35
1789061141,processor-596c57b57f-vvz4c,3,35
1789061143,processor-596c57b57f-vvz4c,3,35
1789061145,processor-596c57b57f-vvz4c,3,35
1789061147,processor-596c57b57f-vvz4c,3,35
1789061149,processor-596c57b57f-vvz4c,3,35
1789061152,processor-596c57b57f-vvz4c,3,35
1789061154,processor-596c57b57f-vvz4c,3,35
1789061156,processor-596c57b57f-vvz4c,3,35
1789061158,processor-596c57b57f-vvz4c,3,35
1789061160,processor-596c57b57f-vvz4c,3,35
1789061162,processor-596c57b57f-vvz4c,3,35
1789061164,processor-596c57b57f-vvz4c,3,35
1789061166,processor-596c57b57f-vvz4c,4,35
1789061168,processor-596c57b57f-vvz4c,4,35
1789061170,processor-596c57b57f-vvz4c,4,35
1789061172,processor-596c57b57f-vvz4c,4,35
1789061175,processor-596c57b57f-vvz4c,4,35
1789061177,processor-596c57b57f-vvz4c,4,35
1789061179,processor-596c57b57f-vvz4c,4,35
1789061181,processor-596c57b57f-vvz4c,3,35
1789061183,processor-596c57b57f-vvz4c,3,35
1789061185,processor-596c57b57f-vvz4c,3,35
1789061187,processor-596c57b57f-vvz4c,3,35
1789061189,processor-596c57b57f-vvz4c,3,35
1789061191,processor-596c57b57f-vvz4c,3,35
1789061193,processor-596c57b57f-vvz4c,3,35
1789061195,processor-596c57b57f-vvz4c,3,35
1789061198,processor-596c57b57f-vvz4c,3,35
1789061200,processor-596c57b57f-vvz4c,3,35
1789061202,processor-596c57b57f-vvz4c,3,35
1789061204,processor-596c57b57f-vvz4c,3,35
1789061206,processor-596c57b57f-vvz4c,3,35
1789061208,processor-596c57b57f-vvz4c,3,35
1789061210,processor-596c57b57f-vvz4c,3,35
1789061212,processor-596c57b57f-vvz4c,3,35
1789061214,processor-596c57b57f-vvz4c,3,35
1789061216,processor-596c57b57f-vvz4c,3,35
1789061218,processor-596c57b57f-vvz4c,3,35
1789061221,processor-596c57b57f-vvz4c,3,35
1789061223,processor-596c57b57f-vvz4c,3,35
1789061225,processor-596c57b57f-vvz4c,3,35
1789061227,processor-596c57b57f-vvz4c,3,35
1789061229,processor-596c57b57f-vvz4c,3,35
1789061231,processor-596c57b57f-vvz4c,3,35
1789061233,processor-596c57b57f-vvz4c,3,35
1789061235,processor-596c57b57f-vvz4c,3,35
1789061237,processor-596c57b57f-vvz4c,3,35
1789061239,processor-596c57b57f-vvz4c,3,35
1789061241,processor-596c57b57f-vvz4c,4,35
1789061244,processor-596c57b57f-vvz4c,4,35
1789061246,processor-596c57b57f-vvz4c,4,35
1789061248,processor-596c57b57f-vvz4c,4,35
1789061250,processor-596c57b57f-vvz4c,4,35
1789061252,processor-596c57b57f-vvz4c,4,35
1789061254,processor-596c57b57f-vvz4c,4,35
1789061256,processor-596c57b57f-vvz4c,3,35
1789061258,processor-596c57b57f-vvz4c,3,35
1789061260,processor-596c57b57f-vvz4c,3,35
1789061262,processor-596c57b57f-vvz4c,3,35
1789061264,processor-596c57b57f-vvz4c,3,35
1789061267,processor-596c57b57f-vvz4c,3,35
1789061269,processor-596c57b57f-vvz4c,3,35
1789061271,processor-596c57b57f-vvz4c,3,35
1789061273,processor-596c57b57f-vvz4c,3,35
1789061275,processor-596c57b57f-vvz4c,3,35
1789061277,processor-596c57b57f-vvz4c,3,35
1789061279,processor-596c57b57f-vvz4c,3,35
1789061281,processor-596c57b57f-vvz4c,3,35
1789061283,processor-596c57b57f-vvz4c,3,35
1789061285,processor-596c57b57f-vvz4c,3,35
1789061287,processor-596c57b57f-vvz4c,3,35
1789061289,processor-596c57b57f-vvz4c,3,35
1789061292,processor-596c57b57f-vvz4c,3,35
1789061294,processor-596c57b57f-vvz4c,3,35
1789061296,processor-596c57b57f-vvz4c,3,35
1789061298,processor-596c57b57f-vvz4c,3,35
1789061300,processor-596c57b57f-vvz4c,3,35
1789061302,processor-596c57b57f-vvz4c,4,35
1789061304,processor-596c57b57f-vvz4c,4,35
1789061306,processor-596c57b57f-vvz4c,4,35
1789061308,processor-596c57b57f-vvz4c,4,35
1789061310,processor-596c57b57f-vvz4c,4,35
1789061312,processor-596c57b57f-vvz4c,4,35
1789061315,processor-596c57b57f-vvz4c,4,35
1789061317,processor-596c57b57f-vvz4c,3,35
1789061319,processor-596c57b57f-vvz4c,3,35
1789061321,processor-596c57b57f-vvz4c,3,35
1789061323,processor-596c57b57f-vvz4c,3,35
1789061325,processor-596c57b57f-vvz4c,3,35
1789061327,processor-596c57b57f-vvz4c,3,35
1789061329,processor-596c57b57f-vvz4c,3,35
1789061331,processor-596c57b57f-vvz4c,3,35
1789061333,processor-596c57b57f-vvz4c,3,35
1789061335,processor-596c57b57f-vvz4c,3,35
1789061338,processor-596c57b57f-vvz4c,3,35
1789061340,processor-596c57b57f-vvz4c,3,35
1789061342,processor-596c57b57f-vvz4c,3,35
1789061344,processor-596c57b57f-vvz4c,3,35
1789061346,processor-596c57b57f-vvz4c,3,35
1789061348,processor-596c57b57f-vvz4c,3,35
1789061350,processor-596c57b57f-vvz4c,3,35
1789061352,processor-596c57b57f-vvz4c,3,35
1789061354,processor-596c57b57f-vvz4c,3,35
1789061356,processor-596c57b57f-vvz4c,3,35
1789061358,processor-596c57b57f-vvz4c,3,35
1789061361,processor-596c57b57f-vvz4c,3,35
1789061363,processor-596c57b57f-vvz4c,3,35
1789061365,processor-596c57b57f-vvz4c,3,35
1789061367,processor-596c57b57f-vvz4c,3,35
1789061369,processor-596c57b57f-vvz4c,3,35
1789061371,processor-596c57b57f-vvz4c,3,35
1789061373,processor-596c57b57f-vvz4c,3,35
1789061375,processor-596c57b57f-vvz4c,3,35
1789061377,processor-596c57b57f-vvz4c,3,35
1789061379,processor-596c57b57f-vvz4c,3,35
1789061381,processor-596c57b57f-vvz4c,3,35
1789061384,processor-596c57b57f-vvz4c,3,35
1789061386,processor-596c57b57f-vvz4c,3,35
1789061388,processor-596c57b57f-vvz4c,3,35
1789061390,processor-596c57b57f-vvz4c,3,35
1789061392,processor-596c57b57f-vvz4c,3,35
1789061394,processor-596c57b57f-vvz4c,3,35
1789061396,processor-596c57b57f-vvz4c,3,35
1789061398,processor-596c57b57f-vvz4c,3,35
1789061400,processor-596c57b57f-vvz4c,3,35
1789061402,processor-596c57b57f-vvz4c,3,35
1789061404,processor-596c57b57f-vvz4c,3,35
1789061406,processor-596c57b57f-vvz4c,3,35
1789061409,processor-596c57b57f-vvz4c,3,35
1789061411,processor-596c57b57f-vvz4c,3,35
1789061413,processor-596c57b57f-vvz4c,3,35
1789061415,processor-596c57b57f-vvz4c,3,35
1789061417,processor-596c57b57f-vvz4c,3,35
1789061419,processor-596c57b57f-vvz4c,3,35
1789061421,processor-596c57b57f-vvz4c,3,35
1789061423,processor-596c57b57f-vvz4c,3,35
1789061425,processor-596c57b57f-vvz4c,3,35
1789061427,processor-596c57b57f-vvz4c,3,35
1789061429,processor-596c57b57f-vvz4c,3,35
1789061432,processor-596c57b57f-vvz4c,3,35
1789061434,processor-596c57b57f-vvz4c,3,35
1789061436,processor-596c57b57f-vvz4c,3,35
1789061438,processor-596c57b57f-vvz4c,3,35
1789061440,processor-596c57b57f-vvz4c,3,35
1789061442,processor-596c57b57f-vvz4c,3,35
1789061444,processor-596c57b57f-vvz4c,3,35
1789061446,processor-596c57b57f-vvz4c,3,35
1789061448,processor-596c57b57f-vvz4c,3,35
1789061450,processor-596c57b57f-vvz4c,3,35
1789061452,processor-596c57b57f-vvz4c,3,35
1789061455,processor-596c57b57f-vvz4c,3,35
1789061457,processor-596c57b57f-vvz4c,3,35
1789061459,processor-596c57b57f-vvz4c,3,35
1789061461,processor-596c57b57f-vvz4c,3,35
1789061463,processor-596c57b57f-vvz4c,3,35
1789061465,processor-596c57b57f-vvz4c,3,35
1789061467,processor-596c57b57f-vvz4c,3,35
1789061469,processor-596c57b57f-vvz4c,3,35
1789061471,processor-596c57b57f-vvz4c,3,35
1789061473,processor-596c57b57f-vvz4c,3,35
1789061475,processor-596c57b57f-vvz4c,3,35
1789061478,processor-596c57b57f-vvz4c,3,35
1789061480,processor-596c57b57f-vvz4c,3,35
1789061482,processor-596c57b57f-vvz4c,3,35
1789061484,processor-596c57b57f-vvz4c,3,35
1789061486,processor-596c57b57f-vvz4c,3,35
1789061488,processor-596c57b57f-vvz4c,3,35
1789061490,processor-596c57b57f-vvz4c,3,35
1789061492,processor-596c57b57f-vvz4c,3,35
1789061494,processor-596c57b57f-vvz4c,3,35
1789061496,processor-596c57b57f-vvz4c,3,35
1789061499,processor-596c57b57f-vvz4c,3,35
1789061501,processor-596c57b57f-vvz4c,3,35
1789061503,processor-596c57b57f-vvz4c,3,35
1789061505,processor-596c57b57f-vvz4c,3,35
1789061507,processor-596c57b57f-vvz4c,3,35
1789061509,processor-596c57b57f-vvz4c,3,35
1789061511,processor-596c57b57f-vvz4c,3,35
1789061513,processor-596c57b57f-vvz4c,3,35
1789061515,processor-596c57b57f-vvz4c,3,35
1789061517,processor-596c57b57f-vvz4c,3,35
1789061519,processor-596c57b57f-vvz4c,3,35
1789061522,processor-596c57b57f-vvz4c,3,35
1789061524,processor-596c57b57f-vvz4c,3,35
1789061526,processor-596c57b57f-vvz4c,3,35
1789061528,processor-596c57b57f-vvz4c,3,35
1789061530,processor-596c57b57f-vvz4c,3,35
1789061532,processor-596c57b57f-vvz4c,3,35
1789061534,processor-596c57b57f-vvz4c,3,35
1789061536,processor-596c57b57f-vvz4c,3,35
1789061538,processor-596c57b57f-vvz4c,3,35
1789061540,processor-596c57b57f-vvz4c,3,35
1789061542,processor-596c57b57f-vvz4c,4,35
1789061545,processor-596c57b57f-vvz4c,4,35
1789061547,processor-596c57b57f-vvz4c,4,35
1789061549,processor-596c57b57f-vvz4c,4,35
1789061551,processor-596c57b57f-vvz4c,4,35
1789061553,processor-596c57b57f-vvz4c,4,35
1789061555,processor-596c57b57f-vvz4c,4,35
1789061557,processor-596c57b57f-vvz4c,3,35
1789061559,processor-596c57b57f-vvz4c,3,35
1789061561,processor-596c57b57f-vvz4c,3,35
1789061563,processor-596c57b57f-vvz4c,3,35
1789061565,processor-596c57b57f-vvz4c,3,35
1789061568,processor-596c57b57f-vvz4c,3,35
1789061570,processor-596c57b57f-vvz4c,3,35
1789061572,processor-596c57b57f-vvz4c,3,35
1789061574,processor-596c57b57f-vvz4c,3,35
1789061576,processor-596c57b57f-vvz4c,3,35
1789061578,processor-596c57b57f-vvz4c,3,35
1789061580,processor-596c57b57f-vvz4c,3,35
1789061582,processor-596c57b57f-vvz4c,3,35
1789061584,processor-596c57b57f-vvz4c,3,35
1789061586,processor-596c57b57f-vvz4c,3,35
1789061588,processor-596c57b57f-vvz4c,3,35
1789061590,processor-596c57b57f-vvz4c,3,35
1789061593,processor-596c57b57f-vvz4c,3,35
1789061595,processor-596c57b57f-vvz4c,3,35
1789061597,processor-596c57b57f-vvz4c,3,35
1789061599,processor-596c57b57f-vvz4c,3,35
1789061601,processor-596c57b57f-vvz4c,3,35
1789061603,processor-596c57b57f-vvz4c,3,35
1789061605,processor-596c57b57f-vvz4c,3,35
1789061607,processor-596c57b57f-vvz4c,3,35
1789061609,processor-596c57b57f-vvz4c,3,35
1789061611,processor-596c57b57f-vvz4c,3,35
1789061613,processor-596c57b57f-vvz4c,3,35
1789061616,processor-596c57b57f-vvz4c,3,35
1789061618,processor-596c57b57f-vvz4c,3,35
1789061620,processor-596c57b57f-vvz4c,3,35
1789061622,processor-596c57b57f-vvz4c,3,35
1789061624,processor-596c57b57f-vvz4c,3,35
1789061626,processor-596c57b57f-vvz4c,3,35
1789061628,processor-596c57b57f-vvz4c,3,35
1789061630,processor-596c57b57f-vvz4c,3,35
1789061632,processor-596c57b57f-vvz4c,3,35
1789061634,processor-596c57b57f-vvz4c,3,35
1789061636,processor-596c57b57f-vvz4c,3,35
1789061639,processor-596c57b57f-vvz4c,3,35
1789061641,processor-596c57b57f-vvz4c,3,35
1789061643,processor-596c57b57f-vvz4c,3,35
1789061645,processor-596c57b57f-vvz4c,3,35
1789061647,processor-596c57b57f-vvz4c,3,35
1789061649,processor-596c57b57f-vvz4c,3,35
1789061651,processor-596c57b57f-vvz4c,3,35
1789061653,processor-596c57b57f-vvz4c,3,35
1789061655,processor-596c57b57f-vvz4c,3,35
1789061657,processor-596c57b57f-vvz4c,3,35
1789061659,processor-596c57b57f-vvz4c,3,35
1789061662,processor-596c57b57f-vvz4c,3,35
1789061664,processor-596c57b57f-vvz4c,3,35
1789061666,processor-596c57b57f-vvz4c,3,35
1789061668,processor-596c57b57f-vvz4c,3,35
1789061670,processor-596c57b57f-vvz4c,3,35
1789061672,processor-596c57b57f-vvz4c,3,35
1789061674,processor-596c57b57f-vvz4c,3,35
1789061676,processor-596c57b57f-vvz4c,3,35
1789061678,processor-596c57b57f-vvz4c,3,35
1789061680,processor-596c57b57f-vvz4c,3,35
1789061682,processor-596c57b57f-vvz4c,3,35
1789061685,processor-596c57b57f-vvz4c,3,35
1789061687,processor-596c57b57f-vvz4c,3,35
1789061689,processor-596c57b57f-vvz4c,3,35
1789061691,processor-596c57b57f-vvz4c,3,35
1789061693,processor-596c57b57f-vvz4c,3,35
1789061695,processor-596c57b57f-vvz4c,3,35
1789061697,processor-596c57b57f-vvz4c,3,35
1789061699,processor-596c57b57f-vvz4c,3,35
1789061701,processor-596c57b57f-vvz4c,3,35
1789061703,processor-596c57b57f-vvz4c,3,35
1789061705,processor-596c57b57f-vvz4c,3,35
1789061708,processor-596c57b57f-vvz4c,3,35
1789061710,processor-596c57b57f-vvz4c,3,35
1789061712,processor-596c57b57f-vvz4c,3,35
1789061714,processor-596c57b57f-vvz4c,3,35
1789061716,processor-596c57b57f-vvz4c,3,35
1789061718,processor-596c57b57f-vvz4c,3,35
1789061720,processor-596c57b57f-vvz4c,3,35
1789061722,processor-596c57b57f-vvz4c,3,35
1789061724,processor-596c57b57f-vvz4c,3,35
1789061726,processor-596c57b57f-vvz4c,3,35
1789061728,processor-596c57b57f-vvz4c,3,35
1789061731,processor-596c57b57f-vvz4c,3,35
1789061733,processor-596c57b57f-vvz4c,3,35
1789061735,processor-596c57b57f-vvz4c,3,35
1789061737,processor-596c57b57f-vvz4c,4,35
1789061739,processor-596c57b57f-vvz4c,4,35
1789061741,processor-596c57b57f-vvz4c,4,35
1789061743,processor-596c57b57f-vvz4c,4,35
1789061745,processor-596c57b57f-vvz4c,4,35
1789061747,processor-596c57b57f-vvz4c,4,35
1789061749,processor-596c57b57f-vvz4c,4,35
1789061751,processor-596c57b57f-vvz4c,3,35
1789061754,processor-596c57b57f-vvz4c,3,35
1789061756,processor-596c57b57f-vvz4c,3,35
1789061758,processor-596c57b57f-vvz4c,3,35
1789061760,processor-596c57b57f-vvz4c,3,35
1789061762,processor-596c57b57f-vvz4c,3,35
1789061764,processor-596c57b57f-vvz4c,3,35
1789061766,processor-596c57b57f-vvz4c,3,35
1789061768,processor-596c57b57f-vvz4c,3,35
1789061770,processor-596c57b57f-vvz4c,3,35
1789061772,processor-596c57b57f-vvz4c,3,35
1789061774,processor-596c57b57f-vvz4c,3,35
1789061777,processor-596c57b57f-vvz4c,3,35
1789061779,processor-596c57b57f-vvz4c,3,35
1789061781,processor-596c57b57f-vvz4c,3,35
1789061783,processor-596c57b57f-vvz4c,3,35
1789061785,processor-596c57b57f-vvz4c,3,35
1789061787,processor-596c57b57f-vvz4c,3,35
1789061789,processor-596c57b57f-vvz4c,3,35
1789061791,processor-596c57b57f-vvz4c,3,35
1789061793,processor-596c57b57f-vvz4c,3,35
1789061795,processor-596c57b57f-vvz4c,3,35
1789061797,processor-596c57b57f-vvz4c,3,35
1789061800,processor-596c57b57f-vvz4c,3,35
1789061802,processor-596c57b57f-vvz4c,3,35
1789061804,processor-596c57b57f-vvz4c,3,35
1789061806,processor-596c57b57f-vvz4c,3,35
1789061808,processor-596c57b57f-vvz4c,3,35
1789061810,processor-596c57b57f-vvz4c,3,35
1789061812,processor-596c57b57f-vvz4c,3,35
1789061814,processor-596c57b57f-vvz4c,3,35
1789061816,processor-596c57b57f-vvz4c,3,35
1789061818,processor-596c57b57f-vvz4c,3,35
1789061820,processor-596c57b57f-vvz4c,3,35
1789061823,processor-596c57b57f-vvz4c,3,35
1789061825,processor-596c57b57f-vvz4c,3,35
1789061827,processor-596c57b57f-vvz4c,3,35
1789061829,processor-596c57b57f-vvz4c,3,35
1789061831,processor-596c57b57f-vvz4c,3,35
1789061833,processor-596c57b57f-vvz4c,3,35
1789061835,processor-596c57b57f-vvz4c,3,35
1789061837,processor-596c57b57f-vvz4c,3,35
1789061839,processor-596c57b57f-vvz4c,3,35
1789061841,processor-596c57b57f-vvz4c,3,35
1789061843,processor-596c57b57f-vvz4c,3,35
1789061845,processor-596c57b57f-vvz4c,3,35
1789061848,processor-596c57b57f-vvz4c,3,35
1789061850,processor-596c57b57f-vvz4c,3,35
1789061852,processor-596c57b57f-vvz4c,3,35
1789061854,processor-596c57b57f-vvz4c,3,35
1789061856,processor-596c57b57f-vvz4c,3,35
1789061858,processor-596c57b57f-vvz4c,3,35
1789061860,processor-596c57b57f-vvz4c,3,35
1789061862,processor-596c57b57f-vvz4c,3,35
1789061864,processor-596c57b57f-vvz4c,3,35
1789061866,processor-596c57b57f-vvz4c,3,35
1789061868,processor-596c57b57f-vvz4c,3,35
1789061871,processor-596c57b57f-vvz4c,3,35
1789061873,processor-596c57b57f-vvz4c,3,35
1789061875,processor-596c57b57f-vvz4c,3,35
1789061877,processor-596c57b57f-vvz4c,3,35
1789061879,processor-596c57b57f-vvz4c,3,35
1789061881,processor-596c57b57f-vvz4c,3,35
1789061883,processor-596c57b57f-vvz4c,3,35
1789061885,processor-596c57b57f-vvz4c,3,35
1789061887,processor-596c57b57f-vvz4c,3,35
1789061889,processor-596c57b57f-vvz4c,3,35
1789061891,processor-596c57b57f-vvz4c,3,35
1789061894,processor-596c57b57f-vvz4c,3,35
1789061896,processor-596c57b57f-vvz4c,3,35
1789061898,processor-596c57b57f-vvz4c,3,35
1789061900,processor-596c57b57f-vvz4c,3,35
1789061902,processor-596c57b57f-vvz4c,4,35
1789061904,processor-596c57b57f-vvz4c,4,35
1789061906,processor-596c57b57f-vvz4c,4,35
1789061908,processor-596c57b57f-vvz4c,4,35
1789061910,processor-596c57b57f-vvz4c,4,35
1789061912,processor-596c57b57f-vvz4c,4,35
1789061914,processor-596c57b57f-vvz4c,4,35
1789061917,processor-596c57b57f-vvz4c,2,35
1789061919,processor-596c57b57f-vvz4c,2,35
1789061921,processor-596c57b57f-vvz4c,2,35
1789061923,processor-596c57b57f-vvz4c,2,35
1789061925,processor-596c57b57f-vvz4c,2,35
1789061927,processor-596c57b57f-vvz4c,2,35
1789061929,processor-596c57b57f-vvz4c,2,35
1789061931,processor-596c57b57f-vvz4c,3,35
1789061933,processor-596c57b57f-vvz4c,3,35
1789061935,processor-596c57b57f-vvz4c,3,35
1789061937,processor-596c57b57f-vvz4c,3,35
1789061940,processor-596c57b57f-vvz4c,3,35
1789061942,processor-596c57b57f-vvz4c,3,35
1789061944,processor-596c57b57f-vvz4c,3,35
1789061946,processor-596c57b57f-vvz4c,3,35
1789061948,processor-596c57b57f-vvz4c,3,35
1789061950,processor-596c57b57f-vvz4c,3,35
1789061952,processor-596c57b57f-vvz4c,3,35
1789061954,processor-596c57b57f-vvz4c,3,35
1789061956,processor-596c57b57f-vvz4c,3,35
1789061958,processor-596c57b57f-vvz4c,3,35
1789061960,processor-596c57b57f-vvz4c,3,35
1789061963,processor-596c57b57f-vvz4c,3,35
1789061965,processor-596c57b57f-vvz4c,3,35
1789061967,processor-596c57b57f-vvz4c,3,35
1789061969,processor-596c57b57f-vvz4c,3,35
1789061971,processor-596c57b57f-vvz4c,3,35
1789061973,processor-596c57b57f-vvz4c,3,35
1789061975,processor-596c57b57f-vvz4c,3,35
1789061977,processor-596c57b57f-vvz4c,3,35
1789061979,processor-596c57b57f-vvz4c,3,35
1789061981,processor-596c57b57f-vvz4c,3,35
1789061983,processor-596c57b57f-vvz4c,3,35
1789061986,processor-596c57b57f-vvz4c,3,35
1789061988,processor-596c57b57f-vvz4c,3,35
1789061990,processor-596c57b57f-vvz4c,3,35
1789061992,processor-596c57b57f-vvz4c,3,35
1789061994,processor-596c57b57f-vvz4c,3,35
1789061996,processor-596c57b57f-vvz4c,3,35
1789061998,processor-596c57b57f-vvz4c,3,35
1789062000,processor-596c57b57f-vvz4c,3,35
1789062002,processor-596c57b57f-vvz4c,3,35
1789062004,processor-596c57b57f-vvz4c,3,35
1789062006,processor-596c57b57f-vvz4c,3,35
1789062009,processor-596c57b57f-vvz4c,3,35
1789062011,processor-596c57b57f-vvz4c,3,35
1789062013,processor-596c57b57f-vvz4c,3,35
1789062015,processor-596c57b57f-vvz4c,3,35
1789062017,processor-596c57b57f-vvz4c,3,35
1789062019,processor-596c57b57f-vvz4c,3,35
1789062021,processor-596c57b57f-vvz4c,4,35
1789062023,processor-596c57b57f-vvz4c,4,35
1789062025,processor-596c57b57f-vvz4c,4,35
1789062027,processor-596c57b57f-vvz4c,4,35
1789062029,processor-596c57b57f-vvz4c,4,35
1789062032,processor-596c57b57f-vvz4c,4,35
1789062034,processor-596c57b57f-vvz4c,4,35
1789062036,processor-596c57b57f-vvz4c,3,35
1789062038,processor-596c57b57f-vvz4c,3,35
1789062040,processor-596c57b57f-vvz4c,3,35
1789062042,processor-596c57b57f-vvz4c,3,35
1789062044,processor-596c57b57f-vvz4c,3,35
1789062046,processor-596c57b57f-vvz4c,3,35
1789062048,processor-596c57b57f-vvz4c,3,35
1789062050,processor-596c57b57f-vvz4c,3,35
1789062052,processor-596c57b57f-vvz4c,3,35
1789062055,processor-596c57b57f-vvz4c,3,35
1789062057,processor-596c57b57f-vvz4c,3,35
1789062059,processor-596c57b57f-vvz4c,3,35
1789062061,processor-596c57b57f-vvz4c,3,35
1789062063,processor-596c57b57f-vvz4c,3,35
1789062065,processor-596c57b57f-vvz4c,3,35
1789062067,processor-596c57b57f-vvz4c,3,35
1789062069,processor-596c57b57f-vvz4c,3,35
1789062071,processor-596c57b57f-vvz4c,3,35
1789062073,processor-596c57b57f-vvz4c,3,35
1789062075,processor-596c57b57f-vvz4c,3,35
1789062078,processor-596c57b57f-vvz4c,3,35
1789062080,processor-596c57b57f-vvz4c,3,35
1789062082,processor-596c57b57f-vvz4c,3,35
1789062084,processor-596c57b57f-vvz4c,3,35
1789062086,processor-596c57b57f-vvz4c,3,35
1789062088,processor-596c57b57f-vvz4c,3,35
1789062090,processor-596c57b57f-vvz4c,3,35
1789062092,processor-596c57b57f-vvz4c,3,35
1789062094,processor-596c57b57f-vvz4c,3,35
1789062096,processor-596c57b57f-vvz4c,2,35
1789062099,processor-596c57b57f-vvz4c,2,35
1789062101,processor-596c57b57f-vvz4c,2,35
1789062103,processor-596c57b57f-vvz4c,2,35
1789062105,processor-596c57b57f-vvz4c,2,35
1789062107,processor-596c57b57f-vvz4c,2,35
1789062109,processor-596c57b57f-vvz4c,2,35
1789062111,processor-596c57b57f-vvz4c,2,35
1789062113,processor-596c57b57f-vvz4c,2,35
1789062115,processor-596c57b57f-vvz4c,2,35
1789062117,processor-596c57b57f-vvz4c,2,35
1789062120,processor-596c57b57f-vvz4c,2,35
1789062122,processor-596c57b57f-vvz4c,2,35
1789062124,processor-596c57b57f-vvz4c,2,35
1789062126,processor-596c57b57f-vvz4c,3,35
1789062128,processor-596c57b57f-vvz4c,3,35
1789062130,processor-596c57b57f-vvz4c,3,35
1789062132,processor-596c57b57f-vvz4c,3,35
1789062134,processor-596c57b57f-vvz4c,3,35
1789062136,processor-596c57b57f-vvz4c,3,35
1789062138,processor-596c57b57f-vvz4c,3,35
1789062140,processor-596c57b57f-vvz4c,3,35
1789062143,processor-596c57b57f-vvz4c,3,35
1789062145,processor-596c57b57f-vvz4c,3,35
1789062147,processor-596c57b57f-vvz4c,3,35
1789062149,processor-596c57b57f-vvz4c,3,35
1789062151,processor-596c57b57f-vvz4c,3,35
1789062153,processor-596c57b57f-vvz4c,3,35
1789062155,processor-596c57b57f-vvz4c,3,35
1789062157,processor-596c57b57f-vvz4c,3,35
1789062159,processor-596c57b57f-vvz4c,3,35
1789062161,processor-596c57b57f-vvz4c,3,35
1789062164,processor-596c57b57f-vvz4c,3,35
1789062166,processor-596c57b57f-vvz4c,3,35
1789062168,processor-596c57b57f-vvz4c,3,35
1789062170,processor-596c57b57f-vvz4c,3,35
1789062172,processor-596c57b57f-vvz4c,3,35
1789062174,processor-596c57b57f-vvz4c,3,35
1789062176,processor-596c57b57f-vvz4c,3,35
1789062178,processor-596c57b57f-vvz4c,3,35
1789062180,processor-596c57b57f-vvz4c,3,35
1789062182,processor-596c57b57f-vvz4c,3,35
1789062184,processor-596c57b57f-vvz4c,3,35
1789062187,processor-596c57b57f-vvz4c,3,35
1789062189,processor-596c57b57f-vvz4c,3,35
1789062191,processor-596c57b57f-vvz4c,3,35
1789062193,processor-596c57b57f-vvz4c,3,35
1789062195,processor-596c57b57f-vvz4c,3,35
1789062197,processor-596c57b57f-vvz4c,3,35
1789062199,processor-596c57b57f-vvz4c,3,35
1789062201,processor-596c57b57f-vvz4c,3,35
1789062203,processor-596c57b57f-vvz4c,3,35
1789062205,processor-596c57b57f-vvz4c,3,35
1789062207,processor-596c57b57f-vvz4c,3,35
1789062210,processor-596c57b57f-vvz4c,3,35
1789062212,processor-596c57b57f-vvz4c,3,35
1789062214,processor-596c57b57f-vvz4c,3,35
1789062216,processor-596c57b57f-vvz4c,3,35
1789062218,processor-596c57b57f-vvz4c,3,35
1789062220,processor-596c57b57f-vvz4c,3,35
1789062222,processor-596c57b57f-vvz4c,3,35
1789062224,processor-596c57b57f-vvz4c,3,35
1789062226,processor-596c57b57f-vvz4c,3,35
1789062228,processor-596c57b57f-vvz4c,3,35
1789062230,processor-596c57b57f-vvz4c,3,35
1789062233,processor-596c57b57f-vvz4c,3,35
1789062235,processor-596c57b57f-vvz4c,3,35
1789062237,processor-596c57b57f-vvz4c,3,35
1789062239,processor-596c57b57f-vvz4c,3,35
1789062241,processor-596c57b57f-vvz4c,3,35
1789062243,processor-596c57b57f-vvz4c,3,35
1789062245,processor-596c57b57f-vvz4c,3,35
1789062247,processor-596c57b57f-vvz4c,3,35
1789062249,processor-596c57b57f-vvz4c,3,35
1789062251,processor-596c57b57f-vvz4c,3,35
1789062253,processor-596c57b57f-vvz4c,3,35
1789062256,processor-596c57b57f-vvz4c,3,35
1789062258,processor-596c57b57f-vvz4c,3,35
1789062260,processor-596c57b57f-vvz4c,3,35
1789062262,processor-596c57b57f-vvz4c,3,35
1789062264,processor-596c57b57f-vvz4c,3,35
1789062266,processor-596c57b57f-vvz4c,3,35
1789062268,processor-596c57b57f-vvz4c,3,35
1789062270,processor-596c57b57f-vvz4c,3,35
1789062272,processor-596c57b57f-vvz4c,3,35
1789062274,processor-596c57b57f-vvz4c,3,35
1789062276,processor-596c57b57f-vvz4c,3,35
1789062279,processor-596c57b57f-vvz4c,3,35
1789062281,processor-596c57b57f-vvz4c,3,35
1789062283,processor-596c57b57f-vvz4c,3,35
1789062285,processor-596c57b57f-vvz4c,3,35
1789062287,processor-596c57b57f-vvz4c,3,35
1789062289,processor-596c57b57f-vvz4c,3,35
1789062291,processor-596c57b57f-vvz4c,3,35
1789062293,processor-596c57b57f-vvz4c,3,35
1789062295,processor-596c57b57f-vvz4c,3,35
1789062297,processor-596c57b57f-vvz4c,3,35
1789062299,processor-596c57b57f-vvz4c,3,35
1789062302,processor-596c57b57f-vvz4c,3,35
1789062304,processor-596c57b57f-vvz4c,3,35
1789062306,processor-596c57b57f-vvz4c,3,35
1789062308,processor-596c57b57f-vvz4c,3,35
1789062310,processor-596c57b57f-vvz4c,3,35
1789062312,processor-596c57b57f-vvz4c,3,35
1789062314,processor-596c57b57f-vvz4c,3,35
1789062316,processor-596c57b57f-vvz4c,3,35
1789062318,processor-596c57b57f-vvz4c,3,35
1789062320,processor-596c57b57f-vvz4c,3,35
1789062322,processor-596c57b57f-vvz4c,3,35
1789062325,processor-596c57b57f-vvz4c,3,35
1789062327,processor-596c57b57f-vvz4c,3,35
1789062329,processor-596c57b57f-vvz4c,3,35
1789062331,processor-596c57b57f-vvz4c,3,35
1789062333,processor-596c57b57f-vvz4c,3,35
1789062335,processor-596c57b57f-vvz4c,3,35
1789062337,processor-596c57b57f-vvz4c,3,35
1789062339,processor-596c57b57f-vvz4c,3,35
1789062341,processor-596c57b57f-vvz4c,3,35
1789062343,processor-596c57b57f-vvz4c,3,35
1789062345,processor-596c57b57f-vvz4c,3,35
1789062348,processor-596c57b57f-vvz4c,3,35
1789062350,processor-596c57b57f-vvz4c,3,35
1789062352,processor-596c57b57f-vvz4c,3,35
1789062354,processor-596c57b57f-vvz4c,3,35
1789062356,processor-596c57b57f-vvz4c,3,35
1789062358,processor-596c57b57f-vvz4c,3,35
1789062360,processor-596c57b57f-vvz4c,3,35
1789062362,processor-596c57b57f-vvz4c,3,35
1789062364,processor-596c57b57f-vvz4c,3,35
1789062366,processor-596c57b57f-vvz4c,3,35
1789062368,processor-596c57b57f-vvz4c,3,35
1789062371,processor-596c57b57f-vvz4c,3,35
1789062373,processor-596c57b57f-vvz4c,3,35
1789062375,processor-596c57b57f-vvz4c,3,35
1789062377,processor-596c57b57f-vvz4c,3,35
1789062379,processor-596c57b57f-vvz4c,3,35
1789062381,processor-596c57b57f-vvz4c,4,35
1789062383,processor-596c57b57f-vvz4c,4,35
1789062385,processor-596c57b57f-vvz4c,4,35
1789062387,processor-596c57b57f-vvz4c,4,35
1789062389,processor-596c57b57f-vvz4c,4,35
1789062391,processor-596c57b57f-vvz4c,4,35
1789062394,processor-596c57b57f-vvz4c,4,35
1789062396,processor-596c57b57f-vvz4c,3,35
1789062398,processor-596c57b57f-vvz4c,3,35
1789062400,processor-596c57b57f-vvz4c,3,35
1789062402,processor-596c57b57f-vvz4c,3,35
1789062404,processor-596c57b57f-vvz4c,3,35
1789062406,processor-596c57b57f-vvz4c,3,35
1789062408,processor-596c57b57f-vvz4c,3,35
1789062410,processor-596c57b57f-vvz4c,3,35
1789062412,processor-596c57b57f-vvz4c,3,35
1789062414,processor-596c57b57f-vvz4c,3,35
1789062417,processor-596c57b57f-vvz4c,3,35
1789062419,processor-596c57b57f-vvz4c,3,35
1789062421,processor-596c57b57f-vvz4c,3,35
1789062423,processor-596c57b57f-vvz4c,3,35
1789062425,processor-596c57b57f-vvz4c,3,35
1789062427,processor-596c57b57f-vvz4c,3,35
1789062429,processor-596c57b57f-vvz4c,3,35
1789062431,processor-596c57b57f-vvz4c,3,35
1789062433,processor-596c57b57f-vvz4c,3,35
1789062435,processor-596c57b57f-vvz4c,3,35
1789062438,processor-596c57b57f-vvz4c,3,35
1789062440,processor-596c57b57f-vvz4c,3,35
1789062442,processor-596c57b57f-vvz4c,3,35
1789062444,processor-596c57b57f-vvz4c,3,35
1789062446,processor-596c57b57f-vvz4c,3,35
1789062448,processor-596c57b57f-vvz4c,3,35
1789062450,processor-596c57b57f-vvz4c,3,35
1789062452,processor-596c57b57f-vvz4c,3,35
1789062454,processor-596c57b57f-vvz4c,3,35
1789062456,processor-596c57b57f-vvz4c,2,35
1789062458,processor-596c57b57f-vvz4c,2,35
1789062460,processor-596c57b57f-vvz4c,2,35
1789062463,processor-596c57b57f-vvz4c,2,35
1789062465,processor-596c57b57f-vvz4c,2,35
1789062467,processor-596c57b57f-vvz4c,2,35
1789062469,processor-596c57b57f-vvz4c,2,35
1789062471,processor-596c57b57f-vvz4c,3,35
1789062473,processor-596c57b57f-vvz4c,3,35
1789062475,processor-596c57b57f-vvz4c,3,35
1789062477,processor-596c57b57f-vvz4c,3,35
1789062479,processor-596c57b57f-vvz4c,3,35
1789062481,processor-596c57b57f-vvz4c,3,35
1789062483,processor-596c57b57f-vvz4c,3,35
1789062486,processor-596c57b57f-vvz4c,3,35
1789062488,processor-596c57b57f-vvz4c,3,35
1789062490,processor-596c57b57f-vvz4c,3,35
1789062492,processor-596c57b57f-vvz4c,3,35
1789062494,processor-596c57b57f-vvz4c,3,35
1789062496,processor-596c57b57f-vvz4c,3,35
1789062498,processor-596c57b57f-vvz4c,3,35
1789062500,processor-596c57b57f-vvz4c,3,35
1789062502,processor-596c57b57f-vvz4c,4,35
1789062504,processor-596c57b57f-vvz4c,4,35
1789062506,processor-596c57b57f-vvz4c,4,35
1789062509,processor-596c57b57f-vvz4c,4,35
1789062511,processor-596c57b57f-vvz4c,4,35
1789062513,processor-596c57b57f-vvz4c,4,35
1789062515,processor-596c57b57f-vvz4c,4,35
1789062517,processor-596c57b57f-vvz4c,3,35
1789062519,processor-596c57b57f-vvz4c,3,35
1789062521,processor-596c57b57f-vvz4c,3,35
1789062523,processor-596c57b57f-vvz4c,3,35
1789062525,processor-596c57b57f-vvz4c,3,35
1789062527,processor-596c57b57f-vvz4c,3,35
1789062529,processor-596c57b57f-vvz4c,3,35
1789062532,processor-596c57b57f-vvz4c,3,35
1789062534,processor-596c57b57f-vvz4c,3,35
1789062536,processor-596c57b57f-vvz4c,3,35
1789062538,processor-596c57b57f-vvz4c,3,35
1789062540,processor-596c57b57f-vvz4c,3,35
1789062542,processor-596c57b57f-vvz4c,3,35
1789062544,processor-596c57b57f-vvz4c,3,35
1789062546,processor-596c57b57f-vvz4c,2,35
1789062548,processor-596c57b57f-vvz4c,2,35
1789062550,processor-596c57b57f-vvz4c,2,35
1789062552,processor-596c57b57f-vvz4c,2,35
1789062555,processor-596c57b57f-vvz4c,2,35
1789062557,processor-596c57b57f-vvz4c,2,35
1789062559,processor-596c57b57f-vvz4c,2,35
1789062561,processor-596c57b57f-vvz4c,2,35
1789062563,processor-596c57b57f-vvz4c,2,35
1789062565,processor-596c57b57f-vvz4c,2,35
1789062567,processor-596c57b57f-vvz4c,2,35
1789062569,processor-596c57b57f-vvz4c,2,35
1789062571,processor-596c57b57f-vvz4c,2,35
1789062573,processor-596c57b57f-vvz4c,2,35
1789062575,processor-596c57b57f-vvz4c,3,35
1789062578,processor-596c57b57f-vvz4c,3,35
1789062580,processor-596c57b57f-vvz4c,3,35
1789062582,processor-596c57b57f-vvz4c,3,35
1789062584,processor-596c57b57f-vvz4c,3,35
1789062586,processor-596c57b57f-vvz4c,3,35
1789062588,processor-596c57b57f-vvz4c,3,35
1789062590,processor-596c57b57f-vvz4c,3,35
1789062592,processor-596c57b57f-vvz4c,3,35
1789062594,processor-596c57b57f-vvz4c,3,35
1789062596,processor-596c57b57f-vvz4c,3,35
1789062599,processor-596c57b57f-vvz4c,3,35
1789062601,processor-596c57b57f-vvz4c,3,35
1789062603,processor-596c57b57f-vvz4c,3,35
1789062605,processor-596c57b57f-vvz4c,3,35
1789062607,processor-596c57b57f-vvz4c,3,35
1789062609,processor-596c57b57f-vvz4c,3,35
1789062611,processor-596c57b57f-vvz4c,3,35
1789062613,processor-596c57b57f-vvz4c,3,35
1789062615,processor-596c57b57f-vvz4c,3,35
1789062617,processor-596c57b57f-vvz4c,3,35
1789062619,processor-596c57b57f-vvz4c,3,35
1789062622,processor-596c57b57f-vvz4c,3,35
1789062624,processor-596c57b57f-vvz4c,3,35
1789062626,processor-596c57b57f-vvz4c,3,35
1789062628,processor-596c57b57f-vvz4c,3,35
1789062630,processor-596c57b57f-vvz4c,3,35
1789062632,processor-596c57b57f-vvz4c,3,35
1789062634,processor-596c57b57f-vvz4c,3,35
1789062636,processor-596c57b57f-vvz4c,3,35
1789062638,processor-596c57b57f-vvz4c,3,35
1789062640,processor-596c57b57f-vvz4c,3,35
1789062643,processor-596c57b57f-vvz4c,3,35
1789062645,processor-596c57b57f-vvz4c,3,35
1789062647,processor-596c57b57f-vvz4c,3,35
1789062649,processor-596c57b57f-vvz4c,3,35
1789062651,processor-596c57b57f-vvz4c,3,35
1789062653,processor-596c57b57f-vvz4c,3,35
1789062655,processor-596c57b57f-vvz4c,3,35
1789062657,processor-596c57b57f-vvz4c,3,35
1789062659,processor-596c57b57f-vvz4c,3,35
1789062661,processor-596c57b57f-vvz4c,3,35
1789062663,processor-596c57b57f-vvz4c,3,35
1789062666,processor-596c57b57f-vvz4c,3,35
1789062668,processor-596c57b57f-vvz4c,3,35
1789062670,processor-596c57b57f-vvz4c,3,35
1789062672,processor-596c57b57f-vvz4c,3,35
1789062674,processor-596c57b57f-vvz4c,3,35
1789062676,processor-596c57b57f-vvz4c,3,35
1789062678,processor-596c57b57f-vvz4c,3,35
1789062680,processor-596c57b57f-vvz4c,3,35
1789062682,processor-596c57b57f-vvz4c,3,35
1789062684,processor-596c57b57f-vvz4c,3,35
1789062687,processor-596c57b57f-vvz4c,3,35
1789062689,processor-596c57b57f-vvz4c,3,35
1789062691,processor-596c57b57f-vvz4c,3,35
1789062693,processor-596c57b57f-vvz4c,3,35
1789062695,processor-596c57b57f-vvz4c,3,35
1789062697,processor-596c57b57f-vvz4c,2,35
1789062699,processor-596c57b57f-vvz4c,2,35
1789062701,processor-596c57b57f-vvz4c,2,35
1789062703,processor-596c57b57f-vvz4c,2,35
1789062705,processor-596c57b57f-vvz4c,2,35
1789062707,processor-596c57b57f-vvz4c,2,35
1789062710,processor-596c57b57f-vvz4c,2,35
1789062712,processor-596c57b57f-vvz4c,3,35
1789062714,processor-596c57b57f-vvz4c,3,35
1789062716,processor-596c57b57f-vvz4c,3,35
1789062718,processor-596c57b57f-vvz4c,3,35
1789062720,processor-596c57b57f-vvz4c,3,35
1789062722,processor-596c57b57f-vvz4c,3,35
1789062724,processor-596c57b57f-vvz4c,3,35
1789062726,processor-596c57b57f-vvz4c,3,35
1789062728,processor-596c57b57f-vvz4c,3,35
1789062730,processor-596c57b57f-vvz4c,3,35
1789062733,processor-596c57b57f-vvz4c,3,35
1789062735,processor-596c57b57f-vvz4c,3,35
1789062737,processor-596c57b57f-vvz4c,3,35
1789062739,processor-596c57b57f-vvz4c,3,35
1789062741,processor-596c57b57f-vvz4c,3,35
1789062743,processor-596c57b57f-vvz4c,3,35
1789062745,processor-596c57b57f-vvz4c,3,35
1789062747,processor-596c57b57f-vvz4c,3,35
1789062749,processor-596c57b57f-vvz4c,3,35
1789062751,processor-596c57b57f-vvz4c,3,35
1789062754,processor-596c57b57f-vvz4c,3,35
1789062756,processor-596c57b57f-vvz4c,2,35
1789062758,processor-596c57b57f-vvz4c,2,35
1789062760,processor-596c57b57f-vvz4c,2,35
1789062762,processor-596c57b57f-vvz4c,2,35
1789062764,processor-596c57b57f-vvz4c,2,35
1789062766,processor-596c57b57f-vvz4c,2,35
1789062768,processor-596c57b57f-vvz4c,2,35
1789062770,processor-596c57b57f-vvz4c,2,35
1789062772,processor-596c57b57f-vvz4c,3,35
1789062774,processor-596c57b57f-vvz4c,3,35
1789062777,processor-596c57b57f-vvz4c,3,35
1789062779,processor-596c57b57f-vvz4c,3,35
1789062781,processor-596c57b57f-vvz4c,3,35
1789062783,processor-596c57b57f-vvz4c,3,35
1789062785,processor-596c57b57f-vvz4c,3,35
1789062787,processor-596c57b57f-vvz4c,3,35
1789062789,processor-596c57b57f-vvz4c,3,35
1789062791,processor-596c57b57f-vvz4c,3,35
1789062793,processor-596c57b57f-vvz4c,3,35
1789062795,processor-596c57b57f-vvz4c,3,35
1789062797,processor-596c57b57f-vvz4c,3,35
1789062800,processor-596c57b57f-vvz4c,3,35
1789062802,processor-596c57b57f-vvz4c,3,35
1789062804,processor-596c57b57f-vvz4c,3,35
1789062806,processor-596c57b57f-vvz4c,3,35
1789062808,processor-596c57b57f-vvz4c,3,35
1789062810,processor-596c57b57f-vvz4c,3,35
1789062812,processor-596c57b57f-vvz4c,3,35
1789062814,processor-596c57b57f-vvz4c,3,35
1789062816,processor-596c57b57f-vvz4c,3,35
1789062818,processor-596c57b57f-vvz4c,3,35
1789062821,processor-596c57b57f-vvz4c,3,35
1789062823,processor-596c57b57f-vvz4c,3,35
1789062825,processor-596c57b57f-vvz4c,3,35
1789062827,processor-596c57b57f-vvz4c,3,35
1789062829,processor-596c57b57f-vvz4c,3,35
1789062831,processor-596c57b57f-vvz4c,3,35
1789062833,processor-596c57b57f-vvz4c,3,35
1789062835,processor-596c57b57f-vvz4c,3,35
1789062837,processor-596c57b57f-vvz4c,3,35
1789062839,processor-596c57b57f-vvz4c,3,35
1789062841,processor-596c57b57f-vvz4c,3,35
1789062844,processor-596c57b57f-vvz4c,3,35
1789062846,processor-596c57b57f-vvz4c,3,35
1789062848,processor-596c57b57f-vvz4c,3,35
1789062850,processor-596c57b57f-vvz4c,3,35
1789062852,processor-596c57b57f-vvz4c,3,35
1789062854,processor-596c57b57f-vvz4c,3,35
1789062856,processor-596c57b57f-vvz4c,3,35
1789062858,processor-596c57b57f-vvz4c,3,35
1789062860,processor-596c57b57f-vvz4c,3,35
1789062862,processor-596c57b57f-vvz4c,3,35
1789062865,processor-596c57b57f-vvz4c,3,35
1789062867,processor-596c57b57f-vvz4c,3,35
1789062869,processor-596c57b57f-vvz4c,3,35
1789062871,processor-596c57b57f-vvz4c,3,35
1789062873,processor-596c57b57f-vvz4c,3,35
1789062875,processor-596c57b57f-vvz4c,3,35
1789062877,processor-596c57b57f-vvz4c,3,35
1789062879,processor-596c57b57f-vvz4c,3,35
1789062881,processor-596c57b57f-vvz4c,3,35
1789062883,processor-596c57b57f-vvz4c,3,35
1789062885,processor-596c57b57f-vvz4c,3,35
1789062888,processor-596c57b57f-vvz4c,3,35
1789062890,processor-596c57b57f-vvz4c,3,35
1789062892,processor-596c57b57f-vvz4c,3,35
1789062894,processor-596c57b57f-vvz4c,3,35
1789062896,processor-596c57b57f-vvz4c,3,35
1789062898,processor-596c57b57f-vvz4c,3,35
1789062900,processor-596c57b57f-vvz4c,3,35
1789062902,processor-596c57b57f-vvz4c,3,35
1789062904,processor-596c57b57f-vvz4c,3,35
1789062906,processor-596c57b57f-vvz4c,3,35
1789062908,processor-596c57b57f-vvz4c,3,35
1789062911,processor-596c57b57f-vvz4c,3,35
1789062913,processor-596c57b57f-vvz4c,3,35
1789062915,processor-596c57b57f-vvz4c,3,35
1789062917,processor-596c57b57f-vvz4c,3,35
1789062919,processor-596c57b57f-vvz4c,3,35
1789062921,processor-596c57b57f-vvz4c,3,35
1789062923,processor-596c57b57f-vvz4c,3,35
1789062925,processor-596c57b57f-vvz4c,3,35
1789062927,processor-596c57b57f-vvz4c,3,35
1789062929,processor-596c57b57f-vvz4c,3,35
1789062932,processor-596c57b57f-vvz4c,3,35
1789062934,processor-596c57b57f-vvz4c,3,35
1789062936,processor-596c57b57f-vvz4c,3,35
1789062938,processor-596c57b57f-vvz4c,3,35
1789062940,processor-596c57b57f-vvz4c,3,35
1789062942,processor-596c57b57f-vvz4c,3,35
1789062944,processor-596c57b57f-vvz4c,3,35
1789062946,processor-596c57b57f-vvz4c,3,35
1789062948,processor-596c57b57f-vvz4c,3,35
1789062950,processor-596c57b57f-vvz4c,3,35
1789062952,processor-596c57b57f-vvz4c,3,35
1789062955,processor-596c57b57f-vvz4c,3,35
1789062957,processor-596c57b57f-vvz4c,3,35
1789062959,processor-596c57b57f-vvz4c,3,35
1789062961,processor-596c57b57f-vvz4c,3,35
1789062963,processor-596c57b57f-vvz4c,3,35
1789062965,processor-596c57b57f-vvz4c,3,35
1789062967,processor-596c57b57f-vvz4c,3,35
1789062969,processor-596c57b57f-vvz4c,3,35
1789062971,processor-596c57b57f-vvz4c,3,35
1789062973,processor-596c57b57f-vvz4c,3,35
1789062976,processor-596c57b57f-vvz4c,3,35
1789062978,processor-596c57b57f-vvz4c,3,35
1789062980,processor-596c57b57f-vvz4c,3,35
1789062982,processor-596c57b57f-vvz4c,3,35
1789062984,processor-596c57b57f-vvz4c,3,35
1789062986,processor-596c57b57f-vvz4c,3,35
1789062988,processor-596c57b57f-vvz4c,3,35
1789062990,processor-596c57b57f-vvz4c,3,35
1789062992,processor-596c57b57f-vvz4c,3,35
1789062994,processor-596c57b57f-vvz4c,3,35
1789062996,processor-596c57b57f-vvz4c,2,35
1789062999,processor-596c57b57f-vvz4c,2,35
1789063001,processor-596c57b57f-vvz4c,2,35
1789063003,processor-596c57b57f-vvz4c,2,35
1789063005,processor-596c57b57f-vvz4c,2,35
1789063007,processor-596c57b57f-vvz4c,2,35
1789063009,processor-596c57b57f-vvz4c,2,35
1789063011,processor-596c57b57f-vvz4c,3,35
1789063013,processor-596c57b57f-vvz4c,3,35
1789063015,processor-596c57b57f-vvz4c,3,35
1789063017,processor-596c57b57f-vvz4c,3,35
1789063020,processor-596c57b57f-vvz4c,3,35
1789063022,processor-596c57b57f-vvz4c,3,35
1789063024,processor-596c57b57f-vvz4c,3,35
1789063026,processor-596c57b57f-vvz4c,3,35
1789063028,processor-596c57b57f-vvz4c,3,35
1789063030,processor-596c57b57f-vvz4c,3,35
1789063032,processor-596c57b57f-vvz4c,3,35
1789063034,processor-596c57b57f-vvz4c,3,35
1789063036,processor-596c57b57f-vvz4c,3,35
1789063038,processor-596c57b57f-vvz4c,3,35
1789063040,processor-596c57b57f-vvz4c,3,35
1789063043,processor-596c57b57f-vvz4c,4,35
1789063045,processor-596c57b57f-vvz4c,4,35
1789063047,processor-596c57b57f-vvz4c,4,35
1789063049,processor-596c57b57f-vvz4c,4,35
1789063051,processor-596c57b57f-vvz4c,4,35
1789063053,processor-596c57b57f-vvz4c,4,35
1789063055,processor-596c57b57f-vvz4c,4,35
1789063057,processor-596c57b57f-vvz4c,3,35
1789063059,processor-596c57b57f-vvz4c,3,35
1789063061,processor-596c57b57f-vvz4c,3,35
1789063064,processor-596c57b57f-vvz4c,3,35
1789063066,processor-596c57b57f-vvz4c,3,35
1789063068,processor-596c57b57f-vvz4c,3,35
1789063070,processor-596c57b57f-vvz4c,3,35
1789063072,processor-596c57b57f-vvz4c,3,35
1789063074,processor-596c57b57f-vvz4c,3,35
1789063076,processor-596c57b57f-vvz4c,3,35
1789063078,processor-596c57b57f-vvz4c,3,35
1789063080,processor-596c57b57f-vvz4c,3,35
1789063082,processor-596c57b57f-vvz4c,3,35
1789063084,processor-596c57b57f-vvz4c,3,35
1789063087,processor-596c57b57f-vvz4c,3,35
1789063089,processor-596c57b57f-vvz4c,3,35
1789063091,processor-596c57b57f-vvz4c,3,35
1789063093,processor-596c57b57f-vvz4c,3,35
1789063095,processor-596c57b57f-vvz4c,3,35
1789063097,processor-596c57b57f-vvz4c,3,35
1789063099,processor-596c57b57f-vvz4c,3,35
1789063101,processor-596c57b57f-vvz4c,3,35
1789063103,processor-596c57b57f-vvz4c,3,35
1789063105,processor-596c57b57f-vvz4c,3,35
1789063108,processor-596c57b57f-vvz4c,3,35
1789063110,processor-596c57b57f-vvz4c,3,35
1789063112,processor-596c57b57f-vvz4c,3,35
1789063114,processor-596c57b57f-vvz4c,3,35
1789063116,processor-596c57b57f-vvz4c,3,35
1789063118,processor-596c57b57f-vvz4c,3,35
1789063120,processor-596c57b57f-vvz4c,3,35
1789063122,processor-596c57b57f-vvz4c,3,35
1789063124,processor-596c57b57f-vvz4c,3,35
1789063126,processor-596c57b57f-vvz4c,3,35
1789063128,processor-596c57b57f-vvz4c,3,35
1789063131,processor-596c57b57f-vvz4c,3,35
1789063133,processor-596c57b57f-vvz4c,3,35
1789063135,processor-596c57b57f-vvz4c,3,35
1789063137,processor-596c57b57f-vvz4c,3,35
1789063139,processor-596c57b57f-vvz4c,3,35
1789063141,processor-596c57b57f-vvz4c,3,35
1789063143,processor-596c57b57f-vvz4c,3,35
1789063145,processor-596c57b57f-vvz4c,3,35
1789063147,processor-596c57b57f-vvz4c,3,35
1789063149,processor-596c57b57f-vvz4c,3,35
1789063151,processor-596c57b57f-vvz4c,3,35
1789063154,processor-596c57b57f-vvz4c,3,35
1789063156,processor-596c57b57f-vvz4c,3,35
1789063158,processor-596c57b57f-vvz4c,3,35
1789063160,processor-596c57b57f-vvz4c,3,35
1789063162,processor-596c57b57f-vvz4c,3,35
1789063164,processor-596c57b57f-vvz4c,3,35
1789063166,processor-596c57b57f-vvz4c,3,35
1789063168,processor-596c57b57f-vvz4c,3,35
1789063170,processor-596c57b57f-vvz4c,3,35
1789063172,processor-596c57b57f-vvz4c,3,35
1789063175,processor-596c57b57f-vvz4c,3,35
1789063177,processor-596c57b57f-vvz4c,3,35
1789063179,processor-596c57b57f-vvz4c,3,35
1789063181,processor-596c57b57f-vvz4c,3,35
1789063183,processor-596c57b57f-vvz4c,3,35
1789063185,processor-596c57b57f-vvz4c,3,35
1789063187,processor-596c57b57f-vvz4c,3,35
1789063189,processor-596c57b57f-vvz4c,3,35
1789063191,processor-596c57b57f-vvz4c,3,35
1789063193,processor-596c57b57f-vvz4c,3,35
1789063195,processor-596c57b57f-vvz4c,3,35
1789063198,processor-596c57b57f-vvz4c,3,35
1789063200,processor-596c57b57f-vvz4c,3,35
1789063202,processor-596c57b57f-vvz4c,3,35
1789063204,processor-596c57b57f-vvz4c,3,35
1789063206,processor-596c57b57f-vvz4c,3,35
1789063208,processor-596c57b57f-vvz4c,3,35
1789063210,processor-596c57b57f-vvz4c,3,35
1789063212,processor-596c57b57f-vvz4c,3,35
1789063214,processor-596c57b57f-vvz4c,3,35
1789063216,processor-596c57b57f-vvz4c,3,35
1789063218,processor-596c57b57f-vvz4c,3,35
1789063221,processor-596c57b57f-vvz4c,3,35
1789063223,processor-596c57b57f-vvz4c,3,35
1789063225,processor-596c57b57f-vvz4c,3,35
1789063227,processor-596c57b57f-vvz4c,3,35
1789063229,processor-596c57b57f-vvz4c,3,35
1789063231,processor-596c57b57f-vvz4c,3,35
1789063233,processor-596c57b57f-vvz4c,3,35
1789063235,processor-596c57b57f-vvz4c,3,35
1789063237,processor-596c57b57f-vvz4c,3,35
1789063239,processor-596c57b57f-vvz4c,3,35
1789063242,processor-596c57b57f-vvz4c,3,35
1789063244,processor-596c57b57f-vvz4c,3,35
1789063246,processor-596c57b57f-vvz4c,3,35
1789063248,processor-596c57b57f-vvz4c,3,35
1789063250,processor-596c57b57f-vvz4c,3,35
1789063252,processor-596c57b57f-vvz4c,3,35
1789063254,processor-596c57b57f-vvz4c,3,35
1789063256,processor-596c57b57f-vvz4c,3,35
1789063258,processor-596c57b57f-vvz4c,3,35
1789063260,processor-596c57b57f-vvz4c,3,35
1789063262,processor-596c57b57f-vvz4c,3,35
1789063265,processor-596c57b57f-vvz4c,3,35
1789063267,processor-596c57b57f-vvz4c,3,35
1789063269,processor-596c57b57f-vvz4c,3,35
1789063271,processor-596c57b57f-vvz4c,3,35
1789063273,processor-596c57b57f-vvz4c,3,35
1789063275,processor-596c57b57f-vvz4c,3,35
1789063277,processor-596c57b57f-vvz4c,3,35
1789063279,processor-596c57b57f-vvz4c,3,35
1789063281,processor-596c57b57f-vvz4c,3,35
1789063283,processor-596c57b57f-vvz4c,3,35
1789063285,processor-596c57b57f-vvz4c,3,35
1789063288,processor-596c57b57f-vvz4c,3,35
1789063290,processor-596c57b57f-vvz4c,3,35
1789063292,processor-596c57b57f-vvz4c,3,35
1789063294,processor-596c57b57f-vvz4c,3,35
1789063296,processor-596c57b57f-vvz4c,3,35
1789063298,processor-596c57b57f-vvz4c,3,35
1789063300,processor-596c57b57f-vvz4c,3,35
1789063302,processor-596c57b57f-vvz4c,3,35
1789063304,processor-596c57b57f-vvz4c,3,35
1789063306,processor-596c57b57f-vvz4c,3,35
1789063309,processor-596c57b57f-vvz4c,3,35
1789063311,processor-596c57b57f-vvz4c,3,35
1789063313,processor-596c57b57f-vvz4c,3,35
1789063315,processor-596c57b57f-vvz4c,3,35
1789063317,processor-596c57b57f-vvz4c,3,35
1789063319,processor-596c57b57f-vvz4c,3,35
1789063321,processor-596c57b57f-vvz4c,3,35
1789063323,processor-596c57b57f-vvz4c,3,35
1789063325,processor-596c57b57f-vvz4c,3,35
1789063327,processor-596c57b57f-vvz4c,3,35
1789063329,processor-596c57b57f-vvz4c,3,35
1789063332,processor-596c57b57f-vvz4c,3,35
1789063334,processor-596c57b57f-vvz4c,3,35
1789063336,processor-596c57b57f-vvz4c,3,35
1789063338,processor-596c57b57f-vvz4c,3,35
1789063340,processor-596c57b57f-vvz4c,3,35
1789063342,processor-596c57b57f-vvz4c,3,35
1789063344,processor-596c57b57f-vvz4c,3,35
1789063346,processor-596c57b57f-vvz4c,3,35
1789063348,processor-596c57b57f-vvz4c,3,35
1789063350,processor-596c57b57f-vvz4c,3,35
1789063352,processor-596c57b57f-vvz4c,3,35
1789063355,processor-596c57b57f-vvz4c,3,35
1789063357,processor-596c57b57f-vvz4c,3,35
1789063359,processor-596c57b57f-vvz4c,3,35
1789063361,processor-596c57b57f-vvz4c,3,35
1789063363,processor-596c57b57f-vvz4c,3,35
1789063365,processor-596c57b57f-vvz4c,3,35
1789063367,processor-596c57b57f-vvz4c,3,35
1789063369,processor-596c57b57f-vvz4c,3,35
1789063371,processor-596c57b57f-vvz4c,3,35
1789063373,processor-596c57b57f-vvz4c,3,35
1789063376,processor-596c57b57f-vvz4c,3,35
1789063378,processor-596c57b57f-vvz4c,3,35
1789063380,processor-596c57b57f-vvz4c,3,35
1789063382,processor-596c57b57f-vvz4c,3,35
1789063384,processor-596c57b57f-vvz4c,3,35
1789063386,processor-596c57b57f-vvz4c,3,35
1789063388,processor-596c57b57f-vvz4c,3,35
1789063390,processor-596c57b57f-vvz4c,3,35
1789063392,processor-596c57b57f-vvz4c,3,35
1789063394,processor-596c57b57f-vvz4c,3,35
1789063397,processor-596c57b57f-vvz4c,3,35
1789063399,processor-596c57b57f-vvz4c,3,35
1789063401,processor-596c57b57f-vvz4c,3,35
1789063403,processor-596c57b57f-vvz4c,3,35
1789063405,processor-596c57b57f-vvz4c,3,35
1789063407,processor-596c57b57f-vvz4c,3,35
1789063409,processor-596c57b57f-vvz4c,3,35
1789063411,processor-596c57b57f-vvz4c,3,35
1789063413,processor-596c57b57f-vvz4c,3,35
1789063415,processor-596c57b57f-vvz4c,3,35
1789063417,processor-596c57b57f-vvz4c,2,35
1789063420,processor-596c57b57f-vvz4c,2,35
1789063422,processor-596c57b57f-vvz4c,2,35
1789063424,processor-596c57b57f-vvz4c,2,35
1789063426,processor-596c57b57f-vvz4c,2,35
1789063428,processor-596c57b57f-vvz4c,2,35
1789063430,processor-596c57b57f-vvz4c,2,35
1789063432,processor-596c57b57f-vvz4c,3,35
1789063434,processor-596c57b57f-vvz4c,3,35
1789063436,processor-596c57b57f-vvz4c,3,35
1789063438,processor-596c57b57f-vvz4c,3,35
1789063441,processor-596c57b57f-vvz4c,3,35
1789063443,processor-596c57b57f-vvz4c,3,35
1789063445,processor-596c57b57f-vvz4c,3,35
1789063447,processor-596c57b57f-vvz4c,2,35
1789063449,processor-596c57b57f-vvz4c,2,35
1789063451,processor-596c57b57f-vvz4c,2,35
1789063453,processor-596c57b57f-vvz4c,2,35
1789063455,processor-596c57b57f-vvz4c,2,35
1789063457,processor-596c57b57f-vvz4c,2,35
1789063459,processor-596c57b57f-vvz4c,2,35
1789063461,processor-596c57b57f-vvz4c,3,35
1789063464,processor-596c57b57f-vvz4c,3,35
1789063466,processor-596c57b57f-vvz4c,3,35
1789063468,processor-596c57b57f-vvz4c,3,35
1789063470,processor-596c57b57f-vvz4c,3,35
1789063472,processor-596c57b57f-vvz4c,3,35
1789063474,processor-596c57b57f-vvz4c,3,35
1789063476,processor-596c57b57f-vvz4c,3,35
1789063478,processor-596c57b57f-vvz4c,3,35
1789063480,processor-596c57b57f-vvz4c,3,35
1789063482,processor-596c57b57f-vvz4c,3,35
1789063485,processor-596c57b57f-vvz4c,3,35
1789063487,processor-596c57b57f-vvz4c,3,35
1789063489,processor-596c57b57f-vvz4c,3,35
1789063491,processor-596c57b57f-vvz4c,3,35
1789063493,processor-596c57b57f-vvz4c,3,35
1789063495,processor-596c57b57f-vvz4c,3,35
1789063497,processor-596c57b57f-vvz4c,3,35
1789063499,processor-596c57b57f-vvz4c,3,35
1789063501,processor-596c57b57f-vvz4c,3,35
1789063503,processor-596c57b57f-vvz4c,3,35
1789063505,processor-596c57b57f-vvz4c,3,35
1789063508,processor-596c57b57f-vvz4c,3,35
1789063510,processor-596c57b57f-vvz4c,3,35
1789063512,processor-596c57b57f-vvz4c,3,35
1789063514,processor-596c57b57f-vvz4c,3,35
1789063516,processor-596c57b57f-vvz4c,3,35
1789063518,processor-596c57b57f-vvz4c,3,35
1789063520,processor-596c57b57f-vvz4c,3,35
1789063522,processor-596c57b57f-vvz4c,3,35
1789063524,processor-596c57b57f-vvz4c,3,35
1789063526,processor-596c57b57f-vvz4c,3,35
1789063529,processor-596c57b57f-vvz4c,3,35
1789063531,processor-596c57b57f-vvz4c,3,35
1789063533,processor-596c57b57f-vvz4c,3,35
1789063535,processor-596c57b57f-vvz4c,3,35
1789063537,processor-596c57b57f-vvz4c,2,35
1789063539,processor-596c57b57f-vvz4c,2,35
1789063541,processor-596c57b57f-vvz4c,2,35
1789063543,processor-596c57b57f-vvz4c,2,35
1789063545,processor-596c57b57f-vvz4c,2,35
1789063547,processor-596c57b57f-vvz4c,2,35
1789063549,processor-596c57b57f-vvz4c,2,35
1789063552,processor-596c57b57f-vvz4c,3,35
1789063554,processor-596c57b57f-vvz4c,3,35
1789063556,processor-596c57b57f-vvz4c,3,35
1789063558,processor-596c57b57f-vvz4c,3,35
1789063560,processor-596c57b57f-vvz4c,3,35
1789063562,processor-596c57b57f-vvz4c,3,35
1789063564,processor-596c57b57f-vvz4c,3,35
1789063566,processor-596c57b57f-vvz4c,3,35
1789063568,processor-596c57b57f-vvz4c,3,35
1789063570,processor-596c57b57f-vvz4c,3,35
1789063572,processor-596c57b57f-vvz4c,3,35
1789063575,processor-596c57b57f-vvz4c,3,35
1789063577,processor-596c57b57f-vvz4c,3,35
1789063579,processor-596c57b57f-vvz4c,3,35
1789063581,processor-596c57b57f-vvz4c,4,35
1789063583,processor-596c57b57f-vvz4c,4,35
1789063585,processor-596c57b57f-vvz4c,4,35
1789063587,processor-596c57b57f-vvz4c,4,35
1789063589,processor-596c57b57f-vvz4c,4,35
1789063591,processor-596c57b57f-vvz4c,4,35
1789063593,processor-596c57b57f-vvz4c,4,35
1789063596,processor-596c57b57f-vvz4c,2,35
1789063598,processor-596c57b57f-vvz4c,2,35
1789063600,processor-596c57b57f-vvz4c,2,35
1789063602,processor-596c57b57f-vvz4c,2,35
1789063604,processor-596c57b57f-vvz4c,2,35
1789063606,processor-596c57b57f-vvz4c,2,35
1789063608,processor-596c57b57f-vvz4c,2,35
1789063610,processor-596c57b57f-vvz4c,2,35
1789063612,processor-596c57b57f-vvz4c,2,35
1789063614,processor-596c57b57f-vvz4c,2,35
1789063616,processor-596c57b57f-vvz4c,2,35
1789063619,processor-596c57b57f-vvz4c,2,35
1789063621,processor-596c57b57f-vvz4c,2,35
1789063623,processor-596c57b57f-vvz4c,2,35
1789063625,processor-596c57b57f-vvz4c,2,35
1789063627,processor-596c57b57f-vvz4c,2,35
1789063629,processor-596c57b57f-vvz4c,2,35
1789063631,processor-596c57b57f-vvz4c,2,35
1789063633,processor-596c57b57f-vvz4c,2,35
1789063635,processor-596c57b57f-vvz4c,2,35
1789063637,processor-596c57b57f-vvz4c,2,35
1789063639,processor-596c57b57f-vvz4c,2,35
1789063642,processor-596c57b57f-vvz4c,2,35
1789063644,processor-596c57b57f-vvz4c,2,35
1789063646,processor-596c57b57f-vvz4c,2,35
1789063648,processor-596c57b57f-vvz4c,2,35
1789063650,processor-596c57b57f-vvz4c,2,35
1789063652,processor-596c57b57f-vvz4c,2,35
1789063654,processor-596c57b57f-vvz4c,2,35
1789063656,processor-596c57b57f-vvz4c,2,35
1789063658,processor-596c57b57f-vvz4c,2,35
1789063660,processor-596c57b57f-vvz4c,2,35
1789063663,processor-596c57b57f-vvz4c,2,35
1789063665,processor-596c57b57f-vvz4c,2,35
1789063667,processor-596c57b57f-vvz4c,2,35
1789063669,processor-596c57b57f-vvz4c,2,35
1789063671,processor-596c57b57f-vvz4c,4,35
1789063673,processor-596c57b57f-vvz4c,4,35
1789063675,processor-596c57b57f-vvz4c,4,35
1789063677,processor-596c57b57f-vvz4c,4,35
1789063679,processor-596c57b57f-vvz4c,4,35
1789063681,processor-596c57b57f-vvz4c,4,35
1789063684,processor-596c57b57f-vvz4c,4,35
1789063686,processor-596c57b57f-vvz4c,4,35
1789063688,processor-596c57b57f-vvz4c,4,35
1789063690,processor-596c57b57f-vvz4c,4,35
1789063692,processor-596c57b57f-vvz4c,4,35
1789063694,processor-596c57b57f-vvz4c,4,35
1789063696,processor-596c57b57f-vvz4c,4,35
1789063698,processor-596c57b57f-vvz4c,4,35
1789063700,processor-596c57b57f-vvz4c,4,35
1789063702,processor-596c57b57f-vvz4c,3,35
1789063705,processor-596c57b57f-vvz4c,3,35
1789063707,processor-596c57b57f-vvz4c,3,35
1789063709,processor-596c57b57f-vvz4c,3,35
1789063711,processor-596c57b57f-vvz4c,3,35
1789063713,processor-596c57b57f-vvz4c,3,35
1789063715,processor-596c57b57f-vvz4c,3,35
1789063717,processor-596c57b57f-vvz4c,3,35
1789063719,processor-596c57b57f-vvz4c,3,35
1789063721,processor-596c57b57f-vvz4c,3,35
1789063723,processor-596c57b57f-vvz4c,3,35
1789063726,processor-596c57b57f-vvz4c,3,35
1789063728,processor-596c57b57f-vvz4c,3,35
1789063730,processor-596c57b57f-vvz4c,3,35
1789063732,processor-596c57b57f-vvz4c,3,35
1789063734,processor-596c57b57f-vvz4c,3,35
1789063736,processor-596c57b57f-vvz4c,3,35
1789063738,processor-596c57b57f-vvz4c,3,35
1789063740,processor-596c57b57f-vvz4c,3,35
1789063742,processor-596c57b57f-vvz4c,3,35
1789063744,processor-596c57b57f-vvz4c,3,35
1789063746,processor-596c57b57f-vvz4c,3,35
1789063749,processor-596c57b57f-vvz4c,3,35
1789063751,processor-596c57b57f-vvz4c,3,35
1789063753,processor-596c57b57f-vvz4c,3,35
1789063755,processor-596c57b57f-vvz4c,3,35
1789063757,processor-596c57b57f-vvz4c,3,35
1789063759,processor-596c57b57f-vvz4c,3,35
1789063761,processor-596c57b57f-vvz4c,2,35
1789063763,processor-596c57b57f-vvz4c,2,35
1789063765,processor-596c57b57f-vvz4c,2,35
1789063767,processor-596c57b57f-vvz4c,2,35
1789063770,processor-596c57b57f-vvz4c,2,35
1789063772,processor-596c57b57f-vvz4c,2,35
1789063774,processor-596c57b57f-vvz4c,2,35
1789063776,processor-596c57b57f-vvz4c,3,35
1789063778,processor-596c57b57f-vvz4c,3,35
1789063780,processor-596c57b57f-vvz4c,3,35
1789063782,processor-596c57b57f-vvz4c,3,35
1789063784,processor-596c57b57f-vvz4c,3,35
1789063786,processor-596c57b57f-vvz4c,3,35
1789063788,processor-596c57b57f-vvz4c,3,35
1789063791,processor-596c57b57f-vvz4c,3,35
1789063793,processor-596c57b57f-vvz4c,3,35
1789063795,processor-596c57b57f-vvz4c,3,35
1789063797,processor-596c57b57f-vvz4c,3,35
1789063799,processor-596c57b57f-vvz4c,3,35
1789063801,processor-596c57b57f-vvz4c,3,35
1789063803,processor-596c57b57f-vvz4c,3,35
1789063805,processor-596c57b57f-vvz4c,3,35
1789063807,processor-596c57b57f-vvz4c,3,35
1789063809,processor-596c57b57f-vvz4c,3,35
1789063811,processor-596c57b57f-vvz4c,3,35
1789063814,processor-596c57b57f-vvz4c,3,35
1789063816,processor-596c57b57f-vvz4c,3,35
1789063818,processor-596c57b57f-vvz4c,3,35
1789063820,processor-596c57b57f-vvz4c,3,35
1789063822,processor-596c57b57f-vvz4c,4,35
1789063824,processor-596c57b57f-vvz4c,4,35
1789063826,processor-596c57b57f-vvz4c,4,35
1789063828,processor-596c57b57f-vvz4c,4,35
1789063830,processor-596c57b57f-vvz4c,4,35
1789063832,processor-596c57b57f-vvz4c,4,35
1789063835,processor-596c57b57f-vvz4c,4,35
1789063837,processor-596c57b57f-vvz4c,2,35
1789063839,processor-596c57b57f-vvz4c,2,35
1789063841,processor-596c57b57f-vvz4c,2,35
1789063843,processor-596c57b57f-vvz4c,2,35
1789063845,processor-596c57b57f-vvz4c,2,35
1789063847,processor-596c57b57f-vvz4c,2,35
1789063849,processor-596c57b57f-vvz4c,2,35
1789063851,processor-596c57b57f-vvz4c,3,35
1789063853,processor-596c57b57f-vvz4c,3,35
1789063856,processor-596c57b57f-vvz4c,3,35
1789063858,processor-596c57b57f-vvz4c,3,35
1789063860,processor-596c57b57f-vvz4c,3,35
1789063862,processor-596c57b57f-vvz4c,3,35
1789063864,processor-596c57b57f-vvz4c,3,35
1789063866,processor-596c57b57f-vvz4c,3,35
1789063868,processor-596c57b57f-vvz4c,3,35
1789063870,processor-596c57b57f-vvz4c,3,35
1789063872,processor-596c57b57f-vvz4c,3,35
1789063874,processor-596c57b57f-vvz4c,3,35
1789063877,processor-596c57b57f-vvz4c,3,35
1789063879,processor-596c57b57f-vvz4c,3,35
1789063881,processor-596c57b57f-vvz4c,3,35
1789063883,processor-596c57b57f-vvz4c,3,35
1789063885,processor-596c57b57f-vvz4c,3,35
1789063887,processor-596c57b57f-vvz4c,3,35
1789063889,processor-596c57b57f-vvz4c,3,35
1789063891,processor-596c57b57f-vvz4c,3,35
1789063893,processor-596c57b57f-vvz4c,3,35
1789063895,processor-596c57b57f-vvz4c,3,35
1789063897,processor-596c57b57f-vvz4c,3,35
1789063900,processor-596c57b57f-vvz4c,3,35
1789063902,processor-596c57b57f-vvz4c,3,35
1789063904,processor-596c57b57f-vvz4c,3,35
1789063906,processor-596c57b57f-vvz4c,3,35
1789063908,processor-596c57b57f-vvz4c,3,35
1789063910,processor-596c57b57f-vvz4c,3,35
1789063912,processor-596c57b57f-vvz4c,3,35
1789063914,processor-596c57b57f-vvz4c,3,35
1789063916,processor-596c57b57f-vvz4c,3,35
1789063918,processor-596c57b57f-vvz4c,3,35
1789063920,processor-596c57b57f-vvz4c,3,35
1789063923,processor-596c57b57f-vvz4c,3,35
1789063925,processor-596c57b57f-vvz4c,3,35
1789063927,processor-596c57b57f-vvz4c,3,35
1789063929,processor-596c57b57f-vvz4c,3,35
1789063931,processor-596c57b57f-vvz4c,3,35
1789063933,processor-596c57b57f-vvz4c,3,35
1789063935,processor-596c57b57f-vvz4c,3,35
1789063937,processor-596c57b57f-vvz4c,3,35
1789063939,processor-596c57b57f-vvz4c,3,35
1789063941,processor-596c57b57f-vvz4c,3,35
1789063944,processor-596c57b57f-vvz4c,3,35
1789063946,processor-596c57b57f-vvz4c,3,35
1789063948,processor-596c57b57f-vvz4c,3,35
1789063950,processor-596c57b57f-vvz4c,3,35
1789063952,processor-596c57b57f-vvz4c,3,35
1789063954,processor-596c57b57f-vvz4c,3,35
1789063956,processor-596c57b57f-vvz4c,2,35
1789063958,processor-596c57b57f-vvz4c,2,35
1789063960,processor-596c57b57f-vvz4c,2,35
1789063962,processor-596c57b57f-vvz4c,2,35
1789063964,processor-596c57b57f-vvz4c,2,35
1789063967,processor-596c57b57f-vvz4c,2,35
1789063969,processor-596c57b57f-vvz4c,2,35
1789063971,processor-596c57b57f-vvz4c,3,35
1789063973,processor-596c57b57f-vvz4c,3,35
1789063975,processor-596c57b57f-vvz4c,3,35
1789063977,processor-596c57b57f-vvz4c,3,35
1789063979,processor-596c57b57f-vvz4c,3,35
1789063981,processor-596c57b57f-vvz4c,3,35
1789063983,processor-596c57b57f-vvz4c,3,35
1789063985,processor-596c57b57f-vvz4c,3,35
1789063988,processor-596c57b57f-vvz4c,3,35
1789063990,processor-596c57b57f-vvz4c,3,35
1789063992,processor-596c57b57f-vvz4c,3,35
1789063994,processor-596c57b57f-vvz4c,3,35
1789063996,processor-596c57b57f-vvz4c,3,35
1789063998,processor-596c57b57f-vvz4c,3,35
1789064000,processor-596c57b57f-vvz4c,3,35
1789064002,processor-596c57b57f-vvz4c,3,35
1789064004,processor-596c57b57f-vvz4c,3,35
1789064006,processor-596c57b57f-vvz4c,3,35
1789064008,processor-596c57b57f-vvz4c,3,35
1789064011,processor-596c57b57f-vvz4c,3,35
1789064013,processor-596c57b57f-vvz4c,3,35
1789064015,processor-596c57b57f-vvz4c,3,35
1789064017,processor-596c57b57f-vvz4c,2,35
1789064019,processor-596c57b57f-vvz4c,2,35
1789064021,processor-596c57b57f-vvz4c,2,35
1789064023,processor-596c57b57f-vvz4c,2,35
1789064025,processor-596c57b57f-vvz4c,2,35
1789064027,processor-596c57b57f-vvz4c,2,35
1789064029,processor-596c57b57f-vvz4c,2,35
1789064032,processor-596c57b57f-vvz4c,3,35
1789064034,processor-596c57b57f-vvz4c,3,35
1789064036,processor-596c57b57f-vvz4c,3,35
1789064038,processor-596c57b57f-vvz4c,3,35
1789064040,processor-596c57b57f-vvz4c,3,35
1789064042,processor-596c57b57f-vvz4c,3,35
1789064044,processor-596c57b57f-vvz4c,3,35
1789064046,processor-596c57b57f-vvz4c,2,35
1789064048,processor-596c57b57f-vvz4c,2,35
1789064050,processor-596c57b57f-vvz4c,2,35
1789064052,processor-596c57b57f-vvz4c,2,35
1789064055,processor-596c57b57f-vvz4c,2,35
1789064057,processor-596c57b57f-vvz4c,2,35
1789064059,processor-596c57b57f-vvz4c,2,35
1789064061,processor-596c57b57f-vvz4c,3,35
1789064063,processor-596c57b57f-vvz4c,3,35
1789064065,processor-596c57b57f-vvz4c,3,35
1789064067,processor-596c57b57f-vvz4c,3,35
1789064069,processor-596c57b57f-vvz4c,3,35
1789064071,processor-596c57b57f-vvz4c,3,35
1789064073,processor-596c57b57f-vvz4c,3,35
1789064075,processor-596c57b57f-vvz4c,3,35
1789064078,processor-596c57b57f-vvz4c,3,35
1789064080,processor-596c57b57f-vvz4c,3,35
1789064082,processor-596c57b57f-vvz4c,3,35
1789064084,processor-596c57b57f-vvz4c,3,35
1789064086,processor-596c57b57f-vvz4c,3,35
1789064088,processor-596c57b57f-vvz4c,3,35
1789064090,processor-596c57b57f-vvz4c,3,35
1789064092,processor-596c57b57f-vvz4c,3,35
1789064094,processor-596c57b57f-vvz4c,3,35
1789064096,processor-596c57b57f-vvz4c,3,35
1789064098,processor-596c57b57f-vvz4c,3,35
1789064101,processor-596c57b57f-vvz4c,3,35
1789064103,processor-596c57b57f-vvz4c,3,35
1789064105,processor-596c57b57f-vvz4c,3,35
1789064107,processor-596c57b57f-vvz4c,3,35
1789064109,processor-596c57b57f-vvz4c,3,35
1789064111,processor-596c57b57f-vvz4c,3,35
1789064113,processor-596c57b57f-vvz4c,3,35
1789064115,processor-596c57b57f-vvz4c,3,35
1789064117,processor-596c57b57f-vvz4c,3,35
1789064119,processor-596c57b57f-vvz4c,3,35
1789064122,processor-596c57b57f-vvz4c,2,35
1789064124,processor-596c57b57f-vvz4c,2,35
1789064126,processor-596c57b57f-vvz4c,2,35
1789064128,processor-596c57b57f-vvz4c,2,35
1789064130,processor-596c57b57f-vvz4c,2,35
1789064132,processor-596c57b57f-vvz4c,2,35
1789064134,processor-596c57b57f-vvz4c,2,35
1789064136,processor-596c57b57f-vvz4c,3,35
1789064138,processor-596c57b57f-vvz4c,3,35
1789064140,processor-596c57b57f-vvz4c,3,35
1789064142,processor-596c57b57f-vvz4c,3,35
1789064145,processor-596c57b57f-vvz4c,3,35
1789064147,processor-596c57b57f-vvz4c,3,35
1789064149,processor-596c57b57f-vvz4c,3,35
1789064151,processor-596c57b57f-vvz4c,3,35
1789064153,processor-596c57b57f-vvz4c,3,35
1789064155,processor-596c57b57f-vvz4c,3,35
1789064157,processor-596c57b57f-vvz4c,3,35
1789064159,processor-596c57b57f-vvz4c,3,35
1789064161,processor-596c57b57f-vvz4c,3,35
1789064163,processor-596c57b57f-vvz4c,3,35
1789064165,processor-596c57b57f-vvz4c,3,35
1789064168,processor-596c57b57f-vvz4c,3,35
1789064170,processor-596c57b57f-vvz4c,3,35
1789064172,processor-596c57b57f-vvz4c,3,35
1789064174,processor-596c57b57f-vvz4c,3,35
1789064176,processor-596c57b57f-vvz4c,3,35
1789064178,processor-596c57b57f-vvz4c,3,35
1789064180,processor-596c57b57f-vvz4c,3,35
1789064182,processor-596c57b57f-vvz4c,2,35
1789064184,processor-596c57b57f-vvz4c,2,35
1789064186,processor-596c57b57f-vvz4c,2,35
1789064189,processor-596c57b57f-vvz4c,2,35
1789064191,processor-596c57b57f-vvz4c,2,35
1789064193,processor-596c57b57f-vvz4c,2,35
1789064195,processor-596c57b57f-vvz4c,2,35
1789064197,processor-596c57b57f-vvz4c,3,35
1789064199,processor-596c57b57f-vvz4c,3,35
1789064201,processor-596c57b57f-vvz4c,3,35
1789064203,processor-596c57b57f-vvz4c,3,35
1789064205,processor-596c57b57f-vvz4c,3,35
1789064207,processor-596c57b57f-vvz4c,3,35
1789064209,processor-596c57b57f-vvz4c,3,35
1789064212,processor-596c57b57f-vvz4c,3,35
1789064214,processor-596c57b57f-vvz4c,3,35
1789064216,processor-596c57b57f-vvz4c,3,35
1789064218,processor-596c57b57f-vvz4c,3,35
1789064220,processor-596c57b57f-vvz4c,3,35
1789064222,processor-596c57b57f-vvz4c,3,35
1789064224,processor-596c57b57f-vvz4c,3,35
1789064226,processor-596c57b57f-vvz4c,2,35
1789064228,processor-596c57b57f-vvz4c,2,35
1789064230,processor-596c57b57f-vvz4c,2,35
1789064233,processor-596c57b57f-vvz4c,2,35
1789064235,processor-596c57b57f-vvz4c,2,35
1789064237,processor-596c57b57f-vvz4c,2,35
1789064239,processor-596c57b57f-vvz4c,2,35
1789064241,processor-596c57b57f-vvz4c,3,35
1789064243,processor-596c57b57f-vvz4c,3,35
1789064245,processor-596c57b57f-vvz4c,3,35
1789064247,processor-596c57b57f-vvz4c,3,35
1789064249,processor-596c57b57f-vvz4c,3,35
1789064251,processor-596c57b57f-vvz4c,3,35
1789064253,processor-596c57b57f-vvz4c,3,35
1789064256,processor-596c57b57f-vvz4c,2,35
1789064258,processor-596c57b57f-vvz4c,2,35
1789064260,processor-596c57b57f-vvz4c,2,35
1789064262,processor-596c57b57f-vvz4c,2,35
1789064264,processor-596c57b57f-vvz4c,2,35
1789064266,processor-596c57b57f-vvz4c,2,35
1789064268,processor-596c57b57f-vvz4c,2,35
1789064270,processor-596c57b57f-vvz4c,2,35
1789064272,processor-596c57b57f-vvz4c,4,35
1789064274,processor-596c57b57f-vvz4c,4,35
1789064276,processor-596c57b57f-vvz4c,4,35
1789064279,processor-596c57b57f-vvz4c,4,35
1789064281,processor-596c57b57f-vvz4c,4,35
1789064283,processor-596c57b57f-vvz4c,4,35
1789064285,processor-596c57b57f-vvz4c,4,35
1789064287,processor-596c57b57f-vvz4c,3,35
1789064289,processor-596c57b57f-vvz4c,3,35
1789064291,processor-596c57b57f-vvz4c,3,35
1789064293,processor-596c57b57f-vvz4c,3,35
1789064295,processor-596c57b57f-vvz4c,3,35
1789064297,processor-596c57b57f-vvz4c,3,35
1789064299,processor-596c57b57f-vvz4c,3,35
1789064302,processor-596c57b57f-vvz4c,3,35
1789064304,processor-596c57b57f-vvz4c,3,35
1789064306,processor-596c57b57f-vvz4c,3,35
1789064308,processor-596c57b57f-vvz4c,3,35
1789064310,processor-596c57b57f-vvz4c,3,35
1789064312,processor-596c57b57f-vvz4c,3,35
1789064314,processor-596c57b57f-vvz4c,3,35
1789064316,processor-596c57b57f-vvz4c,3,35
1789064318,processor-596c57b57f-vvz4c,3,35
1789064320,processor-596c57b57f-vvz4c,3,35
1789064323,processor-596c57b57f-vvz4c,3,35
1789064325,processor-596c57b57f-vvz4c,3,35
1789064327,processor-596c57b57f-vvz4c,3,35
1789064329,processor-596c57b57f-vvz4c,3,35
1789064331,processor-596c57b57f-vvz4c,3,35
1789064333,processor-596c57b57f-vvz4c,3,35
1789064335,processor-596c57b57f-vvz4c,3,35
1789064337,processor-596c57b57f-vvz4c,3,35
1789064339,processor-596c57b57f-vvz4c,3,35
1789064341,processor-596c57b57f-vvz4c,3,35
1789064343,processor-596c57b57f-vvz4c,3,35
1789064345,processor-596c57b57f-vvz4c,3,35
1789064348,processor-596c57b57f-vvz4c,3,35
1789064350,processor-596c57b57f-vvz4c,3,35
1789064352,processor-596c57b57f-vvz4c,3,35
1789064354,processor-596c57b57f-vvz4c,3,35
1789064356,processor-596c57b57f-vvz4c,3,35
1789064358,processor-596c57b57f-vvz4c,3,35
1789064360,processor-596c57b57f-vvz4c,3,35
1789064362,processor-596c57b57f-vvz4c,3,35
1789064364,processor-596c57b57f-vvz4c,3,35
1789064366,processor-596c57b57f-vvz4c,3,35
1789064369,processor-596c57b57f-vvz4c,3,35
1789064371,processor-596c57b57f-vvz4c,3,35
1789064373,processor-596c57b57f-vvz4c,3,35
1789064375,processor-596c57b57f-vvz4c,3,35
1789064377,processor-596c57b57f-vvz4c,3,35
1789064379,processor-596c57b57f-vvz4c,3,35
1789064381,processor-596c57b57f-vvz4c,3,35
1789064383,processor-596c57b57f-vvz4c,3,35
1789064385,processor-596c57b57f-vvz4c,3,35
1789064387,processor-596c57b57f-vvz4c,3,35
1789064389,processor-596c57b57f-vvz4c,3,35
1789064392,processor-596c57b57f-vvz4c,3,35
1789064394,processor-596c57b57f-vvz4c,3,35
1789064396,processor-596c57b57f-vvz4c,3,35
1789064398,processor-596c57b57f-vvz4c,3,35
1789064400,processor-596c57b57f-vvz4c,3,35
1789064402,processor-596c57b57f-vvz4c,3,35
1789064404,processor-596c57b57f-vvz4c,3,35
1789064406,processor-596c57b57f-vvz4c,3,35
1789064408,processor-596c57b57f-vvz4c,3,35
1789064410,processor-596c57b57f-vvz4c,3,35
1789064412,processor-596c57b57f-vvz4c,3,35
1789064415,processor-596c57b57f-vvz4c,3,35
1789064417,processor-596c57b57f-vvz4c,3,35
1789064419,processor-596c57b57f-vvz4c,3,35
1789064421,processor-596c57b57f-vvz4c,3,35
1789064423,processor-596c57b57f-vvz4c,3,35
1789064425,processor-596c57b57f-vvz4c,3,35
1789064427,processor-596c57b57f-vvz4c,3,35
1789064429,processor-596c57b57f-vvz4c,3,35
1789064431,processor-596c57b57f-vvz4c,3,35
1789064433,processor-596c57b57f-vvz4c,3,35
1789064435,processor-596c57b57f-vvz4c,3,35
1789064438,processor-596c57b57f-vvz4c,3,35
1789064440,processor-596c57b57f-vvz4c,3,35
1789064442,processor-596c57b57f-vvz4c,3,35
1789064444,processor-596c57b57f-vvz4c,3,35
1789064446,processor-596c57b57f-vvz4c,3,35
1789064448,processor-596c57b57f-vvz4c,3,35
1789064450,processor-596c57b57f-vvz4c,3,35
1789064452,processor-596c57b57f-vvz4c,4,35
1789064454,processor-596c57b57f-vvz4c,4,35
1789064456,processor-596c57b57f-vvz4c,4,35
1789064458,processor-596c57b57f-vvz4c,4,35
1789064461,processor-596c57b57f-vvz4c,4,35
1789064463,processor-596c57b57f-vvz4c,4,35
1789064465,processor-596c57b57f-vvz4c,4,35
1789064467,processor-596c57b57f-vvz4c,3,35
1789064469,processor-596c57b57f-vvz4c,3,35
1789064471,processor-596c57b57f-vvz4c,3,35
1789064473,processor-596c57b57f-vvz4c,3,35
1789064475,processor-596c57b57f-vvz4c,3,35
1789064477,processor-596c57b57f-vvz4c,3,35
1789064479,processor-596c57b57f-vvz4c,3,35
1789064481,processor-596c57b57f-vvz4c,3,35
1789064484,processor-596c57b57f-vvz4c,3,35
1789064486,processor-596c57b57f-vvz4c,3,35
1789064488,processor-596c57b57f-vvz4c,3,35
1789064490,processor-596c57b57f-vvz4c,3,35
1789064492,processor-596c57b57f-vvz4c,3,35
1789064494,processor-596c57b57f-vvz4c,3,35
1789064496,processor-596c57b57f-vvz4c,3,35
1789064498,processor-596c57b57f-vvz4c,3,35
1789064500,processor-596c57b57f-vvz4c,3,35
1789064502,processor-596c57b57f-vvz4c,3,35
1789064504,processor-596c57b57f-vvz4c,3,35
1789064507,processor-596c57b57f-vvz4c,3,35
1789064509,processor-596c57b57f-vvz4c,3,35
1789064511,processor-596c57b57f-vvz4c,4,35
1789064513,processor-596c57b57f-vvz4c,4,35
1789064515,processor-596c57b57f-vvz4c,4,35
1789064517,processor-596c57b57f-vvz4c,4,35
1789064519,processor-596c57b57f-vvz4c,4,35
1789064521,processor-596c57b57f-vvz4c,4,35
1789064523,processor-596c57b57f-vvz4c,4,35
1789064525,processor-596c57b57f-vvz4c,4,35
1789064527,processor-596c57b57f-vvz4c,3,35
1789064530,processor-596c57b57f-vvz4c,3,35
1789064532,processor-596c57b57f-vvz4c,3,35
1789064534,processor-596c57b57f-vvz4c,3,35
1789064536,processor-596c57b57f-vvz4c,3,35
1789064538,processor-596c57b57f-vvz4c,3,35
1789064540,processor-596c57b57f-vvz4c,3,35
1789064542,processor-596c57b57f-vvz4c,3,35
1789064544,processor-596c57b57f-vvz4c,3,35
1789064546,processor-596c57b57f-vvz4c,3,35
1789064548,processor-596c57b57f-vvz4c,3,35
1789064550,processor-596c57b57f-vvz4c,3,35
1789064553,processor-596c57b57f-vvz4c,3,35
1789064555,processor-596c57b57f-vvz4c,3,35
1789064557,processor-596c57b57f-vvz4c,3,35
1789064559,processor-596c57b57f-vvz4c,3,35
1789064561,processor-596c57b57f-vvz4c,3,35
1789064563,processor-596c57b57f-vvz4c,3,35
1789064565,processor-596c57b57f-vvz4c,3,35
1789064567,processor-596c57b57f-vvz4c,3,35
1789064569,processor-596c57b57f-vvz4c,3,35
1789064571,processor-596c57b57f-vvz4c,3,35
1789064573,processor-596c57b57f-vvz4c,3,35
1789064576,processor-596c57b57f-vvz4c,3,35
1789064578,processor-596c57b57f-vvz4c,3,35
1789064580,processor-596c57b57f-vvz4c,3,35
1789064582,processor-596c57b57f-vvz4c,3,35
1789064584,processor-596c57b57f-vvz4c,3,35
1789064586,processor-596c57b57f-vvz4c,3,35
1789064588,processor-596c57b57f-vvz4c,3,35
1789064590,processor-596c57b57f-vvz4c,3,35
1789064592,processor-596c57b57f-vvz4c,3,35
1789064594,processor-596c57b57f-vvz4c,3,35
1789064596,processor-596c57b57f-vvz4c,3,35
1789064598,processor-596c57b57f-vvz4c,3,35
1789064601,processor-596c57b57f-vvz4c,3,35
1789064603,processor-596c57b57f-vvz4c,3,35
1789064605,processor-596c57b57f-vvz4c,3,35
1789064607,processor-596c57b57f-vvz4c,3,35
1789064609,processor-596c57b57f-vvz4c,3,35
1789064611,processor-596c57b57f-vvz4c,3,35
1789064613,processor-596c57b57f-vvz4c,3,35
1789064615,processor-596c57b57f-vvz4c,3,35
1789064617,processor-596c57b57f-vvz4c,3,35
1789064619,processor-596c57b57f-vvz4c,3,35
1789064621,processor-596c57b57f-vvz4c,3,35
1789064624,processor-596c57b57f-vvz4c,3,35
1789064626,processor-596c57b57f-vvz4c,3,35
1789064628,processor-596c57b57f-vvz4c,3,35
1789064630,processor-596c57b57f-vvz4c,3,35
1789064632,processor-596c57b57f-vvz4c,3,35
1789064634,processor-596c57b57f-vvz4c,3,35
1789064636,processor-596c57b57f-vvz4c,3,35
1789064638,processor-596c57b57f-vvz4c,3,35
1789064640,processor-596c57b57f-vvz4c,3,35
1789064642,processor-596c57b57f-vvz4c,3,35
1789064644,processor-596c57b57f-vvz4c,3,35
1789064647,processor-596c57b57f-vvz4c,3,35
1789064649,processor-596c57b57f-vvz4c,3,35
1789064651,processor-596c57b57f-vvz4c,3,35
1789064653,processor-596c57b57f-vvz4c,3,35
1789064655,processor-596c57b57f-vvz4c,3,35
1789064657,processor-596c57b57f-vvz4c,3,35
1789064659,processor-596c57b57f-vvz4c,3,35
1789064661,processor-596c57b57f-vvz4c,3,35
1789064663,processor-596c57b57f-vvz4c,3,35
1789064665,processor-596c57b57f-vvz4c,3,35
1789064667,processor-596c57b57f-vvz4c,3,35
1789064670,processor-596c57b57f-vvz4c,3,35
1789064672,processor-596c57b57f-vvz4c,3,35
1789064674,processor-596c57b57f-vvz4c,3,35
1789064676,processor-596c57b57f-vvz4c,3,35
1789064678,processor-596c57b57f-vvz4c,3,35
1789064680,processor-596c57b57f-vvz4c,3,35
1789064682,processor-596c57b57f-vvz4c,3,35
1789064684,processor-596c57b57f-vvz4c,3,35
1789064686,processor-596c57b57f-vvz4c,3,35
1789064688,processor-596c57b57f-vvz4c,3,35
1789064691,processor-596c57b57f-vvz4c,3,35
1789064693,processor-596c57b57f-vvz4c,3,35
1789064695,processor-596c57b57f-vvz4c,3,35
1789064697,processor-596c57b57f-vvz4c,3,35
1789064699,processor-596c57b57f-vvz4c,3,35
1789064701,processor-596c57b57f-vvz4c,3,35
1789064703,processor-596c57b57f-vvz4c,3,35
1789064705,processor-596c57b57f-vvz4c,3,35
1789064707,processor-596c57b57f-vvz4c,3,35
1789064709,processor-596c57b57f-vvz4c,3,35
1789064711,processor-596c57b57f-vvz4c,3,35
1789064713,processor-596c57b57f-vvz4c,3,35
1789064716,processor-596c57b57f-vvz4c,3,35
1789064718,processor-596c57b57f-vvz4c,3,35
1789064720,processor-596c57b57f-vvz4c,3,35
1789064722,processor-596c57b57f-vvz4c,3,35
1789064724,processor-596c57b57f-vvz4c,3,35
1789064726,processor-596c57b57f-vvz4c,3,35
1789064728,processor-596c57b57f-vvz4c,3,35
1789064730,processor-596c57b57f-vvz4c,3,35
1789064732,processor-596c57b57f-vvz4c,3,35
1789064734,processor-596c57b57f-vvz4c,3,35
1789064736,processor-596c57b57f-vvz4c,3,35
1789064739,processor-596c57b57f-vvz4c,3,35
1789064741,processor-596c57b57f-vvz4c,3,35
1789064743,processor-596c57b57f-vvz4c,3,35
1789064745,processor-596c57b57f-vvz4c,3,35
1789064747,processor-596c57b57f-vvz4c,3,35
1789064749,processor-596c57b57f-vvz4c,3,35
1789064751,processor-596c57b57f-vvz4c,3,35
1789064753,processor-596c57b57f-vvz4c,3,35
1789064755,processor-596c57b57f-vvz4c,3,35
1789064757,processor-596c57b57f-vvz4c,3,35
1789064759,processor-596c57b57f-vvz4c,3,35
1789064762,processor-596c57b57f-vvz4c,3,35
1789064764,processor-596c57b57f-vvz4c,3,35
1789064766,processor-596c57b57f-vvz4c,3,35
1789064768,processor-596c57b57f-vvz4c,3,35
1789064770,processor-596c57b57f-vvz4c,3,35
1789064772,processor-596c57b57f-vvz4c,3,35
1789064774,processor-596c57b57f-vvz4c,3,35
1789064776,processor-596c57b57f-vvz4c,3,35
1789064778,processor-596c57b57f-vvz4c,3,35
1789064780,processor-596c57b57f-vvz4c,3,35
1789064782,processor-596c57b57f-vvz4c,4,35
1789064785,processor-596c57b57f-vvz4c,4,35
1789064787,processor-596c57b57f-vvz4c,4,35
1789064789,processor-596c57b57f-vvz4c,4,35
1789064791,processor-596c57b57f-vvz4c,4,35
1789064793,processor-596c57b57f-vvz4c,4,35
1789064795,processor-596c57b57f-vvz4c,4,35
1789064797,processor-596c57b57f-vvz4c,3,35
1789064799,processor-596c57b57f-vvz4c,3,35
1789064801,processor-596c57b57f-vvz4c,3,35
1789064803,processor-596c57b57f-vvz4c,3,35
1789064805,processor-596c57b57f-vvz4c,3,35
1789064808,processor-596c57b57f-vvz4c,3,35
1789064810,processor-596c57b57f-vvz4c,3,35
1789064812,processor-596c57b57f-vvz4c,3,35
1789064814,processor-596c57b57f-vvz4c,3,35
1789064816,processor-596c57b57f-vvz4c,3,35
1789064818,processor-596c57b57f-vvz4c,3,35
1789064820,processor-596c57b57f-vvz4c,3,35
1789064822,processor-596c57b57f-vvz4c,3,35
1789064824,processor-596c57b57f-vvz4c,3,35
1789064826,processor-596c57b57f-vvz4c,3,35
1789064829,processor-596c57b57f-vvz4c,3,35
1789064831,processor-596c57b57f-vvz4c,3,35
1789064833,processor-596c57b57f-vvz4c,3,35
1789064835,processor-596c57b57f-vvz4c,3,35
1789064837,processor-596c57b57f-vvz4c,3,35
1789064839,processor-596c57b57f-vvz4c,3,35
1789064841,processor-596c57b57f-vvz4c,4,35
1789064843,processor-596c57b57f-vvz4c,4,35
1789064845,processor-596c57b57f-vvz4c,4,35
1789064847,processor-596c57b57f-vvz4c,4,35
1789064849,processor-596c57b57f-vvz4c,4,35
1789064852,processor-596c57b57f-vvz4c,4,35
1789064854,processor-596c57b57f-vvz4c,4,35
1789064856,processor-596c57b57f-vvz4c,3,35
1789064858,processor-596c57b57f-vvz4c,3,35
1789064860,processor-596c57b57f-vvz4c,3,35
1789064862,processor-596c57b57f-vvz4c,3,35
1789064864,processor-596c57b57f-vvz4c,3,35
1789064866,processor-596c57b57f-vvz4c,3,35
1789064868,processor-596c57b57f-vvz4c,3,35
1789064870,processor-596c57b57f-vvz4c,3,35
1789064872,processor-596c57b57f-vvz4c,3,35
1789064875,processor-596c57b57f-vvz4c,3,35
1789064877,processor-596c57b57f-vvz4c,3,35
1789064879,processor-596c57b57f-vvz4c,3,35
1789064881,processor-596c57b57f-vvz4c,3,35
1789064883,processor-596c57b57f-vvz4c,3,35
1789064885,processor-596c57b57f-vvz4c,3,35
1789064887,processor-596c57b57f-vvz4c,3,35
1789064889,processor-596c57b57f-vvz4c,3,35
1789064891,processor-596c57b57f-vvz4c,3,35
1789064893,processor-596c57b57f-vvz4c,3,35
1789064895,processor-596c57b57f-vvz4c,3,35
1789064898,processor-596c57b57f-vvz4c,3,35
1789064900,processor-596c57b57f-vvz4c,3,35
1789064902,processor-596c57b57f-vvz4c,3,35
1789064904,processor-596c57b57f-vvz4c,3,35
1789064906,processor-596c57b57f-vvz4c,3,35
1789064908,processor-596c57b57f-vvz4c,3,35
1789064910,processor-596c57b57f-vvz4c,3,35
1789064912,processor-596c57b57f-vvz4c,3,35
1789064914,processor-596c57b57f-vvz4c,3,35
1789064916,processor-596c57b57f-vvz4c,3,35
1789064918,processor-596c57b57f-vvz4c,3,35
1789064921,processor-596c57b57f-vvz4c,3,35
1789064923,processor-596c57b57f-vvz4c,3,35
1789064925,processor-596c57b57f-vvz4c,3,35
1789064927,processor-596c57b57f-vvz4c,3,35
1789064929,processor-596c57b57f-vvz4c,3,35
1789064931,processor-596c57b57f-vvz4c,3,35
1789064933,processor-596c57b57f-vvz4c,3,35
1789064935,processor-596c57b57f-vvz4c,3,35
1789064937,processor-596c57b57f-vvz4c,3,35
1789064939,processor-596c57b57f-vvz4c,3,35
1789064941,processor-596c57b57f-vvz4c,3,35
1789064944,processor-596c57b57f-vvz4c,3,35
1789064946,processor-596c57b57f-vvz4c,3,35
1789064948,processor-596c57b57f-vvz4c,3,35
1789064950,processor-596c57b57f-vvz4c,3,35
1789064952,processor-596c57b57f-vvz4c,3,35
1789064954,processor-596c57b57f-vvz4c,3,35
1789064956,processor-596c57b57f-vvz4c,3,35
1789064958,processor-596c57b57f-vvz4c,3,35
1789064960,processor-596c57b57f-vvz4c,3,35
1789064962,processor-596c57b57f-vvz4c,3,35
1789064964,processor-596c57b57f-vvz4c,3,35
1789064967,processor-596c57b57f-vvz4c,3,35
1789064969,processor-596c57b57f-vvz4c,3,35
1789064971,processor-596c57b57f-vvz4c,3,35
1789064973,processor-596c57b57f-vvz4c,3,35
1789064975,processor-596c57b57f-vvz4c,3,35
1789064977,processor-596c57b57f-vvz4c,3,35
1789064979,processor-596c57b57f-vvz4c,3,35
1789064981,processor-596c57b57f-vvz4c,3,35
1789064983,processor-596c57b57f-vvz4c,3,35
1789064985,processor-596c57b57f-vvz4c,3,35
1789064987,processor-596c57b57f-vvz4c,3,35
1789064989,processor-596c57b57f-vvz4c,3,35
1789064992,processor-596c57b57f-vvz4c,3,35
1789064994,processor-596c57b57f-vvz4c,3,35
1789064996,processor-596c57b57f-vvz4c,3,35
1789064998,processor-596c57b57f-vvz4c,3,35
1789065000,processor-596c57b57f-vvz4c,3,35
1789065002,processor-596c57b57f-vvz4c,3,35
1789065004,processor-596c57b57f-vvz4c,3,35
1789065006,processor-596c57b57f-vvz4c,3,35
1789065008,processor-596c57b57f-vvz4c,3,35
1789065010,processor-596c57b57f-vvz4c,3,35
1789065012,processor-596c57b57f-vvz4c,3,35
1789065015,processor-596c57b57f-vvz4c,3,35
1789065017,processor-596c57b57f-vvz4c,3,35
1789065019,processor-596c57b57f-vvz4c,3,35
1789065021,processor-596c57b57f-vvz4c,3,35
1789065023,processor-596c57b57f-vvz4c,3,35
1789065025,processor-596c57b57f-vvz4c,3,35
1789065027,processor-596c57b57f-vvz4c,3,35
1789065029,processor-596c57b57f-vvz4c,3,35
1789065031,processor-596c57b57f-vvz4c,3,35
1789065033,processor-596c57b57f-vvz4c,3,35
1789065035,processor-596c57b57f-vvz4c,3,35
1789065038,processor-596c57b57f-vvz4c,3,35
1789065040,processor-596c57b57f-vvz4c,3,35
1789065042,processor-596c57b57f-vvz4c,3,35
1789065044,processor-596c57b57f-vvz4c,3,35
1789065046,processor-596c57b57f-vvz4c,3,35
1789065048,processor-596c57b57f-vvz4c,3,35
1789065050,processor-596c57b57f-vvz4c,3,35
1789065052,processor-596c57b57f-vvz4c,3,35
1789065054,processor-596c57b57f-vvz4c,3,35
1789065056,processor-596c57b57f-vvz4c,3,35
1789065058,processor-596c57b57f-vvz4c,3,35
1789065061,processor-596c57b57f-vvz4c,3,35
1789065063,processor-596c57b57f-vvz4c,3,35
1789065065,processor-596c57b57f-vvz4c,3,35
1789065067,processor-596c57b57f-vvz4c,3,35
1789065069,processor-596c57b57f-vvz4c,3,35
1789065071,processor-596c57b57f-vvz4c,3,35
1789065073,processor-596c57b57f-vvz4c,3,35
1789065075,processor-596c57b57f-vvz4c,3,35
1789065077,processor-596c57b57f-vvz4c,3,35
1789065079,processor-596c57b57f-vvz4c,3,35
1789065081,processor-596c57b57f-vvz4c,3,35
1789065084,processor-596c57b57f-vvz4c,3,35
1789065086,processor-596c57b57f-vvz4c,3,35
1789065088,processor-596c57b57f-vvz4c,3,35
1789065090,processor-596c57b57f-vvz4c,3,35
1789065092,processor-596c57b57f-vvz4c,3,35
1789065094,processor-596c57b57f-vvz4c,3,35
1789065096,processor-596c57b57f-vvz4c,3,35
1789065098,processor-596c57b57f-vvz4c,3,35
1789065100,processor-596c57b57f-vvz4c,3,35
1789065102,processor-596c57b57f-vvz4c,3,35
1789065104,processor-596c57b57f-vvz4c,3,35
1789065107,processor-596c57b57f-vvz4c,3,35
1789065109,processor-596c57b57f-vvz4c,3,35
1789065111,processor-596c57b57f-vvz4c,3,35
1789065113,processor-596c57b57f-vvz4c,3,35
1789065115,processor-596c57b57f-vvz4c,3,35
1789065117,processor-596c57b57f-vvz4c,3,35
1789065119,processor-596c57b57f-vvz4c,3,35
1789065121,processor-596c57b57f-vvz4c,3,35
1789065123,processor-596c57b57f-vvz4c,3,35
1789065125,processor-596c57b57f-vvz4c,3,35
1789065127,processor-596c57b57f-vvz4c,3,35
1789065130,processor-596c57b57f-vvz4c,3,35
1789065132,processor-596c57b57f-vvz4c,3,35
1789065134,processor-596c57b57f-vvz4c,3,35
1789065136,processor-596c57b57f-vvz4c,3,35
1789065138,processor-596c57b57f-vvz4c,3,35
1789065140,processor-596c57b57f-vvz4c,3,35
1789065142,processor-596c57b57f-vvz4c,4,35
1789065144,processor-596c57b57f-vvz4c,4,35
1789065146,processor-596c57b57f-vvz4c,4,35
1789065148,processor-596c57b57f-vvz4c,4,35
1789065150,processor-596c57b57f-vvz4c,4,35
1789065152,processor-596c57b57f-vvz4c,4,35
1789065155,processor-596c57b57f-vvz4c,4,35
1789065157,processor-596c57b57f-vvz4c,3,35
1789065159,processor-596c57b57f-vvz4c,3,35
1789065161,processor-596c57b57f-vvz4c,3,35
1789065163,processor-596c57b57f-vvz4c,3,35
1789065165,processor-596c57b57f-vvz4c,3,35
1789065167,processor-596c57b57f-vvz4c,3,35
1789065169,processor-596c57b57f-vvz4c,3,35
1789065171,processor-596c57b57f-vvz4c,3,35
1789065173,processor-596c57b57f-vvz4c,3,35
1789065176,processor-596c57b57f-vvz4c,3,35
1789065178,processor-596c57b57f-vvz4c,3,35
1789065180,processor-596c57b57f-vvz4c,3,35
1789065182,processor-596c57b57f-vvz4c,3,35
1789065184,processor-596c57b57f-vvz4c,3,35
1789065186,processor-596c57b57f-vvz4c,3,35
1789065188,processor-596c57b57f-vvz4c,3,35
1789065190,processor-596c57b57f-vvz4c,3,35
1789065192,processor-596c57b57f-vvz4c,3,35
1789065194,processor-596c57b57f-vvz4c,3,35
1789065196,processor-596c57b57f-vvz4c,3,35
1789065199,processor-596c57b57f-vvz4c,3,35
1789065201,processor-596c57b57f-vvz4c,4,35
1789065203,processor-596c57b57f-vvz4c,4,35
1789065205,processor-596c57b57f-vvz4c,4,35
1789065207,processor-596c57b57f-vvz4c,4,35
1789065209,processor-596c57b57f-vvz4c,4,35
1789065211,processor-596c57b57f-vvz4c,4,35
1789065213,processor-596c57b57f-vvz4c,4,35
1789065215,processor-596c57b57f-vvz4c,4,35
1789065217,processor-596c57b57f-vvz4c,3,35
1789065219,processor-596c57b57f-vvz4c,3,35
1789065221,processor-596c57b57f-vvz4c,3,35
1789065224,processor-596c57b57f-vvz4c,3,35
1789065226,processor-596c57b57f-vvz4c,3,35
1789065228,processor-596c57b57f-vvz4c,3,35
1789065230,processor-596c57b57f-vvz4c,3,35
1789065232,processor-596c57b57f-vvz4c,3,35
1789065234,processor-596c57b57f-vvz4c,3,35
1789065236,processor-596c57b57f-vvz4c,3,35
1789065238,processor-596c57b57f-vvz4c,3,35
1789065240,processor-596c57b57f-vvz4c,3,35
1789065242,processor-596c57b57f-vvz4c,3,35
1789065244,processor-596c57b57f-vvz4c,3,35
1789065247,processor-596c57b57f-vvz4c,3,35
1789065249,processor-596c57b57f-vvz4c,3,35
1789065251,processor-596c57b57f-vvz4c,3,35
1789065253,processor-596c57b57f-vvz4c,3,35
1789065255,processor-596c57b57f-vvz4c,3,35
1789065257,processor-596c57b57f-vvz4c,3,35
1789065259,processor-596c57b57f-vvz4c,3,35
1789065261,processor-596c57b57f-vvz4c,3,35
1789065263,processor-596c57b57f-vvz4c,3,35
1789065265,processor-596c57b57f-vvz4c,3,35
1789065267,processor-596c57b57f-vvz4c,3,35
1789065270,processor-596c57b57f-vvz4c,3,35
1789065272,processor-596c57b57f-vvz4c,3,35
1789065274,processor-596c57b57f-vvz4c,3,35
1789065276,processor-596c57b57f-vvz4c,3,35
1789065278,processor-596c57b57f-vvz4c,3,35
1789065280,processor-596c57b57f-vvz4c,3,35
1789065282,processor-596c57b57f-vvz4c,3,35
1789065284,processor-596c57b57f-vvz4c,3,35
1789065286,processor-596c57b57f-vvz4c,3,35
1789065288,processor-596c57b57f-vvz4c,3,35
1789065290,processor-596c57b57f-vvz4c,3,35
1789065293,processor-596c57b57f-vvz4c,3,35
1789065295,processor-596c57b57f-vvz4c,3,35
1789065297,processor-596c57b57f-vvz4c,3,35
1789065299,processor-596c57b57f-vvz4c,3,35
1789065301,processor-596c57b57f-vvz4c,3,35
1789065303,processor-596c57b57f-vvz4c,3,35
1789065305,processor-596c57b57f-vvz4c,3,35
1789065307,processor-596c57b57f-vvz4c,3,35
1789065309,processor-596c57b57f-vvz4c,3,35
1789065311,processor-596c57b57f-vvz4c,3,35
1789065313,processor-596c57b57f-vvz4c,3,35
1789065316,processor-596c57b57f-vvz4c,3,35
1789065318,processor-596c57b57f-vvz4c,3,35
1789065320,processor-596c57b57f-vvz4c,3,35
1789065322,processor-596c57b57f-vvz4c,3,35
1789065324,processor-596c57b57f-vvz4c,3,35
1789065326,processor-596c57b57f-vvz4c,3,35
1789065328,processor-596c57b57f-vvz4c,3,35
1789065330,processor-596c57b57f-vvz4c,3,35
1789065332,processor-596c57b57f-vvz4c,3,35
1789065334,processor-596c57b57f-vvz4c,3,35
1789065336,processor-596c57b57f-vvz4c,3,35
1789065339,processor-596c57b57f-vvz4c,3,35
1789065341,processor-596c57b57f-vvz4c,3,35
1789065343,processor-596c57b57f-vvz4c,3,35
1789065345,processor-596c57b57f-vvz4c,3,35
1789065347,processor-596c57b57f-vvz4c,3,35
1789065349,processor-596c57b57f-vvz4c,3,35
1789065351,processor-596c57b57f-vvz4c,3,35
1789065353,processor-596c57b57f-vvz4c,3,35
1789065355,processor-596c57b57f-vvz4c,3,35
1789065357,processor-596c57b57f-vvz4c,3,35
1789065359,processor-596c57b57f-vvz4c,3,35
1789065362,processor-596c57b57f-vvz4c,3,35
1789065364,processor-596c57b57f-vvz4c,3,35
1789065366,processor-596c57b57f-vvz4c,3,35
1789065368,processor-596c57b57f-vvz4c,3,35
1789065370,processor-596c57b57f-vvz4c,3,35
1789065372,processor-596c57b57f-vvz4c,3,35
1789065374,processor-596c57b57f-vvz4c,3,35
1789065376,processor-596c57b57f-vvz4c,3,35
1789065378,processor-596c57b57f-vvz4c,3,35
1789065380,processor-596c57b57f-vvz4c,3,35
1789065383,processor-596c57b57f-vvz4c,2,35
1789065385,processor-596c57b57f-vvz4c,2,35
1789065387,processor-596c57b57f-vvz4c,2,35
1789065389,processor-596c57b57f-vvz4c,2,35
1789065391,processor-596c57b57f-vvz4c,2,35
1789065393,processor-596c57b57f-vvz4c,2,35
1789065395,processor-596c57b57f-vvz4c,2,35
1789065397,processor-596c57b57f-vvz4c,3,35
1789065399,processor-596c57b57f-vvz4c,3,35
1789065401,processor-596c57b57f-vvz4c,3,35
1789065403,processor-596c57b57f-vvz4c,3,35
1789065406,processor-596c57b57f-vvz4c,3,35
1789065408,processor-596c57b57f-vvz4c,3,35
1789065410,processor-596c57b57f-vvz4c,3,35
1789065412,processor-596c57b57f-vvz4c,2,35
1789065414,processor-596c57b57f-vvz4c,2,35
1789065416,processor-596c57b57f-vvz4c,2,35
1789065418,processor-596c57b57f-vvz4c,2,35
1789065420,processor-596c57b57f-vvz4c,2,35
1789065422,processor-596c57b57f-vvz4c,2,35
1789065424,processor-596c57b57f-vvz4c,2,35
1789065426,processor-596c57b57f-vvz4c,2,35
1789065428,processor-596c57b57f-vvz4c,2,35
1789065431,processor-596c57b57f-vvz4c,2,35
1789065433,processor-596c57b57f-vvz4c,2,35
1789065435,processor-596c57b57f-vvz4c,2,35
1789065437,processor-596c57b57f-vvz4c,2,35
1789065439,processor-596c57b57f-vvz4c,2,35
1789065441,processor-596c57b57f-vvz4c,2,35
1789065443,processor-596c57b57f-vvz4c,2,35
1789065445,processor-596c57b57f-vvz4c,2,35
1789065447,processor-596c57b57f-vvz4c,2,35
1789065449,processor-596c57b57f-vvz4c,2,35
1789065451,processor-596c57b57f-vvz4c,2,35
1789065454,processor-596c57b57f-vvz4c,2,35
1789065456,processor-596c57b57f-vvz4c,3,35
1789065458,processor-596c57b57f-vvz4c,3,35
1789065460,processor-596c57b57f-vvz4c,3,35
1789065462,processor-596c57b57f-vvz4c,3,35
1789065464,processor-596c57b57f-vvz4c,3,35
1789065466,processor-596c57b57f-vvz4c,3,35
1789065468,processor-596c57b57f-vvz4c,3,35
1789065470,processor-596c57b57f-vvz4c,3,35
1789065472,processor-596c57b57f-vvz4c,3,35
1789065475,processor-596c57b57f-vvz4c,3,35
1789065477,processor-596c57b57f-vvz4c,3,35
1789065479,processor-596c57b57f-vvz4c,3,35
1789065481,processor-596c57b57f-vvz4c,3,35
1789065483,processor-596c57b57f-vvz4c,3,35
1789065485,processor-596c57b57f-vvz4c,3,35
1789065487,processor-596c57b57f-vvz4c,3,35
1789065489,processor-596c57b57f-vvz4c,3,35
1789065491,processor-596c57b57f-vvz4c,3,35
1789065493,processor-596c57b57f-vvz4c,3,35
1789065495,processor-596c57b57f-vvz4c,3,35
1789065498,processor-596c57b57f-vvz4c,3,35
1789065500,processor-596c57b57f-vvz4c,3,35
1789065502,processor-596c57b57f-vvz4c,3,35
1789065504,processor-596c57b57f-vvz4c,3,35
1789065506,processor-596c57b57f-vvz4c,3,35
1789065508,processor-596c57b57f-vvz4c,3,35
1789065510,processor-596c57b57f-vvz4c,3,35
1789065512,processor-596c57b57f-vvz4c,3,35
1789065514,processor-596c57b57f-vvz4c,3,35
1789065516,processor-596c57b57f-vvz4c,5,35
1789065519,processor-596c57b57f-vvz4c,5,35
1789065521,processor-596c57b57f-vvz4c,5,35
1789065523,processor-596c57b57f-vvz4c,5,35
1789065525,processor-596c57b57f-vvz4c,5,35
1789065527,processor-596c57b57f-vvz4c,5,35
1789065529,processor-596c57b57f-vvz4c,5,35
1789065531,processor-596c57b57f-vvz4c,3,35
1789065533,processor-596c57b57f-vvz4c,3,35
1789065535,processor-596c57b57f-vvz4c,3,35
1789065537,processor-596c57b57f-vvz4c,3,35
1789065540,processor-596c57b57f-vvz4c,3,35
1789065542,processor-596c57b57f-vvz4c,3,35
1789065544,processor-596c57b57f-vvz4c,3,35
1789065546,processor-596c57b57f-vvz4c,3,35
1789065548,processor-596c57b57f-vvz4c,3,35
1789065550,processor-596c57b57f-vvz4c,3,35
1789065552,processor-596c57b57f-vvz4c,3,35
1789065554,processor-596c57b57f-vvz4c,3,35
1789065556,processor-596c57b57f-vvz4c,3,35
1789065558,processor-596c57b57f-vvz4c,3,35
1789065560,processor-596c57b57f-vvz4c,3,35
1789065563,processor-596c57b57f-vvz4c,3,35
1789065565,processor-596c57b57f-vvz4c,3,35
1789065567,processor-596c57b57f-vvz4c,3,35
1789065569,processor-596c57b57f-vvz4c,3,35
1789065571,processor-596c57b57f-vvz4c,3,35
1789065573,processor-596c57b57f-vvz4c,3,35
1789065575,processor-596c57b57f-vvz4c,3,35
1789065577,processor-596c57b57f-vvz4c,3,35
1789065579,processor-596c57b57f-vvz4c,3,35
1789065581,processor-596c57b57f-vvz4c,3,35
1789065584,processor-596c57b57f-vvz4c,3,35
1789065586,processor-596c57b57f-vvz4c,3,35
1789065588,processor-596c57b57f-vvz4c,3,35
1789065590,processor-596c57b57f-vvz4c,3,35
1789065592,processor-596c57b57f-vvz4c,3,35
1789065594,processor-596c57b57f-vvz4c,3,35
1789065596,processor-596c57b57f-vvz4c,3,35
1789065598,processor-596c57b57f-vvz4c,3,35
1789065600,processor-596c57b57f-vvz4c,3,35
1789065602,processor-596c57b57f-vvz4c,3,35
1789065604,processor-596c57b57f-vvz4c,3,35
1789065607,processor-596c57b57f-vvz4c,3,35
1789065609,processor-596c57b57f-vvz4c,3,35
1789065611,processor-596c57b57f-vvz4c,3,35
1789065613,processor-596c57b57f-vvz4c,3,35
1789065615,processor-596c57b57f-vvz4c,3,35
1789065617,processor-596c57b57f-vvz4c,3,35
1789065619,processor-596c57b57f-vvz4c,3,35
1789065621,processor-596c57b57f-vvz4c,3,35
1789065623,processor-596c57b57f-vvz4c,3,35
1789065625,processor-596c57b57f-vvz4c,3,35
1789065628,processor-596c57b57f-vvz4c,3,35
1789065630,processor-596c57b57f-vvz4c,3,35
1789065632,processor-596c57b57f-vvz4c,3,35
1789065634,processor-596c57b57f-vvz4c,3,35
1789065636,processor-596c57b57f-vvz4c,25,35
1789065638,processor-596c57b57f-vvz4c,25,35
1789065640,processor-596c57b57f-vvz4c,25,35
1789065642,processor-596c57b57f-vvz4c,25,35
1789065645,processor-596c57b57f-vvz4c,25,35
1789065647,processor-596c57b57f-vvz4c,25,35
1789065649,processor-596c57b57f-vvz4c,25,35
1789065651,processor-596c57b57f-vvz4c,25,35
1789065653,processor-596c57b57f-vvz4c,25,35
1789065655,processor-596c57b57f-vvz4c,25,35
1789065657,processor-596c57b57f-vvz4c,25,35
1789065659,processor-596c57b57f-vvz4c,25,35
1789065661,processor-596c57b57f-vvz4c,25,35
1789065663,processor-596c57b57f-vvz4c,25,35
1789065665,processor-596c57b57f-vvz4c,5,35
1789065668,processor-596c57b57f-vvz4c,5,35
1789065670,processor-596c57b57f-vvz4c,5,35
1789065672,processor-596c57b57f-vvz4c,5,35
1789065674,processor-596c57b57f-vvz4c,5,35
1789065676,processor-596c57b57f-vvz4c,5,35
1789065678,processor-596c57b57f-vvz4c,5,35
1789065680,processor-596c57b57f-vvz4c,5,35
1789065682,processor-596c57b57f-vvz4c,3,35
1789065684,processor-596c57b57f-vvz4c,3,35
1789065686,processor-596c57b57f-vvz4c,3,35
1789065689,processor-596c57b57f-vvz4c,3,35
1789065691,processor-596c57b57f-vvz4c,3,35
1789065693,processor-596c57b57f-vvz4c,3,35
1789065695,processor-596c57b57f-vvz4c,3,35
1789065697,processor-596c57b57f-vvz4c,3,35
1789065699,processor-596c57b57f-vvz4c,3,35
1789065701,processor-596c57b57f-vvz4c,3,35
1789065703,processor-596c57b57f-vvz4c,3,35
1789065705,processor-596c57b57f-vvz4c,3,35
1789065707,processor-596c57b57f-vvz4c,3,35
1789065709,processor-596c57b57f-vvz4c,3,35
1789065712,processor-596c57b57f-vvz4c,4,35
1789065714,processor-596c57b57f-vvz4c,4,35
1789065716,processor-596c57b57f-vvz4c,4,35
1789065718,processor-596c57b57f-vvz4c,4,35
1789065720,processor-596c57b57f-vvz4c,4,35
1789065722,processor-596c57b57f-vvz4c,4,35
1789065724,processor-596c57b57f-vvz4c,4,35
1789065726,processor-596c57b57f-vvz4c,3,35
1789065728,processor-596c57b57f-vvz4c,3,35
1789065730,processor-596c57b57f-vvz4c,3,35
1789065733,processor-596c57b57f-vvz4c,3,35
1789065735,processor-596c57b57f-vvz4c,3,35
1789065737,processor-596c57b57f-vvz4c,3,35
1789065739,processor-596c57b57f-vvz4c,3,35
1789065741,processor-596c57b57f-vvz4c,3,35
1789065743,processor-596c57b57f-vvz4c,3,35
1789065745,processor-596c57b57f-vvz4c,3,35
1789065747,processor-596c57b57f-vvz4c,3,35
1789065749,processor-596c57b57f-vvz4c,3,35
1789065751,processor-596c57b57f-vvz4c,3,35
1789065753,processor-596c57b57f-vvz4c,3,35
1789065771,processor-79945475-d5dlm,1,35
1789065773,processor-79945475-d5dlm,1,35
1789065787,processor-64c8968b65-rdrxj,345,35
1789065789,processor-64c8968b65-rdrxj,345,35
1789065791,processor-64c8968b65-rdrxj,345,35
1789065793,processor-64c8968b65-rdrxj,345,35
1789065795,processor-64c8968b65-rdrxj,345,35
1789065797,processor-64c8968b65-rdrxj,345,35
1789065800,processor-64c8968b65-rdrxj,345,35
1789065802,processor-64c8968b65-rdrxj,372,35
1789065804,processor-64c8968b65-rdrxj,372,35
1789065806,processor-64c8968b65-rdrxj,372,35
1789065808,processor-64c8968b65-rdrxj,372,35
1789065810,processor-64c8968b65-rdrxj,372,35
1789065812,processor-64c8968b65-rdrxj,372,35
1789065814,processor-64c8968b65-rdrxj,372,35
1789065816,processor-64c8968b65-rdrxj,624,35
1789065819,processor-64c8968b65-rdrxj,624,35
1789065821,processor-64c8968b65-rdrxj,624,35
1789065823,processor-64c8968b65-rdrxj,624,35
1789065825,processor-64c8968b65-rdrxj,624,35
1789065827,processor-64c8968b65-rdrxj,624,35
1789065829,processor-64c8968b65-rdrxj,624,35
1789065831,processor-64c8968b65-rdrxj,689,35
1789065833,processor-64c8968b65-rdrxj,689,35
1789065835,processor-64c8968b65-rdrxj,689,35
1789065837,processor-64c8968b65-rdrxj,689,35
1789065840,processor-64c8968b65-rdrxj,689,35
1789065842,processor-64c8968b65-rdrxj,689,35
1789065844,processor-64c8968b65-rdrxj,689,35
1789065846,processor-64c8968b65-rdrxj,680,35
1789065848,processor-64c8968b65-rdrxj,680,35
1789065850,processor-64c8968b65-rdrxj,680,35
1789065852,processor-64c8968b65-rdrxj,680,35
1789065854,processor-64c8968b65-rdrxj,680,35
1789065856,processor-64c8968b65-rdrxj,680,35
1789065859,processor-64c8968b65-rdrxj,680,35
1789065861,processor-64c8968b65-rdrxj,683,35
1789065863,processor-64c8968b65-rdrxj,683,35
1789065865,processor-64c8968b65-rdrxj,683,35
1789065867,processor-64c8968b65-rdrxj,683,35
1789065869,processor-64c8968b65-rdrxj,683,35
1789065871,processor-64c8968b65-rdrxj,683,35
1789065873,processor-64c8968b65-rdrxj,683,35
1789065875,processor-64c8968b65-rdrxj,683,35
1789065878,processor-64c8968b65-rdrxj,830,35
1789065881,processor-64c8968b65-rdrxj,830,35
1789065883,processor-64c8968b65-rdrxj,830,35
1789065885,processor-64c8968b65-rdrxj,830,35
1789065887,processor-64c8968b65-rdrxj,830,35
1789065889,processor-64c8968b65-rdrxj,830,35
1789065907,processor-5849fcf6-ppdwk,269,35
1789065909,processor-5849fcf6-ppdwk,269,35
1789065911,processor-5849fcf6-ppdwk,269,35
1789065913,processor-5849fcf6-ppdwk,269,35
1789065915,processor-5849fcf6-ppdwk,269,35
1789065917,processor-5849fcf6-ppdwk,269,35
1789065919,processor-5849fcf6-ppdwk,269,35
1789065921,processor-5849fcf6-ppdwk,529,35
1789065923,processor-5849fcf6-ppdwk,529,35
1789065925,processor-5849fcf6-ppdwk,529,35
1789065928,processor-5849fcf6-ppdwk,529,35
1789065930,processor-5849fcf6-ppdwk,529,35
1789065932,processor-5849fcf6-ppdwk,529,35
1789065934,processor-5849fcf6-ppdwk,529,35
1789065936,processor-5849fcf6-ppdwk,522,35
1789065938,processor-5849fcf6-ppdwk,522,35
1789065940,processor-5849fcf6-ppdwk,522,35
1789065942,processor-5849fcf6-ppdwk,522,35
1789065944,processor-5849fcf6-ppdwk,522,35
1789065947,processor-5849fcf6-ppdwk,522,35
1789065949,processor-5849fcf6-ppdwk,522,35
1789065951,processor-5849fcf6-ppdwk,512,35
1789065953,processor-5849fcf6-ppdwk,512,35
1789065955,processor-5849fcf6-ppdwk,512,35
1789065957,processor-5849fcf6-ppdwk,512,35
1789065959,processor-5849fcf6-ppdwk,512,35
1789065961,processor-5849fcf6-ppdwk,512,35
1789065963,processor-5849fcf6-ppdwk,512,35
1789065966,processor-5849fcf6-ppdwk,518,35
1789065968,processor-5849fcf6-ppdwk,518,35
1789065970,processor-5849fcf6-ppdwk,518,35
1789065972,processor-5849fcf6-ppdwk,518,35
1789065974,processor-5849fcf6-ppdwk,518,35
1789065976,processor-5849fcf6-ppdwk,518,35
1789065978,processor-5849fcf6-ppdwk,518,35
1789065980,processor-5849fcf6-ppdwk,518,35
1789065982,processor-5849fcf6-ppdwk,518,35
1789065984,processor-5849fcf6-ppdwk,518,35
1789065987,processor-5849fcf6-ppdwk,518,35
1789065989,processor-5849fcf6-ppdwk,518,35
1789065991,processor-5849fcf6-ppdwk,518,35
1789065993,processor-5849fcf6-ppdwk,518,35
1789065995,processor-5849fcf6-ppdwk,518,35
1789065997,processor-5849fcf6-ppdwk,389,35
1789065999,processor-5849fcf6-ppdwk,389,35
1789066001,processor-5849fcf6-ppdwk,389,35
1789066003,processor-5849fcf6-ppdwk,389,35
1789066005,processor-5849fcf6-ppdwk,389,35
1789066028,processor-579bb67df9-hbxb9,2,34
1789066030,processor-579bb67df9-hbxb9,2,34
1789066032,processor-579bb67df9-hbxb9,2,34
1789066034,processor-579bb67df9-hbxb9,2,34
1789066036,processor-579bb67df9-hbxb9,2,34
1789066038,processor-579bb67df9-hbxb9,2,34
1789066040,processor-579bb67df9-hbxb9,2,34
1789066042,processor-579bb67df9-hbxb9,2,34
1789066044,processor-579bb67df9-hbxb9,2,34
1789066047,processor-579bb67df9-hbxb9,2,34
1789066049,processor-579bb67df9-hbxb9,2,34
1789066072,processor-59d8fff9c-4bvvd,266,37
1789066075,processor-59d8fff9c-4bvvd,266,37
1789066077,processor-59d8fff9c-4bvvd,266,37
1789066079,processor-59d8fff9c-4bvvd,266,37
1789066081,processor-59d8fff9c-4bvvd,266,37
1789066083,processor-59d8fff9c-4bvvd,266,37
1789066085,processor-59d8fff9c-4bvvd,266,37
1789066087,processor-59d8fff9c-4bvvd,527,37
1789066089,processor-59d8fff9c-4bvvd,527,37
1789066091,processor-59d8fff9c-4bvvd,527,37
1789066094,processor-59d8fff9c-4bvvd,527,37
1789066096,processor-59d8fff9c-4bvvd,527,37
1789066098,processor-59d8fff9c-4bvvd,527,37
1789066100,processor-59d8fff9c-4bvvd,527,37
1789066102,processor-59d8fff9c-4bvvd,513,37
1789066104,processor-59d8fff9c-4bvvd,513,37
1789066106,processor-59d8fff9c-4bvvd,513,37
1789066108,processor-59d8fff9c-4bvvd,513,37
1789066110,processor-59d8fff9c-4bvvd,513,37
1789066113,processor-59d8fff9c-4bvvd,513,37
1789066115,processor-59d8fff9c-4bvvd,513,37
1789066117,processor-59d8fff9c-4bvvd,525,37
1789066119,processor-59d8fff9c-4bvvd,525,37
1789066121,processor-59d8fff9c-4bvvd,525,37
1789066123,processor-59d8fff9c-4bvvd,525,37
1789066125,processor-59d8fff9c-4bvvd,525,37
1789066127,processor-59d8fff9c-4bvvd,525,37
1789066129,processor-59d8fff9c-4bvvd,525,37
1789066132,processor-59d8fff9c-4bvvd,525,37
1789066134,processor-59d8fff9c-4bvvd,525,37
1789066136,processor-59d8fff9c-4bvvd,525,37
1789066138,processor-59d8fff9c-4bvvd,525,37
1789066140,processor-59d8fff9c-4bvvd,525,37
1789066142,processor-59d8fff9c-4bvvd,525,37
1789066144,processor-59d8fff9c-4bvvd,525,37
1789066146,processor-59d8fff9c-4bvvd,448,37
1789066148,processor-59d8fff9c-4bvvd,448,37
1789066150,processor-59d8fff9c-4bvvd,448,37
1789066153,processor-59d8fff9c-4bvvd,448,37
1789066155,processor-59d8fff9c-4bvvd,448,37
1789066157,processor-59d8fff9c-4bvvd,448,37
1789066159,processor-59d8fff9c-4bvvd,448,37
1789066161,processor-59d8fff9c-4bvvd,448,37
1789066163,processor-59d8fff9c-4bvvd,448,37
1789066165,processor-59d8fff9c-4bvvd,448,37
1789066167,processor-59d8fff9c-4bvvd,448,37
1789066191,processor-599485797b-7xl2g,466,35
1789066193,processor-599485797b-7xl2g,466,35
1789066195,processor-599485797b-7xl2g,466,35
1789066197,processor-599485797b-7xl2g,466,35
1789066200,processor-599485797b-7xl2g,466,35
1789066202,processor-599485797b-7xl2g,466,35
1789066204,processor-599485797b-7xl2g,466,35
1789066206,processor-599485797b-7xl2g,576,35
1789066208,processor-599485797b-7xl2g,576,35
1789066210,processor-599485797b-7xl2g,576,35
1789066212,processor-599485797b-7xl2g,576,35
1789066214,processor-599485797b-7xl2g,576,35
1789066216,processor-599485797b-7xl2g,576,35
1789066219,processor-599485797b-7xl2g,576,35
1789066221,processor-599485797b-7xl2g,538,35
1789066223,processor-599485797b-7xl2g,538,35
1789066225,processor-599485797b-7xl2g,538,35
1789066227,processor-599485797b-7xl2g,538,35
1789066229,processor-599485797b-7xl2g,538,35
1789066231,processor-599485797b-7xl2g,538,35
1789066233,processor-599485797b-7xl2g,538,35
1789066235,processor-599485797b-7xl2g,588,35
1789066238,processor-599485797b-7xl2g,588,35
1789066240,processor-599485797b-7xl2g,588,35
1789066242,processor-599485797b-7xl2g,588,35
1789066244,processor-599485797b-7xl2g,588,35
1789066246,processor-599485797b-7xl2g,588,35
1789066248,processor-599485797b-7xl2g,588,35
1789066250,processor-599485797b-7xl2g,588,35
1789066252,processor-599485797b-7xl2g,597,35
1789066255,processor-599485797b-7xl2g,597,35
1789066257,processor-599485797b-7xl2g,597,35
1789066259,processor-599485797b-7xl2g,597,35
1789066261,processor-599485797b-7xl2g,597,35
1789066263,processor-599485797b-7xl2g,597,35
1789066265,processor-599485797b-7xl2g,597,35
1789066267,processor-599485797b-7xl2g,708,35
1789066269,processor-599485797b-7xl2g,708,35
1789066271,processor-599485797b-7xl2g,708,35
1789066274,processor-599485797b-7xl2g,708,35
1789066276,processor-599485797b-7xl2g,708,35
1789066278,processor-599485797b-7xl2g,708,35
1789066280,processor-599485797b-7xl2g,763,35
1789066283,processor-599485797b-7xl2g,763,35
1789066285,processor-599485797b-7xl2g,763,35
1789066287,processor-599485797b-7xl2g,763,35
1789066311,processor-5d7d579746-d4wj6,314,37
1789066313,processor-5d7d579746-d4wj6,314,37
1789066315,processor-5d7d579746-d4wj6,314,37
1789066317,processor-5d7d579746-d4wj6,314,37
1789066319,processor-5d7d579746-d4wj6,314,37
1789066321,processor-5d7d579746-d4wj6,314,37
1789066323,processor-5d7d579746-d4wj6,314,37
1789066325,processor-5d7d579746-d4wj6,586,37
1789066328,processor-5d7d579746-d4wj6,586,37
1789066330,processor-5d7d579746-d4wj6,586,37
1789066332,processor-5d7d579746-d4wj6,586,37
1789066334,processor-5d7d579746-d4wj6,586,37
1789066336,processor-5d7d579746-d4wj6,586,37
1789066338,processor-5d7d579746-d4wj6,586,37
1789066340,processor-5d7d579746-d4wj6,586,37
1789066342,processor-5d7d579746-d4wj6,565,37
1789066345,processor-5d7d579746-d4wj6,565,37
1789066347,processor-5d7d579746-d4wj6,565,37
1789066349,processor-5d7d579746-d4wj6,565,37
1789066351,processor-5d7d579746-d4wj6,565,37
1789066353,processor-5d7d579746-d4wj6,565,37
1789066355,processor-5d7d579746-d4wj6,565,37
1789066357,processor-5d7d579746-d4wj6,573,37
1789066359,processor-5d7d579746-d4wj6,573,37
1789066361,processor-5d7d579746-d4wj6,573,37
1789066364,processor-5d7d579746-d4wj6,573,37
1789066366,processor-5d7d579746-d4wj6,573,37
1789066368,processor-5d7d579746-d4wj6,573,37
1789066370,processor-5d7d579746-d4wj6,573,37
1789066372,processor-5d7d579746-d4wj6,573,37
1789066374,processor-5d7d579746-d4wj6,573,37
1789066376,processor-5d7d579746-d4wj6,573,37
1789066378,processor-5d7d579746-d4wj6,573,37
1789066380,processor-5d7d579746-d4wj6,573,37
1789066383,processor-5d7d579746-d4wj6,573,37
1789066385,processor-5d7d579746-d4wj6,573,37
1789066387,processor-5d7d579746-d4wj6,507,37
1789066389,processor-5d7d579746-d4wj6,507,37
1789066391,processor-5d7d579746-d4wj6,507,37
1789066393,processor-5d7d579746-d4wj6,507,37
1789066395,processor-5d7d579746-d4wj6,507,37
1789066397,processor-5d7d579746-d4wj6,507,37
1789066399,processor-5d7d579746-d4wj6,507,37
1789066401,processor-5d7d579746-d4wj6,1,37
1789066404,processor-5d7d579746-d4wj6,1,37
1789066406,processor-5d7d579746-d4wj6,1,37
1789066418,processor-6bd6c65986-7244d,277,35
1789066420,processor-6bd6c65986-7244d,277,35
1789066422,processor-6bd6c65986-7244d,277,35
1789066424,processor-6bd6c65986-7244d,277,35
1789066426,processor-6bd6c65986-7244d,277,35
1789066428,processor-6bd6c65986-7244d,277,35
1789066430,processor-6bd6c65986-7244d,277,35
1789066432,processor-6bd6c65986-7244d,616,35
1789066434,processor-6bd6c65986-7244d,616,35
1789066437,processor-6bd6c65986-7244d,616,35
1789066439,processor-6bd6c65986-7244d,616,35
1789066441,processor-6bd6c65986-7244d,616,35
1789066443,processor-6bd6c65986-7244d,616,35
1789066445,processor-6bd6c65986-7244d,616,35
1789066447,processor-6bd6c65986-7244d,652,35
1789066449,processor-6bd6c65986-7244d,652,35
1789066451,processor-6bd6c65986-7244d,652,35
1789066454,processor-6bd6c65986-7244d,652,35
1789066456,processor-6bd6c65986-7244d,652,35
1789066458,processor-6bd6c65986-7244d,652,35
1789066460,processor-6bd6c65986-7244d,652,35
1789066462,processor-6bd6c65986-7244d,630,35
1789066464,processor-6bd6c65986-7244d,630,35
1789066466,processor-6bd6c65986-7244d,630,35
1789066468,processor-6bd6c65986-7244d,630,35
1789066470,processor-6bd6c65986-7244d,630,35
1789066473,processor-6bd6c65986-7244d,630,35
1789066475,processor-6bd6c65986-7244d,630,35
1789066477,processor-6bd6c65986-7244d,616,35
1789066479,processor-6bd6c65986-7244d,616,35
1789066481,processor-6bd6c65986-7244d,616,35
1789066483,processor-6bd6c65986-7244d,616,35
1789066485,processor-6bd6c65986-7244d,616,35
1789066487,processor-6bd6c65986-7244d,616,35
1789066490,processor-6bd6c65986-7244d,616,35
1789066492,processor-6bd6c65986-7244d,637,35
1789066494,processor-6bd6c65986-7244d,637,35
1789066496,processor-6bd6c65986-7244d,637,35
1789066498,processor-6bd6c65986-7244d,637,35
1789066500,processor-6bd6c65986-7244d,637,35
1789066502,processor-6bd6c65986-7244d,637,35
1789066504,processor-6bd6c65986-7244d,637,35
1789066506,processor-6bd6c65986-7244d,697,35
1789066508,processor-6bd6c65986-7244d,697,35
1789066511,processor-6bd6c65986-7244d,697,35
1789066513,processor-6bd6c65986-7244d,697,35
1789066515,processor-6bd6c65986-7244d,697,35
1789066517,processor-6bd6c65986-7244d,697,35
1789066519,processor-6bd6c65986-7244d,697,35
1789066521,processor-6bd6c65986-7244d,403,35
1789066536,processor-696c4d54d9-472dm,318,35
1789066539,processor-696c4d54d9-472dm,318,35
1789066541,processor-696c4d54d9-472dm,318,35
1789066543,processor-696c4d54d9-472dm,318,35
1789066545,processor-696c4d54d9-472dm,318,35
1789066547,processor-696c4d54d9-472dm,318,35
1789066549,processor-696c4d54d9-472dm,318,35
1789066551,processor-696c4d54d9-472dm,318,35
1789066553,processor-696c4d54d9-472dm,318,35
1789066555,processor-696c4d54d9-472dm,318,35
1789066558,processor-696c4d54d9-472dm,318,35
1789066560,processor-696c4d54d9-472dm,318,35
1789066562,processor-696c4d54d9-472dm,318,35
1789066564,processor-696c4d54d9-472dm,318,35
1789066566,processor-696c4d54d9-472dm,571,35
1789066568,processor-696c4d54d9-472dm,571,35
1789066570,processor-696c4d54d9-472dm,571,35
1789066572,processor-696c4d54d9-472dm,571,35
1789066574,processor-696c4d54d9-472dm,571,35
1789066577,processor-696c4d54d9-472dm,571,35
1789066579,processor-696c4d54d9-472dm,571,35
1789066581,processor-696c4d54d9-472dm,586,35
1789066583,processor-696c4d54d9-472dm,586,35
1789066585,processor-696c4d54d9-472dm,586,35
1789066587,processor-696c4d54d9-472dm,586,35
1789066589,processor-696c4d54d9-472dm,586,35
1789066591,processor-696c4d54d9-472dm,586,35
1789066594,processor-696c4d54d9-472dm,586,35
1789066596,processor-696c4d54d9-472dm,581,35
1789066598,processor-696c4d54d9-472dm,581,35
1789066600,processor-696c4d54d9-472dm,581,35
1789066602,processor-696c4d54d9-472dm,581,35
1789066604,processor-696c4d54d9-472dm,581,35
1789066606,processor-696c4d54d9-472dm,581,35
1789066608,processor-696c4d54d9-472dm,581,35
1789066610,processor-696c4d54d9-472dm,568,35
1789066613,processor-696c4d54d9-472dm,568,35
1789066615,processor-696c4d54d9-472dm,568,35
1789066617,processor-696c4d54d9-472dm,568,35
1789066619,processor-696c4d54d9-472dm,568,35
1789066621,processor-696c4d54d9-472dm,568,35
1789066623,processor-696c4d54d9-472dm,568,35
1789066625,processor-696c4d54d9-472dm,568,35
1789066627,processor-696c4d54d9-472dm,290,35
1789066629,processor-696c4d54d9-472dm,290,35
1789066632,processor-696c4d54d9-472dm,290,35
1789066634,processor-696c4d54d9-472dm,290,35
1789066636,processor-696c4d54d9-472dm,290,35
1789066638,processor-696c4d54d9-472dm,290,35
1789066640,processor-696c4d54d9-472dm,290,35
1789066642,processor-696c4d54d9-472dm,1,35
1789066656,processor-965b855f-9h68v,358,35
1789066658,processor-965b855f-9h68v,358,35
1789066660,processor-965b855f-9h68v,358,35
1789066662,processor-965b855f-9h68v,358,35
1789066664,processor-965b855f-9h68v,358,35
1789066666,processor-965b855f-9h68v,358,35
1789066668,processor-965b855f-9h68v,358,35
1789066671,processor-965b855f-9h68v,358,35
1789066673,processor-965b855f-9h68v,637,35
1789066675,processor-965b855f-9h68v,637,35
1789066677,processor-965b855f-9h68v,637,35
1789066679,processor-965b855f-9h68v,637,35
1789066681,processor-965b855f-9h68v,637,35
1789066683,processor-965b855f-9h68v,637,35
1789066685,processor-965b855f-9h68v,637,35
1789066687,processor-965b855f-9h68v,589,35
1789066690,processor-965b855f-9h68v,589,35
1789066692,processor-965b855f-9h68v,589,35
1789066694,processor-965b855f-9h68v,589,35
1789066696,processor-965b855f-9h68v,589,35
1789066698,processor-965b855f-9h68v,589,35
1789066700,processor-965b855f-9h68v,589,35
1789066702,processor-965b855f-9h68v,597,35
1789066704,processor-965b855f-9h68v,597,35
1789066706,processor-965b855f-9h68v,597,35
1789066709,processor-965b855f-9h68v,597,35
1789066711,processor-965b855f-9h68v,597,35
1789066713,processor-965b855f-9h68v,597,35
1789066715,processor-965b855f-9h68v,597,35
1789066717,processor-965b855f-9h68v,589,35
1789066719,processor-965b855f-9h68v,589,35
1789066721,processor-965b855f-9h68v,589,35
1789066723,processor-965b855f-9h68v,589,35
1789066725,processor-965b855f-9h68v,589,35
1789066728,processor-965b855f-9h68v,589,35
1789066730,processor-965b855f-9h68v,589,35
1789066732,processor-965b855f-9h68v,637,35
1789066734,processor-965b855f-9h68v,637,35
1789066736,processor-965b855f-9h68v,637,35
1789066738,processor-965b855f-9h68v,637,35
1789066740,processor-965b855f-9h68v,637,35
1789066742,processor-965b855f-9h68v,637,35
1789066744,processor-965b855f-9h68v,637,35
1789066747,processor-965b855f-9h68v,768,35
1789066749,processor-965b855f-9h68v,768,35
1789066751,processor-965b855f-9h68v,768,35
1789066753,processor-965b855f-9h68v,768,35
1789066755,processor-965b855f-9h68v,768,35
1789066757,processor-965b855f-9h68v,768,35
1789066778,processor-764968665-tznhr,303,35
1789066780,processor-764968665-tznhr,303,35
1789066782,processor-764968665-tznhr,303,35
1789066784,processor-764968665-tznhr,303,35
1789066786,processor-764968665-tznhr,303,35
1789066788,processor-764968665-tznhr,303,35
1789066790,processor-764968665-tznhr,303,35
1789066792,processor-764968665-tznhr,475,35
1789066794,processor-764968665-tznhr,475,35
1789066797,processor-764968665-tznhr,475,35
1789066799,processor-764968665-tznhr,475,35
1789066801,processor-764968665-tznhr,475,35
1789066803,processor-764968665-tznhr,475,35
1789066805,processor-764968665-tznhr,475,35
1789066807,processor-764968665-tznhr,464,35
1789066809,processor-764968665-tznhr,464,35
1789066811,processor-764968665-tznhr,464,35
1789066814,processor-764968665-tznhr,464,35
1789066816,processor-764968665-tznhr,464,35
1789066818,processor-764968665-tznhr,464,35
1789066820,processor-764968665-tznhr,464,35
1789066822,processor-764968665-tznhr,409,35
1789066824,processor-764968665-tznhr,409,35
1789066826,processor-764968665-tznhr,409,35
1789066828,processor-764968665-tznhr,409,35
1789066830,processor-764968665-tznhr,409,35
1789066832,processor-764968665-tznhr,409,35
1789066835,processor-764968665-tznhr,409,35
1789066837,processor-764968665-tznhr,415,35
1789066839,processor-764968665-tznhr,415,35
1789066841,processor-764968665-tznhr,415,35
1789066843,processor-764968665-tznhr,415,35
1789066845,processor-764968665-tznhr,415,35
1789066847,processor-764968665-tznhr,415,35
1789066849,processor-764968665-tznhr,415,35
1789066851,processor-764968665-tznhr,415,35
1789066854,processor-764968665-tznhr,415,35
1789066856,processor-764968665-tznhr,415,35
1789066858,processor-764968665-tznhr,415,35
1789066860,processor-764968665-tznhr,415,35
1789066862,processor-764968665-tznhr,415,35
1789066864,processor-764968665-tznhr,415,35
1789066866,processor-764968665-tznhr,415,35
1789066868,processor-764968665-tznhr,415,35
1789066870,processor-764968665-tznhr,415,35
1789066873,processor-764968665-tznhr,415,35
1789066875,processor-764968665-tznhr,415,35
1789066877,processor-764968665-tznhr,415,35
1789066879,processor-764968665-tznhr,415,35
1789066881,processor-764968665-tznhr,280,35
1789066883,processor-764968665-tznhr,280,35
1789066885,processor-764968665-tznhr,280,35
1789066887,processor-764968665-tznhr,280,35
1789066889,processor-764968665-tznhr,280,35
1789066891,processor-764968665-tznhr,280,35
1789066894,processor-764968665-tznhr,280,35
1789066911,processor-77fd977b69-57lbd,538,35
1789066913,processor-77fd977b69-57lbd,538,35
1789066915,processor-77fd977b69-57lbd,538,35
1789066917,processor-77fd977b69-57lbd,538,35
1789066919,processor-77fd977b69-57lbd,538,35
1789066921,processor-77fd977b69-57lbd,538,35
1789066923,processor-77fd977b69-57lbd,538,35
1789066925,processor-77fd977b69-57lbd,538,35
1789066928,processor-77fd977b69-57lbd,920,35
1789066930,processor-77fd977b69-57lbd,920,35
1789066932,processor-77fd977b69-57lbd,920,35
1789066934,processor-77fd977b69-57lbd,920,35
1789066936,processor-77fd977b69-57lbd,920,35
1789066938,processor-77fd977b69-57lbd,920,35
1789066940,processor-77fd977b69-57lbd,920,35
1789066942,processor-77fd977b69-57lbd,920,35
1789066944,processor-77fd977b69-57lbd,920,35
1789066947,processor-77fd977b69-57lbd,920,35
1789066949,processor-77fd977b69-57lbd,920,35
1789066951,processor-77fd977b69-57lbd,920,35
1789066953,processor-77fd977b69-57lbd,920,35
1789066955,processor-77fd977b69-57lbd,920,35
1789066957,processor-77fd977b69-57lbd,941,35
1789066959,processor-77fd977b69-57lbd,941,35
1789066961,processor-77fd977b69-57lbd,941,35
1789066963,processor-77fd977b69-57lbd,941,35
1789066966,processor-77fd977b69-57lbd,941,35
1789066968,processor-77fd977b69-57lbd,941,35
1789066970,processor-77fd977b69-57lbd,941,35
1789066972,processor-77fd977b69-57lbd,957,35
1789066974,processor-77fd977b69-57lbd,957,35
1789066976,processor-77fd977b69-57lbd,957,35
1789066978,processor-77fd977b69-57lbd,957,35
1789066980,processor-77fd977b69-57lbd,957,35
1789066983,processor-77fd977b69-57lbd,957,35
1789066985,processor-77fd977b69-57lbd,957,35
1789066987,processor-77fd977b69-57lbd,964,35
1789066989,processor-77fd977b69-57lbd,964,35
1789066991,processor-77fd977b69-57lbd,964,35
1789066993,processor-77fd977b69-57lbd,964,35
1789066995,processor-77fd977b69-57lbd,964,35
1789066997,processor-77fd977b69-57lbd,964,35
1789066999,processor-77fd977b69-57lbd,964,35
1789067002,processor-77fd977b69-57lbd,951,35
1789067004,processor-77fd977b69-57lbd,951,35
1789067006,processor-77fd977b69-57lbd,951,35
1789067008,processor-77fd977b69-57lbd,951,35
1789067010,processor-77fd977b69-57lbd,951,35
1789067031,processor-86d6cdfd66-w69hs,376,36
1789067033,processor-86d6cdfd66-w69hs,376,36
1789067035,processor-86d6cdfd66-w69hs,376,36
1789067037,processor-86d6cdfd66-w69hs,376,36
1789067039,processor-86d6cdfd66-w69hs,376,36
1789067041,processor-86d6cdfd66-w69hs,376,36
1789067043,processor-86d6cdfd66-w69hs,376,36
1789067045,processor-86d6cdfd66-w69hs,376,36
1789067047,processor-86d6cdfd66-w69hs,576,36
1789067050,processor-86d6cdfd66-w69hs,576,36
1789067052,processor-86d6cdfd66-w69hs,576,36
1789067054,processor-86d6cdfd66-w69hs,576,36
1789067056,processor-86d6cdfd66-w69hs,576,36
1789067058,processor-86d6cdfd66-w69hs,576,36
1789067060,processor-86d6cdfd66-w69hs,576,36
1789067062,processor-86d6cdfd66-w69hs,567,36
1789067064,processor-86d6cdfd66-w69hs,567,36
1789067066,processor-86d6cdfd66-w69hs,567,36
1789067069,processor-86d6cdfd66-w69hs,567,36
1789067071,processor-86d6cdfd66-w69hs,567,36
1789067073,processor-86d6cdfd66-w69hs,567,36
1789067075,processor-86d6cdfd66-w69hs,567,36
1789067077,processor-86d6cdfd66-w69hs,563,36
1789067079,processor-86d6cdfd66-w69hs,563,36
1789067081,processor-86d6cdfd66-w69hs,563,36
1789067083,processor-86d6cdfd66-w69hs,563,36
1789067086,processor-86d6cdfd66-w69hs,563,36
1789067088,processor-86d6cdfd66-w69hs,563,36
1789067090,processor-86d6cdfd66-w69hs,563,36
1789067092,processor-86d6cdfd66-w69hs,565,36
1789067094,processor-86d6cdfd66-w69hs,565,36
1789067096,processor-86d6cdfd66-w69hs,565,36
1789067098,processor-86d6cdfd66-w69hs,565,36
1789067100,processor-86d6cdfd66-w69hs,565,36
1789067102,processor-86d6cdfd66-w69hs,565,36
1789067105,processor-86d6cdfd66-w69hs,565,36
1789067107,processor-86d6cdfd66-w69hs,569,36
1789067109,processor-86d6cdfd66-w69hs,569,36
1789067111,processor-86d6cdfd66-w69hs,569,36
1789067113,processor-86d6cdfd66-w69hs,569,36
1789067115,processor-86d6cdfd66-w69hs,569,36
1789067117,processor-86d6cdfd66-w69hs,569,36
1789067119,processor-86d6cdfd66-w69hs,569,36
1789067121,processor-86d6cdfd66-w69hs,79,36
1789067123,processor-86d6cdfd66-w69hs,79,36
1789067126,processor-86d6cdfd66-w69hs,79,36
1789067128,processor-86d6cdfd66-w69hs,79,36
1789067151,processor-5c84f54d46-58kwg,578,35
1789067153,processor-5c84f54d46-58kwg,578,35
1789067155,processor-5c84f54d46-58kwg,578,35
1789067157,processor-5c84f54d46-58kwg,578,35
1789067159,processor-5c84f54d46-58kwg,578,35
1789067161,processor-5c84f54d46-58kwg,578,35
1789067163,processor-5c84f54d46-58kwg,578,35
1789067165,processor-5c84f54d46-58kwg,578,35
1789067167,processor-5c84f54d46-58kwg,578,35
1789067170,processor-5c84f54d46-58kwg,578,35
1789067172,processor-5c84f54d46-58kwg,578,35
1789067174,processor-5c84f54d46-58kwg,578,35
1789067176,processor-5c84f54d46-58kwg,578,35
1789067178,processor-5c84f54d46-58kwg,578,35
1789067180,processor-5c84f54d46-58kwg,578,35
1789067182,processor-5c84f54d46-58kwg,656,35
1789067184,processor-5c84f54d46-58kwg,656,35
1789067186,processor-5c84f54d46-58kwg,656,35
1789067189,processor-5c84f54d46-58kwg,656,35
1789067191,processor-5c84f54d46-58kwg,656,35
1789067193,processor-5c84f54d46-58kwg,656,35
1789067195,processor-5c84f54d46-58kwg,656,35
1789067197,processor-5c84f54d46-58kwg,661,35
1789067199,processor-5c84f54d46-58kwg,661,35
1789067201,processor-5c84f54d46-58kwg,661,35
1789067203,processor-5c84f54d46-58kwg,661,35
1789067205,processor-5c84f54d46-58kwg,661,35
1789067208,processor-5c84f54d46-58kwg,661,35
1789067210,processor-5c84f54d46-58kwg,661,35
1789067212,processor-5c84f54d46-58kwg,673,35
1789067214,processor-5c84f54d46-58kwg,673,35
1789067216,processor-5c84f54d46-58kwg,673,35
1789067218,processor-5c84f54d46-58kwg,673,35
1789067220,processor-5c84f54d46-58kwg,673,35
1789067222,processor-5c84f54d46-58kwg,673,35
1789067225,processor-5c84f54d46-58kwg,673,35
1789067227,processor-5c84f54d46-58kwg,672,35
1789067229,processor-5c84f54d46-58kwg,672,35
1789067231,processor-5c84f54d46-58kwg,672,35
1789067233,processor-5c84f54d46-58kwg,672,35
1789067235,processor-5c84f54d46-58kwg,672,35
1789067237,processor-5c84f54d46-58kwg,672,35
1789067239,processor-5c84f54d46-58kwg,672,35
1789067241,processor-5c84f54d46-58kwg,876,35
1789067243,processor-5c84f54d46-58kwg,876,35
1789067246,processor-5c84f54d46-58kwg,876,35
1789067248,processor-5c84f54d46-58kwg,876,35
1789067250,processor-5c84f54d46-58kwg,876,35
1789067252,processor-5c84f54d46-58kwg,876,35
1789067254,processor-5c84f54d46-58kwg,876,35
1789067256,processor-5c84f54d46-2h8tf,140,34
1789067256,processor-5c84f54d46-58kwg,97,35
1789067258,processor-5c84f54d46-2h8tf,140,34
1789067258,processor-5c84f54d46-58kwg,97,35
1789067260,processor-5c84f54d46-2h8tf,140,34
1789067260,processor-5c84f54d46-58kwg,97,35
1789067262,processor-5c84f54d46-2h8tf,140,34
1789067262,processor-5c84f54d46-58kwg,97,35
1789067264,processor-5c84f54d46-2h8tf,140,34
1789067264,processor-5c84f54d46-58kwg,97,35
1789067267,processor-5c84f54d46-2h8tf,140,34
1789067267,processor-5c84f54d46-58kwg,97,35
1789067269,processor-5c84f54d46-2h8tf,140,34
1789067269,processor-5c84f54d46-58kwg,97,35
1789067271,processor-5c84f54d46-2h8tf,1,34
1789067271,processor-5c84f54d46-58kwg,97,35
1789067273,processor-5c84f54d46-58kwg,97,35
1789067287,processor-688c5788d5-64zwp,146,34
1789067287,processor-688c5788d5-g5w64,135,34
1789067289,processor-688c5788d5-64zwp,146,34
1789067289,processor-688c5788d5-g5w64,135,34
1789067291,processor-688c5788d5-64zwp,146,34
1789067291,processor-688c5788d5-g5w64,135,34
1789067293,processor-688c5788d5-g5w64,135,34
1789067295,processor-688c5788d5-g5w64,135,34
1789067297,processor-688c5788d5-g5w64,135,34
1789067299,processor-688c5788d5-g5w64,135,34
1789067301,processor-688c5788d5-g5w64,3,34
1789067301,processor-76dfdd4fdb-xpwv4,202,35
1789067303,processor-688c5788d5-g5w64,3,34
1789067303,processor-76dfdd4fdb-xpwv4,202,35
1789067306,processor-76dfdd4fdb-xpwv4,202,35
1789067308,processor-76dfdd4fdb-xpwv4,202,35
1789067310,processor-76dfdd4fdb-xpwv4,202,35
1789067312,processor-76dfdd4fdb-xpwv4,202,35
1789067314,processor-76dfdd4fdb-xpwv4,202,35
1789067316,processor-76dfdd4fdb-xpwv4,221,35
1789067318,processor-76dfdd4fdb-xpwv4,221,35
1789067320,processor-76dfdd4fdb-xpwv4,221,35
1789067323,processor-76dfdd4fdb-xpwv4,221,35
1789067325,processor-76dfdd4fdb-xpwv4,221,35
1789067327,processor-76dfdd4fdb-xpwv4,221,35
1789067329,processor-76dfdd4fdb-xpwv4,221,35
1789067331,processor-76dfdd4fdb-xpwv4,540,35
1789067333,processor-76dfdd4fdb-xpwv4,540,35
1789067335,processor-76dfdd4fdb-xpwv4,540,35
1789067337,processor-76dfdd4fdb-xpwv4,540,35
1789067339,processor-76dfdd4fdb-xpwv4,540,35
1789067342,processor-76dfdd4fdb-xpwv4,540,35
1789067344,processor-76dfdd4fdb-xpwv4,540,35
1789067346,processor-76dfdd4fdb-xpwv4,541,35
1789067348,processor-76dfdd4fdb-xpwv4,541,35
1789067350,processor-76dfdd4fdb-xpwv4,541,35
1789067352,processor-76dfdd4fdb-xpwv4,541,35
1789067354,processor-76dfdd4fdb-xpwv4,541,35
1789067356,processor-76dfdd4fdb-xpwv4,541,35
1789067359,processor-76dfdd4fdb-xpwv4,541,35
1789067361,processor-76dfdd4fdb-xpwv4,548,35
1789067363,processor-76dfdd4fdb-xpwv4,548,35
1789067365,processor-76dfdd4fdb-xpwv4,548,35
1789067367,processor-76dfdd4fdb-xpwv4,548,35
1789067369,processor-76dfdd4fdb-xpwv4,548,35
1789067371,processor-76dfdd4fdb-xpwv4,548,35
1789067373,processor-76dfdd4fdb-xpwv4,548,35
1789067375,processor-76dfdd4fdb-xpwv4,540,35
1789067378,processor-76dfdd4fdb-xpwv4,540,35
1789067380,processor-76dfdd4fdb-xpwv4,540,35
1789067382,processor-76dfdd4fdb-xpwv4,540,35
1789067384,processor-76dfdd4fdb-xpwv4,540,35
1789067386,processor-76dfdd4fdb-xpwv4,540,35
1789067388,processor-76dfdd4fdb-xpwv4,540,35
1789067390,processor-76dfdd4fdb-xpwv4,540,35
1789067392,processor-76dfdd4fdb-xpwv4,410,35
1789067394,processor-76dfdd4fdb-xpwv4,410,35
1789067397,processor-76dfdd4fdb-xpwv4,410,35
1789067399,processor-76dfdd4fdb-xpwv4,410,35
1789067401,processor-76dfdd4fdb-xpwv4,410,35
1789067403,processor-76dfdd4fdb-xpwv4,410,35
1789067405,processor-76dfdd4fdb-xpwv4,410,35
1789067422,processor-c8bdcd7b9-vzxvd,317,35
1789067424,processor-c8bdcd7b9-vzxvd,317,35
1789067427,processor-c8bdcd7b9-vzxvd,317,35
1789067429,processor-c8bdcd7b9-vzxvd,317,35
1789067431,processor-c8bdcd7b9-vzxvd,317,35
1789067433,processor-c8bdcd7b9-vzxvd,317,35
1789067435,processor-c8bdcd7b9-vzxvd,317,35
1789067437,processor-c8bdcd7b9-vzxvd,510,35
1789067439,processor-c8bdcd7b9-vzxvd,510,35
1789067441,processor-c8bdcd7b9-vzxvd,510,35
1789067443,processor-c8bdcd7b9-vzxvd,510,35
1789067445,processor-c8bdcd7b9-vzxvd,510,35
1789067448,processor-c8bdcd7b9-vzxvd,510,35
1789067450,processor-c8bdcd7b9-vzxvd,510,35
1789067452,processor-c8bdcd7b9-vzxvd,510,35
1789067454,processor-c8bdcd7b9-vzxvd,510,35
1789067456,processor-c8bdcd7b9-vzxvd,510,35
1789067458,processor-c8bdcd7b9-vzxvd,510,35
1789067460,processor-c8bdcd7b9-vzxvd,510,35
1789067462,processor-c8bdcd7b9-vzxvd,510,35
1789067464,processor-c8bdcd7b9-vzxvd,510,35
1789067467,processor-c8bdcd7b9-vzxvd,483,35
1789067469,processor-c8bdcd7b9-vzxvd,483,35
1789067471,processor-c8bdcd7b9-vzxvd,483,35
1789067473,processor-c8bdcd7b9-vzxvd,483,35
1789067475,processor-c8bdcd7b9-vzxvd,483,35
1789067477,processor-c8bdcd7b9-vzxvd,483,35
1789067479,processor-c8bdcd7b9-vzxvd,483,35
1789067481,processor-c8bdcd7b9-vzxvd,496,35
1789067483,processor-c8bdcd7b9-vzxvd,496,35
1789067486,processor-c8bdcd7b9-vzxvd,496,35
1789067488,processor-c8bdcd7b9-vzxvd,496,35
1789067490,processor-c8bdcd7b9-vzxvd,496,35
1789067492,processor-c8bdcd7b9-vzxvd,496,35
1789067494,processor-c8bdcd7b9-vzxvd,496,35
1789067496,processor-c8bdcd7b9-vzxvd,514,35
1789067498,processor-c8bdcd7b9-vzxvd,514,35
1789067500,processor-c8bdcd7b9-vzxvd,514,35
1789067502,processor-c8bdcd7b9-vzxvd,514,35
1789067504,processor-c8bdcd7b9-vzxvd,514,35
1789067507,processor-c8bdcd7b9-vzxvd,514,35
1789067526,processor-667bdbd857-d77dk,178,34
1789067541,processor-56f669f68b-xc6gj,257,35
1789067543,processor-56f669f68b-xc6gj,257,35
1789067545,processor-56f669f68b-xc6gj,257,35
1789067547,processor-56f669f68b-xc6gj,257,35
1789067549,processor-56f669f68b-xc6gj,257,35
1789067551,processor-56f669f68b-xc6gj,257,35
1789067553,processor-56f669f68b-xc6gj,257,35
1789067555,processor-56f669f68b-xc6gj,257,35
1789067557,processor-56f669f68b-xc6gj,921,35
1789067560,processor-56f669f68b-xc6gj,921,35
1789067562,processor-56f669f68b-xc6gj,921,35
1789067564,processor-56f669f68b-xc6gj,921,35
1789067566,processor-56f669f68b-xc6gj,921,35
1789067568,processor-56f669f68b-xc6gj,921,35
1789067570,processor-56f669f68b-xc6gj,921,35
1789067572,processor-56f669f68b-xc6gj,915,35
1789067574,processor-56f669f68b-xc6gj,915,35
1789067576,processor-56f669f68b-xc6gj,915,35
1789067579,processor-56f669f68b-xc6gj,915,35
1789067581,processor-56f669f68b-xc6gj,915,35
1789067583,processor-56f669f68b-xc6gj,915,35
1789067585,processor-56f669f68b-xc6gj,915,35
1789067587,processor-56f669f68b-xc6gj,941,35
1789067589,processor-56f669f68b-xc6gj,941,35
1789067591,processor-56f669f68b-xc6gj,941,35
1789067593,processor-56f669f68b-xc6gj,941,35
1789067595,processor-56f669f68b-xc6gj,941,35
1789067598,processor-56f669f68b-xc6gj,941,35
1789067600,processor-56f669f68b-xc6gj,941,35
1789067602,processor-56f669f68b-xc6gj,972,35
1789067604,processor-56f669f68b-xc6gj,972,35
1789067606,processor-56f669f68b-xc6gj,972,35
1789067608,processor-56f669f68b-xc6gj,972,35
1789067610,processor-56f669f68b-xc6gj,972,35
1789067612,processor-56f669f68b-xc6gj,972,35
1789067614,processor-56f669f68b-xc6gj,972,35
1789067617,processor-56f669f68b-xc6gj,969,35
1789067619,processor-56f669f68b-xc6gj,969,35
1789067621,processor-56f669f68b-xc6gj,969,35
1789067623,processor-56f669f68b-xc6gj,969,35
1789067625,processor-56f669f68b-xc6gj,969,35
1789067627,processor-56f669f68b-xc6gj,969,35
1789067629,processor-56f669f68b-xc6gj,969,35
1789067631,processor-56f669f68b-xc6gj,964,35
1789067633,processor-56f669f68b-xc6gj,964,35
1789067635,processor-56f669f68b-xc6gj,964,35
1789067638,processor-56f669f68b-xc6gj,964,35
1789067640,processor-56f669f68b-xc6gj,964,35
1789067642,processor-56f669f68b-xc6gj,964,35
1789067662,processor-d8cc9494d-z6dhk,316,35
1789067664,processor-d8cc9494d-z6dhk,316,35
1789067666,processor-d8cc9494d-z6dhk,316,35
1789067668,processor-d8cc9494d-z6dhk,316,35
1789067671,processor-d8cc9494d-z6dhk,316,35
1789067673,processor-d8cc9494d-z6dhk,316,35
1789067675,processor-d8cc9494d-z6dhk,316,35
1789067677,processor-d8cc9494d-z6dhk,954,35
1789067679,processor-d8cc9494d-z6dhk,954,35
1789067681,processor-d8cc9494d-z6dhk,954,35
1789067683,processor-d8cc9494d-z6dhk,954,35
1789067685,processor-d8cc9494d-z6dhk,954,35
1789067687,processor-d8cc9494d-z6dhk,954,35
1789067690,processor-d8cc9494d-z6dhk,954,35
1789067692,processor-d8cc9494d-z6dhk,963,35
1789067694,processor-d8cc9494d-z6dhk,963,35
1789067696,processor-d8cc9494d-z6dhk,963,35
1789067698,processor-d8cc9494d-z6dhk,963,35
1789067700,processor-d8cc9494d-z6dhk,963,35
1789067702,processor-d8cc9494d-z6dhk,963,35
1789067704,processor-d8cc9494d-z6dhk,963,35
1789067706,processor-d8cc9494d-z6dhk,971,35
1789067708,processor-d8cc9494d-z6dhk,971,35
1789067711,processor-d8cc9494d-z6dhk,971,35
1789067713,processor-d8cc9494d-z6dhk,971,35
1789067715,processor-d8cc9494d-z6dhk,971,35
1789067717,processor-d8cc9494d-z6dhk,971,35
1789067719,processor-d8cc9494d-z6dhk,971,35
1789067721,processor-d8cc9494d-z6dhk,969,35
1789067723,processor-d8cc9494d-z6dhk,969,35
1789067725,processor-d8cc9494d-z6dhk,969,35
1789067727,processor-d8cc9494d-z6dhk,969,35
1789067729,processor-d8cc9494d-z6dhk,969,35
1789067732,processor-d8cc9494d-z6dhk,969,35
1789067734,processor-d8cc9494d-z6dhk,969,35
1789067736,processor-d8cc9494d-z6dhk,963,35
1789067738,processor-d8cc9494d-z6dhk,963,35
1789067740,processor-d8cc9494d-z6dhk,963,35
1789067742,processor-d8cc9494d-z6dhk,963,35
1789067766,processor-5ccd996565-wdl22,148,34
1789067768,processor-5ccd996565-wdl22,148,34
1789067771,processor-5ccd996565-wdl22,148,34
1789067773,processor-5ccd996565-wdl22,148,34
1789067775,processor-5ccd996565-wdl22,148,34
1789067777,processor-5ccd996565-wdl22,148,34
1789067779,processor-5ccd996565-wdl22,148,34
1789067781,processor-5ccd996565-lpbtn,2,34
1789067781,processor-5ccd996565-wdl22,2,34
1789067783,processor-5ccd996565-lpbtn,2,34
1789067783,processor-5ccd996565-wdl22,2,34
1789067785,processor-5ccd996565-lpbtn,2,34
1789067785,processor-5ccd996565-wdl22,2,34
1789067787,processor-5ccd996565-lpbtn,2,34
1789067787,processor-5ccd996565-wdl22,2,34
1789067789,processor-5ccd996565-lpbtn,2,34
1789067789,processor-5ccd996565-wdl22,2,34
1789067792,processor-5ccd996565-lpbtn,2,34
1789067792,processor-5ccd996565-wdl22,2,34
1789067794,processor-5ccd996565-lpbtn,2,34
1789067794,processor-5ccd996565-wdl22,2,34
1789067796,processor-5ccd996565-lpbtn,2,34
1789067796,processor-5ccd996565-wdl22,1,34
1789067798,processor-5ccd996565-lpbtn,2,34
1789067798,processor-5ccd996565-wdl22,1,34
1789067800,processor-5ccd996565-lpbtn,2,34
1789067800,processor-5ccd996565-wdl22,1,34
1789067802,processor-5ccd996565-lpbtn,2,34
1789067802,processor-5ccd996565-wdl22,1,34
1789067804,processor-5ccd996565-lpbtn,2,34
1789067804,processor-5ccd996565-wdl22,1,34
1789067806,processor-5ccd996565-lpbtn,2,34
1789067806,processor-5ccd996565-wdl22,1,34
1789067808,processor-5ccd996565-lpbtn,2,34
1789067808,processor-5ccd996565-wdl22,1,34
1789067810,processor-5ccd996565-lpbtn,2,34
1789067810,processor-5ccd996565-wdl22,1,34
1789067812,processor-5ccd996565-lpbtn,2,34
1789067812,processor-5ccd996565-wdl22,1,34
1789067815,processor-5ccd996565-lpbtn,2,34
1789067815,processor-5ccd996565-wdl22,1,34
1789067817,processor-5ccd996565-lpbtn,2,34
1789067817,processor-5ccd996565-wdl22,1,34
1789067819,processor-5ccd996565-lpbtn,2,34
1789067819,processor-5ccd996565-wdl22,1,34
1789067821,processor-5ccd996565-lpbtn,2,34
1789067821,processor-5ccd996565-wdl22,1,34
1789067823,processor-5ccd996565-lpbtn,2,34
1789067823,processor-5ccd996565-wdl22,1,34
1789067825,processor-5ccd996565-lpbtn,2,34
1789067825,processor-5ccd996565-wdl22,1,34
1789067827,processor-5ccd996565-lpbtn,3,34
1789067827,processor-5ccd996565-wdl22,1,34
1789067829,processor-5ccd996565-lpbtn,3,34
1789067829,processor-5ccd996565-wdl22,1,34
1789067831,processor-5ccd996565-lpbtn,3,34
1789067831,processor-5ccd996565-wdl22,1,34
1789067834,processor-5ccd996565-lpbtn,3,34
1789067834,processor-5ccd996565-wdl22,1,34
1789067836,processor-5ccd996565-lpbtn,3,34
1789067836,processor-5ccd996565-wdl22,1,34
1789067838,processor-5ccd996565-lpbtn,3,34
1789067838,processor-5ccd996565-wdl22,1,34
1789067840,processor-5ccd996565-lpbtn,3,34
1789067840,processor-5ccd996565-wdl22,1,34
1789067842,processor-5ccd996565-lpbtn,3,34
1789067842,processor-5ccd996565-wdl22,1,34
1789067844,processor-5ccd996565-lpbtn,3,34
1789067844,processor-5ccd996565-wdl22,1,34
1789067846,processor-5ccd996565-lpbtn,3,34
1789067846,processor-5ccd996565-wdl22,1,34
1789067848,processor-5ccd996565-lpbtn,3,34
1789067848,processor-5ccd996565-wdl22,1,34
1789067850,processor-5ccd996565-lpbtn,3,34
1789067850,processor-5ccd996565-wdl22,1,34
1789067852,processor-5ccd996565-lpbtn,3,34
1789067852,processor-5ccd996565-wdl22,1,34
1789067854,processor-5ccd996565-lpbtn,3,34
1789067854,processor-5ccd996565-wdl22,1,34
1789067857,processor-5ccd996565-lpbtn,3,34
1789067857,processor-5ccd996565-wdl22,1,34
1789067859,processor-5ccd996565-lpbtn,3,34
1789067859,processor-5ccd996565-wdl22,1,34
1789067861,processor-5ccd996565-lpbtn,3,34
1789067861,processor-5ccd996565-wdl22,1,34
1789067863,processor-5ccd996565-lpbtn,3,34
1789067863,processor-5ccd996565-wdl22,1,34
1789067865,processor-5ccd996565-lpbtn,3,34
1789067865,processor-5ccd996565-wdl22,1,34
1789067867,processor-5ccd996565-lpbtn,3,34
1789067867,processor-5ccd996565-wdl22,1,34
1789067869,processor-5ccd996565-lpbtn,3,34
1789067869,processor-5ccd996565-wdl22,1,34
1789067871,processor-5ccd996565-lpbtn,3,34
1789067871,processor-5ccd996565-wdl22,1,34
1789067873,processor-5ccd996565-lpbtn,3,34
1789067873,processor-5ccd996565-wdl22,1,34
1789067875,processor-5ccd996565-lpbtn,3,34
1789067875,processor-5ccd996565-wdl22,1,34
1789067878,processor-5ccd996565-lpbtn,3,34
1789067878,processor-5ccd996565-wdl22,1,34
1789067880,processor-5ccd996565-lpbtn,3,34
1789067880,processor-5ccd996565-wdl22,1,34
1789067882,processor-5ccd996565-lpbtn,3,34
1789067882,processor-5ccd996565-wdl22,1,34
1789067884,processor-5ccd996565-lpbtn,3,34
1789067884,processor-5ccd996565-wdl22,1,34
1789067886,processor-5ccd996565-lpbtn,2,34
1789067886,processor-5ccd996565-wdl22,1,34
1789067888,processor-5ccd996565-wdl22,1,34
1789067890,processor-5ccd996565-wdl22,1,34
1789067892,processor-5ccd996565-wdl22,1,34
1789067894,processor-5ccd996565-wdl22,1,34
1789067896,processor-5ccd996565-wdl22,1,34
1789067916,processor-788f96bffb-9qq6m,543,35
1789067918,processor-788f96bffb-9qq6m,543,35
1789067920,processor-788f96bffb-9qq6m,543,35
1789067922,processor-788f96bffb-9qq6m,543,35
1789067924,processor-788f96bffb-9qq6m,543,35
1789067927,processor-788f96bffb-9qq6m,543,35
1789067929,processor-788f96bffb-9qq6m,543,35
1789067931,processor-788f96bffb-9qq6m,543,35
1789067933,processor-788f96bffb-9qq6m,543,35
1789067935,processor-788f96bffb-9qq6m,543,35
1789067937,processor-788f96bffb-9qq6m,543,35
1789067939,processor-788f96bffb-9qq6m,543,35
1789067941,processor-788f96bffb-9qq6m,543,35
1789067943,processor-788f96bffb-9qq6m,543,35
1789067945,processor-788f96bffb-9qq6m,743,35
1789067948,processor-788f96bffb-9qq6m,743,35
1789067950,processor-788f96bffb-9qq6m,743,35
1789067952,processor-788f96bffb-9qq6m,743,35
1789067954,processor-788f96bffb-9qq6m,743,35
1789067956,processor-788f96bffb-9qq6m,743,35
1789067958,processor-788f96bffb-9qq6m,743,35
1789067960,processor-788f96bffb-9qq6m,743,35
1789067962,processor-788f96bffb-9qq6m,741,35
1789067964,processor-788f96bffb-9qq6m,741,35
1789067966,processor-788f96bffb-9qq6m,741,35
1789067969,processor-788f96bffb-9qq6m,741,35
1789067971,processor-788f96bffb-9qq6m,741,35
1789067973,processor-788f96bffb-9qq6m,741,35
1789067975,processor-788f96bffb-9qq6m,741,35
1789067977,processor-788f96bffb-9qq6m,737,35
1789067979,processor-788f96bffb-9qq6m,737,35
1789067981,processor-788f96bffb-9qq6m,737,35
1789067983,processor-788f96bffb-9qq6m,737,35
1789067985,processor-788f96bffb-9qq6m,737,35
1789067987,processor-788f96bffb-9qq6m,737,35
1789067990,processor-788f96bffb-9qq6m,737,35
1789067992,processor-788f96bffb-9qq6m,774,35
1789067994,processor-788f96bffb-9qq6m,774,35
1789067996,processor-788f96bffb-9qq6m,774,35
1789067998,processor-788f96bffb-9qq6m,774,35
1789068000,processor-788f96bffb-9qq6m,774,35
1789068002,processor-788f96bffb-9qq6m,774,35
1789068004,processor-788f96bffb-9qq6m,774,35
1789068006,processor-788f96bffb-9qq6m,871,35
1789068008,processor-788f96bffb-9qq6m,871,35
1789068011,processor-788f96bffb-9qq6m,871,35
1789068022,processor-865fc4cb75-9c9rn,241,35
1789068024,processor-865fc4cb75-9c9rn,241,35
1789068026,processor-865fc4cb75-9c9rn,241,35
1789068028,processor-865fc4cb75-9c9rn,241,35
1789068030,processor-865fc4cb75-9c9rn,241,35
1789068032,processor-865fc4cb75-9c9rn,241,35
1789068034,processor-865fc4cb75-9c9rn,241,35
1789068037,processor-865fc4cb75-9c9rn,284,35
1789068039,processor-865fc4cb75-9c9rn,284,35
1789068041,processor-865fc4cb75-9c9rn,284,35
1789068043,processor-865fc4cb75-9c9rn,284,35
1789068045,processor-865fc4cb75-9c9rn,284,35
1789068047,processor-865fc4cb75-9c9rn,284,35
1789068049,processor-865fc4cb75-9c9rn,284,35
1789068051,processor-865fc4cb75-9c9rn,509,35
1789068053,processor-865fc4cb75-9c9rn,509,35
1789068056,processor-865fc4cb75-9c9rn,509,35
1789068058,processor-865fc4cb75-9c9rn,509,35
1789068060,processor-865fc4cb75-9c9rn,509,35
1789068062,processor-865fc4cb75-9c9rn,509,35
1789068064,processor-865fc4cb75-9c9rn,509,35
1789068066,processor-865fc4cb75-9c9rn,511,35
1789068068,processor-865fc4cb75-9c9rn,511,35
1789068070,processor-865fc4cb75-9c9rn,511,35
1789068072,processor-865fc4cb75-9c9rn,511,35
1789068075,processor-865fc4cb75-9c9rn,511,35
1789068077,processor-865fc4cb75-9c9rn,511,35
1789068079,processor-865fc4cb75-9c9rn,511,35
1789068081,processor-865fc4cb75-9c9rn,507,35
1789068083,processor-865fc4cb75-9c9rn,507,35
1789068085,processor-865fc4cb75-9c9rn,507,35
1789068087,processor-865fc4cb75-9c9rn,507,35
1789068089,processor-865fc4cb75-9c9rn,507,35
1789068091,processor-865fc4cb75-9c9rn,507,35
1789068094,processor-865fc4cb75-9c9rn,507,35
1789068096,processor-865fc4cb75-9c9rn,508,35
1789068098,processor-865fc4cb75-9c9rn,508,35
1789068100,processor-865fc4cb75-9c9rn,508,35
1789068102,processor-865fc4cb75-9c9rn,508,35
1789068104,processor-865fc4cb75-9c9rn,508,35
1789068106,processor-865fc4cb75-9c9rn,508,35
1789068108,processor-865fc4cb75-9c9rn,508,35
1789068110,processor-865fc4cb75-9c9rn,508,35
1789068112,processor-865fc4cb75-9c9rn,407,35
1789068114,processor-865fc4cb75-9c9rn,407,35
1789068117,processor-865fc4cb75-9c9rn,407,35
1789068119,processor-865fc4cb75-9c9rn,407,35
1789068121,processor-865fc4cb75-9c9rn,407,35
1789068123,processor-865fc4cb75-9c9rn,407,35
1789068125,processor-865fc4cb75-9c9rn,407,35
1789068143,processor-c4d94fcc8-cm9k4,363,35
1789068145,processor-c4d94fcc8-cm9k4,363,35
1789068147,processor-c4d94fcc8-cm9k4,363,35
1789068149,processor-c4d94fcc8-cm9k4,363,35
1789068151,processor-c4d94fcc8-cm9k4,363,35
1789068153,processor-c4d94fcc8-cm9k4,363,35
1789068155,processor-c4d94fcc8-cm9k4,363,35
1789068157,processor-c4d94fcc8-cm9k4,363,35
1789068159,processor-c4d94fcc8-cm9k4,363,35
1789068161,processor-c4d94fcc8-cm9k4,363,35
1789068163,processor-c4d94fcc8-cm9k4,363,35
1789068166,processor-c4d94fcc8-cm9k4,363,35
1789068168,processor-c4d94fcc8-cm9k4,363,35
1789068170,processor-c4d94fcc8-cm9k4,363,35
1789068172,processor-c4d94fcc8-cm9k4,745,35
1789068174,processor-c4d94fcc8-cm9k4,745,35
1789068176,processor-c4d94fcc8-cm9k4,745,35
1789068178,processor-c4d94fcc8-cm9k4,745,35
1789068180,processor-c4d94fcc8-cm9k4,745,35
1789068182,processor-c4d94fcc8-cm9k4,745,35
1789068184,processor-c4d94fcc8-cm9k4,745,35
1789068187,processor-c4d94fcc8-cm9k4,742,35
1789068189,processor-c4d94fcc8-cm9k4,742,35
1789068191,processor-c4d94fcc8-cm9k4,742,35
1789068193,processor-c4d94fcc8-cm9k4,742,35
1789068195,processor-c4d94fcc8-cm9k4,742,35
1789068197,processor-c4d94fcc8-cm9k4,742,35
1789068199,processor-c4d94fcc8-cm9k4,742,35
1789068201,processor-c4d94fcc8-cm9k4,961,36
1789068204,processor-c4d94fcc8-cm9k4,961,36
1789068206,processor-c4d94fcc8-cm9k4,961,36
1789068208,processor-c4d94fcc8-cm9k4,961,36
1789068210,processor-c4d94fcc8-cm9k4,961,36
1789068212,processor-c4d94fcc8-cm9k4,961,36
1789068214,processor-c4d94fcc8-cm9k4,961,36
1789068216,processor-c4d94fcc8-cm9k4,949,36
1789068218,processor-c4d94fcc8-cm9k4,949,36
1789068220,processor-c4d94fcc8-cm9k4,949,36
1789068223,processor-c4d94fcc8-cm9k4,949,36
1789068225,processor-c4d94fcc8-cm9k4,949,36
1789068227,processor-c4d94fcc8-cm9k4,949,36
1789068229,processor-c4d94fcc8-cm9k4,949,36
1789068231,processor-c4d94fcc8-cm9k4,947,36
1789068233,processor-c4d94fcc8-cm9k4,947,36
1789068235,processor-c4d94fcc8-cm9k4,947,36
1789068237,processor-c4d94fcc8-cm9k4,947,36
1789068239,processor-c4d94fcc8-cm9k4,947,36
1789068242,processor-c4d94fcc8-cm9k4,947,36
1789068244,processor-c4d94fcc8-cm9k4,947,36
1789068246,processor-c4d94fcc8-cm9k4,947,36
1789068248,processor-c4d94fcc8-cm9k4,947,36
1789068250,processor-c4d94fcc8-cm9k4,947,36
1789068252,processor-c4d94fcc8-cm9k4,947,36
1789068254,processor-c4d94fcc8-cm9k4,947,36
1789068256,processor-c4d94fcc8-cm9k4,947,36
1789068258,processor-c4d94fcc8-cm9k4,947,36
1789068260,processor-c4d94fcc8-cm9k4,947,36
1789068263,processor-c4d94fcc8-cm9k4,231,35
1789068263,processor-c4d94fcc8-fngcm,1,34
1789068265,processor-c4d94fcc8-cm9k4,231,35
1789068265,processor-c4d94fcc8-fngcm,1,34
1789068267,processor-c4d94fcc8-cm9k4,231,35
1789068267,processor-c4d94fcc8-fngcm,1,34
1789068269,processor-c4d94fcc8-cm9k4,231,35
1789068269,processor-c4d94fcc8-fngcm,1,34
1789068271,processor-c4d94fcc8-cm9k4,231,35
1789068271,processor-c4d94fcc8-fngcm,1,34
1789068273,processor-c4d94fcc8-cm9k4,231,35
1789068273,processor-c4d94fcc8-fngcm,1,34
1789068275,processor-c4d94fcc8-cm9k4,231,35
1789068275,processor-c4d94fcc8-fngcm,1,34
1789068277,processor-c4d94fcc8-cm9k4,2,35
1789068277,processor-c4d94fcc8-fngcm,1,34
1789068279,processor-c4d94fcc8-cm9k4,2,35
1789068279,processor-c4d94fcc8-fngcm,1,34
1789068281,processor-c4d94fcc8-cm9k4,2,35
1789068281,processor-c4d94fcc8-fngcm,1,34
1789068284,processor-c4d94fcc8-cm9k4,2,35
1789068284,processor-c4d94fcc8-fngcm,1,34
1789068286,processor-c4d94fcc8-cm9k4,2,35
1789068286,processor-c4d94fcc8-fngcm,1,34
1789068288,processor-c4d94fcc8-cm9k4,2,35
1789068288,processor-c4d94fcc8-fngcm,1,34
1789068290,processor-c4d94fcc8-cm9k4,2,35
1789068292,processor-c4d94fcc8-cm9k4,2,35
1789068294,processor-c4d94fcc8-cm9k4,2,35
1789068296,processor-c4d94fcc8-cm9k4,2,35
1789068298,processor-c4d94fcc8-cm9k4,2,35
1789068300,processor-c4d94fcc8-cm9k4,2,35
1789068307,processor-78f4d9bdb5-xlx4d,157,35
1789068309,processor-78f4d9bdb5-xlx4d,157,35
1789068311,processor-78f4d9bdb5-xlx4d,157,35
1789068313,processor-78f4d9bdb5-xlx4d,157,35
1789068315,processor-78f4d9bdb5-xlx4d,157,35
1789068317,processor-78f4d9bdb5-xlx4d,157,35
1789068319,processor-78f4d9bdb5-xlx4d,157,35
1789068322,processor-78f4d9bdb5-xlx4d,4,35
1789068324,processor-78f4d9bdb5-xlx4d,4,35
1789068326,processor-78f4d9bdb5-xlx4d,4,35
1789068328,processor-78f4d9bdb5-xlx4d,4,35
1789068330,processor-78f4d9bdb5-xlx4d,4,35
1789068332,processor-78f4d9bdb5-xlx4d,4,35
1789068334,processor-78f4d9bdb5-xlx4d,4,35
1789068336,processor-78f4d9bdb5-xlx4d,3,35
1789068338,processor-78f4d9bdb5-xlx4d,3,35
1789068340,processor-78f4d9bdb5-xlx4d,3,35
1789068343,processor-78f4d9bdb5-xlx4d,3,35
1789068345,processor-78f4d9bdb5-xlx4d,3,35
1789068347,processor-78f4d9bdb5-xlx4d,3,35
1789068349,processor-78f4d9bdb5-xlx4d,3,35
1789068351,processor-78f4d9bdb5-xlx4d,3,35
1789068353,processor-78f4d9bdb5-xlx4d,3,35
1789068355,processor-78f4d9bdb5-xlx4d,3,35
1789068357,processor-78f4d9bdb5-xlx4d,3,35
1789068359,processor-78f4d9bdb5-xlx4d,3,35
1789068361,processor-78f4d9bdb5-xlx4d,3,35
1789068363,processor-78f4d9bdb5-xlx4d,3,35
1789068366,processor-78f4d9bdb5-xlx4d,4,35
1789068368,processor-78f4d9bdb5-xlx4d,4,35
1789068370,processor-78f4d9bdb5-xlx4d,4,35
1789068372,processor-78f4d9bdb5-xlx4d,4,35
1789068374,processor-78f4d9bdb5-xlx4d,4,35
1789068376,processor-78f4d9bdb5-xlx4d,4,35
1789068378,processor-78f4d9bdb5-xlx4d,4,35
1789068380,processor-78f4d9bdb5-xlx4d,4,35
1789068382,processor-78f4d9bdb5-xlx4d,3,35
1789068384,processor-78f4d9bdb5-xlx4d,3,35
1789068386,processor-78f4d9bdb5-xlx4d,3,35
1789068389,processor-78f4d9bdb5-xlx4d,3,35
1789068391,processor-78f4d9bdb5-xlx4d,3,35
1789068393,processor-78f4d9bdb5-xlx4d,3,35
1789068395,processor-78f4d9bdb5-xlx4d,3,35
1789068397,processor-78f4d9bdb5-xlx4d,3,35
1789068399,processor-78f4d9bdb5-xlx4d,3,35
1789068401,processor-78f4d9bdb5-xlx4d,3,35
1789068403,processor-78f4d9bdb5-xlx4d,3,35
1789068405,processor-78f4d9bdb5-xlx4d,3,35
1789068407,processor-78f4d9bdb5-xlx4d,3,35
1789068409,processor-78f4d9bdb5-xlx4d,3,35
1789068412,processor-78f4d9bdb5-xlx4d,3,35
1789068414,processor-78f4d9bdb5-xlx4d,3,35
1789068416,processor-78f4d9bdb5-xlx4d,3,35
1789068418,processor-78f4d9bdb5-xlx4d,3,35
1789068420,processor-78f4d9bdb5-xlx4d,3,35
1789068422,processor-78f4d9bdb5-xlx4d,3,35
1789068424,processor-78f4d9bdb5-xlx4d,3,35
1789068426,processor-78f4d9bdb5-xlx4d,2,35
1789068428,processor-78f4d9bdb5-xlx4d,2,35
1789068430,processor-78f4d9bdb5-xlx4d,2,35
1789068432,processor-78f4d9bdb5-xlx4d,2,35
1789068435,processor-78f4d9bdb5-xlx4d,2,35
1789068437,processor-78f4d9bdb5-xlx4d,2,35
1789068439,processor-78f4d9bdb5-xlx4d,2,35
1789068441,processor-78f4d9bdb5-xlx4d,2,35
1789068443,processor-78f4d9bdb5-xlx4d,2,35
1789068445,processor-78f4d9bdb5-xlx4d,2,35
1789068447,processor-78f4d9bdb5-xlx4d,2,35
1789068449,processor-78f4d9bdb5-xlx4d,2,35
1789068451,processor-78f4d9bdb5-xlx4d,2,35
1789068453,processor-78f4d9bdb5-xlx4d,2,35
1789068455,processor-78f4d9bdb5-xlx4d,2,35
1789068458,processor-78f4d9bdb5-xlx4d,3,35
1789068460,processor-78f4d9bdb5-xlx4d,3,35
1789068462,processor-78f4d9bdb5-xlx4d,3,35
1789068464,processor-78f4d9bdb5-xlx4d,3,35
1789068466,processor-78f4d9bdb5-xlx4d,3,35
1789068468,processor-78f4d9bdb5-xlx4d,3,35
1789068470,processor-78f4d9bdb5-xlx4d,3,35
1789068472,processor-78f4d9bdb5-xlx4d,3,35
1789068474,processor-78f4d9bdb5-xlx4d,3,35
1789068476,processor-78f4d9bdb5-xlx4d,3,35
1789068478,processor-78f4d9bdb5-xlx4d,3,35
1789068481,processor-78f4d9bdb5-xlx4d,3,35
1789068483,processor-78f4d9bdb5-xlx4d,3,35
1789068485,processor-78f4d9bdb5-xlx4d,3,35
1789068487,processor-78f4d9bdb5-xlx4d,3,35
1789068489,processor-78f4d9bdb5-xlx4d,3,35
1789068491,processor-78f4d9bdb5-xlx4d,3,35
1789068493,processor-78f4d9bdb5-xlx4d,3,35
1789068495,processor-78f4d9bdb5-xlx4d,3,35
1789068497,processor-78f4d9bdb5-xlx4d,3,35
1789068499,processor-78f4d9bdb5-xlx4d,3,35
1789068501,processor-78f4d9bdb5-xlx4d,3,35
1789068504,processor-78f4d9bdb5-xlx4d,3,35
1789068506,processor-78f4d9bdb5-xlx4d,3,35
1789068508,processor-78f4d9bdb5-xlx4d,3,35
1789068510,processor-78f4d9bdb5-xlx4d,3,35
1789068512,processor-78f4d9bdb5-xlx4d,3,35
1789068514,processor-78f4d9bdb5-xlx4d,3,35
1789068516,processor-78f4d9bdb5-xlx4d,3,35
1789068518,processor-78f4d9bdb5-xlx4d,3,35
1789068520,processor-78f4d9bdb5-xlx4d,3,35
1789068522,processor-78f4d9bdb5-xlx4d,3,35
1789068524,processor-78f4d9bdb5-xlx4d,3,35
1789068527,processor-78f4d9bdb5-xlx4d,3,35
1789068529,processor-78f4d9bdb5-xlx4d,3,35
1789068531,processor-78f4d9bdb5-xlx4d,3,35
1789068533,processor-78f4d9bdb5-xlx4d,3,35
1789068535,processor-78f4d9bdb5-xlx4d,3,35
1789068537,processor-78f4d9bdb5-xlx4d,3,35
1789068539,processor-78f4d9bdb5-xlx4d,3,35
1789068541,processor-78f4d9bdb5-xlx4d,3,35
1789068543,processor-78f4d9bdb5-xlx4d,3,35
1789068545,processor-78f4d9bdb5-xlx4d,3,35
1789068547,processor-78f4d9bdb5-xlx4d,3,35
1789068550,processor-78f4d9bdb5-xlx4d,3,35
1789068552,processor-78f4d9bdb5-xlx4d,3,35
1789068554,processor-78f4d9bdb5-xlx4d,3,35
1789068556,processor-78f4d9bdb5-xlx4d,3,35
1789068558,processor-78f4d9bdb5-xlx4d,3,35
1789068560,processor-78f4d9bdb5-xlx4d,3,35
1789068562,processor-78f4d9bdb5-xlx4d,3,35
1789068564,processor-78f4d9bdb5-xlx4d,3,35
1789068566,processor-78f4d9bdb5-xlx4d,3,35
1789068568,processor-78f4d9bdb5-xlx4d,3,35
1789068570,processor-78f4d9bdb5-xlx4d,3,35
1789068573,processor-78f4d9bdb5-xlx4d,3,35
1789068575,processor-78f4d9bdb5-xlx4d,3,35
1789068577,processor-78f4d9bdb5-xlx4d,3,35
1789068579,processor-78f4d9bdb5-xlx4d,3,35
1789068581,processor-78f4d9bdb5-xlx4d,3,35
1789068583,processor-78f4d9bdb5-xlx4d,3,35
1789068585,processor-78f4d9bdb5-xlx4d,3,35
1789068587,processor-78f4d9bdb5-xlx4d,3,35
1789068589,processor-78f4d9bdb5-xlx4d,3,35
1789068592,processor-78f4d9bdb5-xlx4d,6,35
1789068594,processor-78f4d9bdb5-xlx4d,6,35
1789068596,processor-78f4d9bdb5-xlx4d,6,35
1789068598,processor-78f4d9bdb5-xlx4d,6,35
1789068600,processor-78f4d9bdb5-xlx4d,6,35
1789068602,processor-78f4d9bdb5-xlx4d,6,35
1789068604,processor-78f4d9bdb5-xlx4d,6,35
1789068606,processor-78f4d9bdb5-xlx4d,6,35
1789068608,processor-78f4d9bdb5-xlx4d,6,35
1789068610,processor-78f4d9bdb5-xlx4d,6,35
1789068612,processor-78f4d9bdb5-xlx4d,6,35
1789068615,processor-78f4d9bdb5-xlx4d,6,35
1789068617,processor-78f4d9bdb5-xlx4d,6,35
1789068619,processor-78f4d9bdb5-xlx4d,6,35
1789068621,processor-78f4d9bdb5-xlx4d,5,35
1789068623,processor-78f4d9bdb5-xlx4d,5,35
1789068625,processor-78f4d9bdb5-xlx4d,5,35
1789068627,processor-78f4d9bdb5-xlx4d,5,35
1789068629,processor-78f4d9bdb5-xlx4d,5,35
1789068631,processor-78f4d9bdb5-xlx4d,5,35
1789068633,processor-78f4d9bdb5-xlx4d,5,35
1789068635,processor-78f4d9bdb5-xlx4d,5,35
1789068638,processor-78f4d9bdb5-xlx4d,3,35
1789068640,processor-78f4d9bdb5-xlx4d,3,35
1789068642,processor-78f4d9bdb5-xlx4d,3,35
1789068644,processor-78f4d9bdb5-xlx4d,3,35
1789068646,processor-78f4d9bdb5-xlx4d,3,35
1789068648,processor-78f4d9bdb5-xlx4d,3,35
1789068650,processor-78f4d9bdb5-xlx4d,3,35
1789068652,processor-78f4d9bdb5-xlx4d,3,35
1789068654,processor-78f4d9bdb5-xlx4d,3,35
1789068656,processor-78f4d9bdb5-xlx4d,3,35
1789068658,processor-78f4d9bdb5-xlx4d,3,35
1789068660,processor-78f4d9bdb5-xlx4d,3,35
1789068663,processor-78f4d9bdb5-xlx4d,3,35
1789068665,processor-78f4d9bdb5-xlx4d,3,35
1789068667,processor-78f4d9bdb5-xlx4d,3,35
1789068669,processor-78f4d9bdb5-xlx4d,3,35
1789068671,processor-78f4d9bdb5-xlx4d,3,35
1789068673,processor-78f4d9bdb5-xlx4d,3,35
1789068675,processor-78f4d9bdb5-xlx4d,3,35
1789068677,processor-78f4d9bdb5-xlx4d,3,35
1789068679,processor-78f4d9bdb5-xlx4d,3,35
1789068681,processor-78f4d9bdb5-xlx4d,3,35
1789068683,processor-78f4d9bdb5-xlx4d,3,35
1789068686,processor-78f4d9bdb5-xlx4d,3,35
1789068688,processor-78f4d9bdb5-xlx4d,3,35
1789068690,processor-78f4d9bdb5-xlx4d,3,35
1789068692,processor-78f4d9bdb5-xlx4d,3,35
1789068694,processor-78f4d9bdb5-xlx4d,3,35
1789068696,processor-78f4d9bdb5-xlx4d,2,35
1789068698,processor-78f4d9bdb5-xlx4d,2,35
1789068700,processor-78f4d9bdb5-xlx4d,2,35
1789068702,processor-78f4d9bdb5-xlx4d,2,35
1789068704,processor-78f4d9bdb5-xlx4d,2,35
1789068706,processor-78f4d9bdb5-xlx4d,2,35
1789068708,processor-78f4d9bdb5-xlx4d,2,35
1789068711,processor-78f4d9bdb5-xlx4d,2,35
1789068713,processor-78f4d9bdb5-xlx4d,2,35
1789068727,processor-856c895fbb-grj6b,85,34
1789068729,processor-856c895fbb-grj6b,85,34
1789068731,processor-856c895fbb-grj6b,85,34
1789068733,processor-856c895fbb-grj6b,85,34
1789068735,processor-856c895fbb-grj6b,85,34
1789068737,processor-856c895fbb-grj6b,85,34
1789068739,processor-856c895fbb-grj6b,85,34
1789068741,processor-856c895fbb-grj6b,2,34
1789068743,processor-856c895fbb-grj6b,2,34
1789068745,processor-856c895fbb-grj6b,2,34
1789068747,processor-856c895fbb-grj6b,2,34
1789068750,processor-856c895fbb-grj6b,2,34
1789068752,processor-856c895fbb-grj6b,2,34
1789068754,processor-856c895fbb-grj6b,2,34
1789068772,processor-5949bb65bd-k9smj,438,35
1789068774,processor-5949bb65bd-k9smj,438,35
1789068776,processor-5949bb65bd-k9smj,438,35
1789068778,processor-5949bb65bd-k9smj,438,35
1789068780,processor-5949bb65bd-k9smj,438,35
1789068782,processor-5949bb65bd-k9smj,438,35
1789068784,processor-5949bb65bd-k9smj,438,35
1789068786,processor-5949bb65bd-k9smj,744,35
1789068788,processor-5949bb65bd-k9smj,744,35
1789068790,processor-5949bb65bd-k9smj,744,35
1789068793,processor-5949bb65bd-k9smj,744,35
1789068795,processor-5949bb65bd-k9smj,744,35
1789068797,processor-5949bb65bd-k9smj,744,35
1789068799,processor-5949bb65bd-k9smj,744,35
1789068801,processor-5949bb65bd-k9smj,744,35
1789068803,processor-5949bb65bd-k9smj,744,35
1789068805,processor-5949bb65bd-k9smj,744,35
1789068807,processor-5949bb65bd-k9smj,744,35
1789068809,processor-5949bb65bd-k9smj,744,35
1789068811,processor-5949bb65bd-k9smj,744,35
1789068813,processor-5949bb65bd-k9smj,744,35
1789068816,processor-5949bb65bd-k9smj,751,35
1789068818,processor-5949bb65bd-k9smj,751,35
1789068820,processor-5949bb65bd-k9smj,751,35
1789068822,processor-5949bb65bd-k9smj,751,35
1789068824,processor-5949bb65bd-k9smj,751,35
1789068826,processor-5949bb65bd-k9smj,751,35
1789068828,processor-5949bb65bd-k9smj,751,35
1789068830,processor-5949bb65bd-k9smj,751,35
1789068832,processor-5949bb65bd-k9smj,756,35
1789068835,processor-5949bb65bd-k9smj,756,35
1789068837,processor-5949bb65bd-k9smj,756,35
1789068839,processor-5949bb65bd-k9smj,756,35
1789068841,processor-5949bb65bd-k9smj,756,35
1789068843,processor-5949bb65bd-k9smj,756,35
1789068845,processor-5949bb65bd-k9smj,756,35
1789068847,processor-5949bb65bd-k9smj,978,36
1789068849,processor-5949bb65bd-k9smj,978,36
1789068851,processor-5949bb65bd-k9smj,978,36
1789068853,processor-5949bb65bd-k9smj,978,36
1789068856,processor-5949bb65bd-k9smj,978,36
1789068858,processor-5949bb65bd-k9smj,978,36
1789068860,processor-5949bb65bd-k9smj,978,36
1789068862,processor-5949bb65bd-k9smj,972,36
1789068864,processor-5949bb65bd-k9smj,972,36
1789068866,processor-5949bb65bd-k9smj,972,36
1789068868,processor-5949bb65bd-k9smj,972,36
1789068891,processor-5675fd4bff-z89km,452,35
1789068893,processor-5675fd4bff-z89km,452,35
1789068895,processor-5675fd4bff-z89km,452,35
1789068897,processor-5675fd4bff-z89km,452,35
1789068899,processor-5675fd4bff-z89km,452,35
1789068901,processor-5675fd4bff-z89km,452,35
1789068903,processor-5675fd4bff-z89km,452,35
1789068905,processor-5675fd4bff-z89km,972,35
1789068908,processor-5675fd4bff-z89km,972,35
1789068910,processor-5675fd4bff-z89km,972,35
1789068912,processor-5675fd4bff-z89km,972,35
1789068914,processor-5675fd4bff-z89km,972,35
1789068916,processor-5675fd4bff-z89km,972,35
1789068918,processor-5675fd4bff-z89km,972,35
1789068920,processor-5675fd4bff-z89km,972,35
1789068922,processor-5675fd4bff-z89km,976,36
1789068925,processor-5675fd4bff-z89km,976,36
1789068927,processor-5675fd4bff-z89km,976,36
1789068929,processor-5675fd4bff-z89km,976,36
1789068931,processor-5675fd4bff-z89km,976,36
1789068933,processor-5675fd4bff-z89km,976,36
1789068936,processor-5675fd4bff-z89km,959,35
1789068938,processor-5675fd4bff-z89km,959,35
1789068940,processor-5675fd4bff-z89km,959,35
1789068942,processor-5675fd4bff-z89km,959,35
1789068944,processor-5675fd4bff-z89km,959,35
1789068946,processor-5675fd4bff-z89km,959,35
1789068948,processor-5675fd4bff-z89km,959,35
1789068950,processor-5675fd4bff-z89km,959,35
1789068953,processor-5675fd4bff-z89km,982,35
1789068955,processor-5675fd4bff-z89km,982,35
1789068957,processor-5675fd4bff-z89km,982,35
1789068959,processor-5675fd4bff-z89km,982,35
1789068961,processor-5675fd4bff-z89km,982,35
1789068963,processor-5675fd4bff-z89km,982,35
1789068966,processor-5675fd4bff-z89km,973,36
1789068968,processor-5675fd4bff-z89km,973,36
1789068970,processor-5675fd4bff-z89km,973,36
1789068973,processor-5675fd4bff-z89km,973,36
1789068975,processor-5675fd4bff-z89km,973,36
1789068977,processor-5675fd4bff-z89km,973,36
1789068979,processor-5675fd4bff-z89km,973,36
1789068981,processor-5675fd4bff-z89km,954,35
1789068984,processor-5675fd4bff-z89km,954,35
1789068986,processor-5675fd4bff-z89km,954,35
1789068988,processor-5675fd4bff-z89km,954,35
1789068990,processor-5675fd4bff-z89km,954,35
1789068992,processor-5675fd4bff-z89km,954,35
1789068994,processor-5675fd4bff-z89km,954,35
1789068996,processor-5675fd4bff-ccg8n,196,34
1789068996,processor-5675fd4bff-z89km,938,36
1789068998,processor-5675fd4bff-ccg8n,196,34
1789068998,processor-5675fd4bff-z89km,938,36
1789069000,processor-5675fd4bff-ccg8n,196,34
1789069000,processor-5675fd4bff-z89km,938,36
1789069002,processor-5675fd4bff-ccg8n,196,34
1789069002,processor-5675fd4bff-z89km,938,36
1789069005,processor-5675fd4bff-ccg8n,196,34
1789069005,processor-5675fd4bff-z89km,938,36
1789069007,processor-5675fd4bff-ccg8n,196,34
1789069007,processor-5675fd4bff-z89km,938,36
1789069009,processor-5675fd4bff-ccg8n,196,34
1789069009,processor-5675fd4bff-z89km,938,36
1789069011,processor-5675fd4bff-ccg8n,156,34
1789069011,processor-5675fd4bff-z89km,134,35
1789069013,processor-5675fd4bff-ccg8n,156,34
1789069013,processor-5675fd4bff-z89km,134,35
1789069015,processor-5675fd4bff-ccg8n,156,34
1789069015,processor-5675fd4bff-z89km,134,35
1789069017,processor-5675fd4bff-ccg8n,156,34
1789069017,processor-5675fd4bff-z89km,134,35
1789069019,processor-5675fd4bff-ccg8n,156,34
1789069019,processor-5675fd4bff-z89km,134,35
1789069021,processor-5675fd4bff-ccg8n,156,34
1789069021,processor-5675fd4bff-z89km,134,35
1789069023,processor-5675fd4bff-ccg8n,156,34
1789069023,processor-5675fd4bff-z89km,134,35
1789069025,processor-5675fd4bff-ccg8n,2,34
1789069025,processor-5675fd4bff-z89km,2,35
1789069028,processor-5675fd4bff-ccg8n,2,34
1789069028,processor-5675fd4bff-z89km,2,35
1789069030,processor-5675fd4bff-ccg8n,2,34
1789069030,processor-5675fd4bff-z89km,2,35
1789069032,processor-5675fd4bff-ccg8n,2,34
1789069032,processor-5675fd4bff-z89km,2,35
1789069034,processor-5675fd4bff-ccg8n,2,34
1789069034,processor-5675fd4bff-z89km,2,35
1789069036,processor-5675fd4bff-ccg8n,2,34
1789069036,processor-5675fd4bff-z89km,2,35
1789069038,processor-5675fd4bff-ccg8n,2,34
1789069038,processor-5675fd4bff-z89km,2,35
1789069040,processor-5675fd4bff-ccg8n,2,34
1789069040,processor-5675fd4bff-z89km,2,35
1789069042,processor-5675fd4bff-ccg8n,2,34
1789069042,processor-5675fd4bff-z89km,2,35
1789069044,processor-5675fd4bff-ccg8n,2,34
1789069044,processor-5675fd4bff-z89km,2,35
1789069046,processor-5675fd4bff-ccg8n,2,34
1789069046,processor-5675fd4bff-z89km,2,35
1789069049,processor-5675fd4bff-ccg8n,2,34
1789069049,processor-5675fd4bff-z89km,2,35
1789069051,processor-5675fd4bff-ccg8n,2,34
1789069051,processor-5675fd4bff-z89km,2,35
1789069053,processor-5675fd4bff-ccg8n,2,34
1789069053,processor-5675fd4bff-z89km,2,35
1789069055,processor-5675fd4bff-ccg8n,2,34
1789069055,processor-5675fd4bff-z89km,2,35
1789069057,processor-5675fd4bff-z89km,2,35
1789069059,processor-5675fd4bff-z89km,2,35
1789069061,processor-5675fd4bff-z89km,2,35
1789069063,processor-5675fd4bff-z89km,2,35
1789069065,processor-5675fd4bff-z89km,2,35
1789069067,processor-5675fd4bff-z89km,2,35
1789069070,processor-5675fd4bff-z89km,2,35
1789069072,processor-5675fd4bff-z89km,2,35
1789069086,processor-85c7459dfc-zq8vz,406,35
1789069088,processor-85c7459dfc-zq8vz,406,35
1789069091,processor-85c7459dfc-zq8vz,406,35
1789069093,processor-85c7459dfc-zq8vz,406,35
1789069095,processor-85c7459dfc-zq8vz,406,35
1789069098,processor-85c7459dfc-zq8vz,406,35
1789069100,processor-85c7459dfc-zq8vz,406,35
1789069103,processor-85c7459dfc-zq8vz,984,35
1789069105,processor-85c7459dfc-zq8vz,984,35
1789069107,processor-85c7459dfc-zq8vz,984,35
1789069110,processor-85c7459dfc-zq8vz,984,35
1789069112,processor-85c7459dfc-zq8vz,984,35
1789069114,processor-85c7459dfc-zq8vz,984,35
1789069116,processor-85c7459dfc-zq8vz,789,35
1789069119,processor-85c7459dfc-zq8vz,789,35
1789069121,processor-85c7459dfc-zq8vz,789,35
1789069123,processor-85c7459dfc-zq8vz,789,35
1789069125,processor-85c7459dfc-zq8vz,789,35
1789069128,processor-85c7459dfc-zq8vz,789,35
1789069130,processor-85c7459dfc-zq8vz,789,35
1789069132,processor-85c7459dfc-zq8vz,948,35
1789069134,processor-85c7459dfc-zq8vz,948,35
1789069136,processor-85c7459dfc-zq8vz,948,35
1789069139,processor-85c7459dfc-zq8vz,948,35
1789069141,processor-85c7459dfc-zq8vz,948,35
1789069143,processor-85c7459dfc-zq8vz,948,35
1789069145,processor-85c7459dfc-zq8vz,956,35
1789069148,processor-85c7459dfc-zq8vz,956,35
1789069150,processor-85c7459dfc-zq8vz,956,35
1789069153,processor-85c7459dfc-zq8vz,956,35
1789069155,processor-85c7459dfc-zq8vz,956,35
1789069157,processor-85c7459dfc-zq8vz,956,35
1789069159,processor-85c7459dfc-zq8vz,956,35
1789069161,processor-85c7459dfc-zq8vz,932,35
1789069164,processor-85c7459dfc-zq8vz,932,35
1789069166,processor-85c7459dfc-zq8vz,932,35
1789069168,processor-85c7459dfc-zq8vz,932,35
1789069170,processor-85c7459dfc-zq8vz,932,35
1789069172,processor-85c7459dfc-zq8vz,932,35
1789069174,processor-85c7459dfc-zq8vz,932,35
1789069178,processor-85c7459dfc-zq8vz,946,36
1789069181,processor-85c7459dfc-zq8vz,946,36
1789069183,processor-85c7459dfc-zq8vz,946,36
1789069185,processor-85c7459dfc-zq8vz,946,36
1789069188,processor-85c7459dfc-zq8vz,946,36
1789069190,processor-85c7459dfc-zq8vz,946,36
1789069192,processor-85c7459dfc-zq8vz,973,36
1789069194,processor-85c7459dfc-zq8vz,973,36
1789069206,processor-74b977dc6d-sxcbq,301,35
1789069208,processor-74b977dc6d-sxcbq,301,35
1789069210,processor-74b977dc6d-sxcbq,301,35
1789069213,processor-74b977dc6d-sxcbq,301,35
1789069215,processor-74b977dc6d-sxcbq,301,35
1789069217,processor-74b977dc6d-sxcbq,301,35
1789069219,processor-74b977dc6d-sxcbq,301,35
1789069222,processor-74b977dc6d-sxcbq,899,35
1789069225,processor-74b977dc6d-sxcbq,899,35
1789069227,processor-74b977dc6d-sxcbq,899,35
1789069231,processor-74b977dc6d-sxcbq,899,35
1789069233,processor-74b977dc6d-sxcbq,899,35
1789069235,processor-74b977dc6d-sxcbq,899,35
1789069237,processor-74b977dc6d-sxcbq,831,35
1789069240,processor-74b977dc6d-sxcbq,831,35
1789069242,processor-74b977dc6d-sxcbq,831,35
1789069244,processor-74b977dc6d-sxcbq,831,35
1789069246,processor-74b977dc6d-sxcbq,831,35
1789069248,processor-74b977dc6d-sxcbq,831,35
1789069251,processor-74b977dc6d-sxcbq,831,35
1789069253,processor-74b977dc6d-sxcbq,928,35
1789069255,processor-74b977dc6d-sxcbq,928,35
1789069257,processor-74b977dc6d-sxcbq,928,35
1789069260,processor-74b977dc6d-sxcbq,928,35
1789069262,processor-74b977dc6d-sxcbq,928,35
1789069264,processor-74b977dc6d-sxcbq,928,35
1789069266,processor-74b977dc6d-sxcbq,975,35
1789069268,processor-74b977dc6d-sxcbq,975,35
1789069270,processor-74b977dc6d-sxcbq,975,35
1789069273,processor-74b977dc6d-sxcbq,975,35
1789069275,processor-74b977dc6d-sxcbq,975,35
1789069277,processor-74b977dc6d-sxcbq,975,35
1789069280,processor-74b977dc6d-sxcbq,975,35
1789069282,processor-74b977dc6d-sxcbq,969,35
1789069284,processor-74b977dc6d-sxcbq,969,35
1789069286,processor-74b977dc6d-sxcbq,969,35
1789069288,processor-74b977dc6d-sxcbq,969,35
1789069291,processor-74b977dc6d-sxcbq,969,35
1789069293,processor-74b977dc6d-sxcbq,969,35
1789069295,processor-74b977dc6d-sxcbq,969,35
1789069297,processor-74b977dc6d-sxcbq,957,35
1789069300,processor-74b977dc6d-sxcbq,957,35
1789069302,processor-74b977dc6d-sxcbq,957,35
1789069304,processor-74b977dc6d-sxcbq,957,35
1789069306,processor-74b977dc6d-sxcbq,957,35
1789069308,processor-74b977dc6d-sxcbq,957,35
1789069310,processor-74b977dc6d-sxcbq,957,35
1789069312,processor-74b977dc6d-sxcbq,925,35
1789069315,processor-74b977dc6d-sxcbq,925,35
1789069327,processor-878d6f647-f2s9f,325,35
1789069329,processor-878d6f647-f2s9f,325,35
1789069331,processor-878d6f647-f2s9f,325,35
1789069333,processor-878d6f647-f2s9f,325,35
1789069335,processor-878d6f647-f2s9f,325,35
1789069338,processor-878d6f647-f2s9f,325,35
1789069340,processor-878d6f647-f2s9f,325,35
1789069342,processor-878d6f647-f2s9f,931,35
1789069345,processor-878d6f647-f2s9f,931,35
1789069347,processor-878d6f647-f2s9f,931,35
1789069349,processor-878d6f647-f2s9f,931,35
1789069352,processor-878d6f647-f2s9f,931,35
1789069354,processor-878d6f647-f2s9f,931,35
1789069356,processor-878d6f647-f2s9f,927,35
1789069360,processor-878d6f647-f2s9f,927,35
1789069362,processor-878d6f647-f2s9f,927,35
1789069364,processor-878d6f647-f2s9f,927,35
1789069367,processor-878d6f647-f2s9f,927,35
1789069369,processor-878d6f647-f2s9f,927,35
1789069371,processor-878d6f647-f2s9f,849,35
1789069373,processor-878d6f647-f2s9f,849,35
1789069376,processor-878d6f647-f2s9f,849,35
1789069378,processor-878d6f647-f2s9f,849,35
1789069380,processor-878d6f647-f2s9f,849,35
1789069382,processor-878d6f647-f2s9f,849,35
1789069385,processor-878d6f647-f2s9f,849,35
1789069387,processor-878d6f647-f2s9f,946,35
1789069390,processor-878d6f647-f2s9f,946,35
1789069392,processor-878d6f647-f2s9f,946,35
1789069394,processor-878d6f647-f2s9f,946,35
1789069396,processor-878d6f647-f2s9f,946,35
1789069399,processor-878d6f647-f2s9f,946,35
1789069401,processor-878d6f647-f2s9f,934,35
1789069403,processor-878d6f647-f2s9f,934,35
1789069405,processor-878d6f647-f2s9f,934,35
1789069407,processor-878d6f647-f2s9f,934,35
1789069410,processor-878d6f647-f2s9f,934,35
1789069412,processor-878d6f647-f2s9f,934,35
1789069414,processor-878d6f647-f2s9f,934,35
1789069416,processor-878d6f647-f2s9f,972,36
1789069418,processor-878d6f647-f2s9f,972,36
1789069420,processor-878d6f647-f2s9f,972,36
1789069422,processor-878d6f647-f2s9f,972,36
1789069424,processor-878d6f647-f2s9f,972,36
1789069427,processor-878d6f647-f2s9f,972,36
1789069429,processor-878d6f647-f2s9f,972,36
1789069431,processor-878d6f647-f2s9f,328,35
1789069447,processor-cd685bf57-l7c2j,474,35
1789069449,processor-cd685bf57-l7c2j,474,35
1789069452,processor-cd685bf57-l7c2j,474,35
1789069454,processor-cd685bf57-l7c2j,474,35
1789069456,processor-cd685bf57-l7c2j,474,35
1789069458,processor-cd685bf57-l7c2j,474,35
1789069461,processor-cd685bf57-l7c2j,846,35
1789069463,processor-cd685bf57-l7c2j,846,35
1789069466,processor-cd685bf57-l7c2j,846,35
1789069469,processor-cd685bf57-l7c2j,846,35
1789069471,processor-cd685bf57-l7c2j,846,35
1789069473,processor-cd685bf57-l7c2j,846,35
1789069475,processor-cd685bf57-l7c2j,846,35
1789069479,processor-cd685bf57-l7c2j,846,35
1789069482,processor-cd685bf57-l7c2j,846,35
1789069484,processor-cd685bf57-l7c2j,846,35
1789069486,processor-cd685bf57-l7c2j,846,35
1789069488,processor-cd685bf57-l7c2j,846,35
1789069491,processor-cd685bf57-l7c2j,777,35
1789069493,processor-cd685bf57-l7c2j,777,35
1789069496,processor-cd685bf57-l7c2j,777,35
1789069498,processor-cd685bf57-l7c2j,777,35
1789069500,processor-cd685bf57-l7c2j,777,35
1789069502,processor-cd685bf57-l7c2j,777,35
1789069505,processor-cd685bf57-l7c2j,777,35
1789069507,processor-cd685bf57-l7c2j,942,35
1789069510,processor-cd685bf57-l7c2j,942,35
1789069512,processor-cd685bf57-l7c2j,942,35
1789069514,processor-cd685bf57-l7c2j,942,35
1789069516,processor-cd685bf57-l7c2j,942,35
1789069519,processor-cd685bf57-l7c2j,942,35
1789069521,processor-cd685bf57-l7c2j,844,35
1789069523,processor-cd685bf57-l7c2j,844,35
1789069525,processor-cd685bf57-l7c2j,844,35
1789069527,processor-cd685bf57-l7c2j,844,35
1789069530,processor-cd685bf57-l7c2j,844,35
1789069532,processor-cd685bf57-l7c2j,844,35
1789069534,processor-cd685bf57-l7c2j,844,35
1789069537,processor-cd685bf57-l7c2j,966,36
1789069539,processor-cd685bf57-l7c2j,966,36
1789069541,processor-cd685bf57-l7c2j,966,36
1789069543,processor-cd685bf57-l7c2j,966,36
1789069545,processor-cd685bf57-l7c2j,966,36
1789069547,processor-cd685bf57-l7c2j,966,36
1789069549,processor-cd685bf57-l7c2j,966,36
1789069552,processor-cd685bf57-l7c2j,870,35
1789069566,processor-65c7854bb9-mv28m,288,35
1789069568,processor-65c7854bb9-mv28m,288,35
1789069570,processor-65c7854bb9-mv28m,288,35
1789069572,processor-65c7854bb9-mv28m,288,35
1789069575,processor-65c7854bb9-mv28m,288,35
1789069577,processor-65c7854bb9-mv28m,288,35
1789069579,processor-65c7854bb9-mv28m,288,35
1789069581,processor-65c7854bb9-mv28m,966,35
1789069584,processor-65c7854bb9-mv28m,966,35
1789069586,processor-65c7854bb9-mv28m,966,35
1789069588,processor-65c7854bb9-mv28m,966,35
1789069590,processor-65c7854bb9-mv28m,966,35
1789069592,processor-65c7854bb9-mv28m,966,35
1789069595,processor-65c7854bb9-mv28m,966,35
1789069597,processor-65c7854bb9-mv28m,966,35
1789069599,processor-65c7854bb9-mv28m,966,35
1789069601,processor-65c7854bb9-mv28m,966,35
1789069604,processor-65c7854bb9-mv28m,966,35
1789069606,processor-65c7854bb9-mv28m,966,35
1789069609,processor-65c7854bb9-mv28m,966,35
1789069613,processor-65c7854bb9-mv28m,943,35
1789069618,processor-65c7854bb9-mv28m,943,35
1789069626,processor-65c7854bb9-mv28m,943,35
1789069633,processor-65c7854bb9-mv28m,758,35
1789069640,processor-65c7854bb9-mv28m,758,35
1789069643,processor-65c7854bb9-mv28m,505,35
1789069646,processor-65c7854bb9-mv28m,505,35
1789069648,processor-65c7854bb9-mv28m,505,35
1789069650,processor-65c7854bb9-mv28m,505,35
1789069652,processor-65c7854bb9-mv28m,505,35
1789069655,processor-65c7854bb9-mv28m,505,35
1789069658,processor-65c7854bb9-mv28m,857,36
1789069660,processor-65c7854bb9-mv28m,857,36
1789069663,processor-65c7854bb9-mv28m,857,36
1789069665,processor-65c7854bb9-mv28m,857,36
1789069667,processor-65c7854bb9-mv28m,857,36
1789069669,processor-65c7854bb9-mv28m,857,36
1789069671,processor-65c7854bb9-mv28m,451,35
1789069673,processor-65c7854bb9-mv28m,451,35
1789069675,processor-65c7854bb9-mv28m,451,35
1789069678,processor-65c7854bb9-mv28m,451,35
1789069701,processor-b44d654c8-94dxv,338,35
1789069704,processor-b44d654c8-94dxv,338,35
1789069706,processor-b44d654c8-94dxv,338,35
1789069708,processor-b44d654c8-94dxv,338,35
1789069711,processor-b44d654c8-94dxv,338,35
1789069714,processor-b44d654c8-94dxv,338,35
1789069716,processor-b44d654c8-94dxv,859,35
1789069718,processor-b44d654c8-94dxv,859,35
1789069720,processor-b44d654c8-94dxv,859,35
1789069722,processor-b44d654c8-94dxv,859,35
1789069725,processor-b44d654c8-94dxv,859,35
1789069727,processor-b44d654c8-94dxv,859,35
1789069729,processor-b44d654c8-94dxv,859,35
1789069731,processor-b44d654c8-94dxv,877,35
1789069734,processor-b44d654c8-94dxv,877,35
1789069736,processor-b44d654c8-94dxv,877,35
1789069738,processor-b44d654c8-94dxv,877,35
1789069740,processor-b44d654c8-94dxv,877,35
1789069742,processor-b44d654c8-94dxv,877,35
1789069745,processor-b44d654c8-94dxv,877,35
1789069747,processor-b44d654c8-94dxv,974,35
1789069749,processor-b44d654c8-94dxv,974,35
1789069751,processor-b44d654c8-94dxv,974,35
1789069754,processor-b44d654c8-94dxv,974,35
1789069756,processor-b44d654c8-94dxv,974,35
1789069758,processor-b44d654c8-94dxv,974,35
1789069761,processor-b44d654c8-94dxv,974,35
1789069763,processor-b44d654c8-94dxv,946,36
1789069765,processor-b44d654c8-94dxv,946,36
1789069768,processor-b44d654c8-94dxv,946,36
1789069770,processor-b44d654c8-94dxv,946,36
1789069772,processor-b44d654c8-94dxv,946,36
1789069774,processor-b44d654c8-94dxv,946,36
1789069776,processor-b44d654c8-94dxv,946,36
1789069778,processor-b44d654c8-94dxv,946,36
1789069781,processor-b44d654c8-94dxv,946,36
1789069783,processor-b44d654c8-94dxv,946,36
1789069785,processor-b44d654c8-94dxv,946,36
1789069788,processor-b44d654c8-94dxv,946,36
1789069790,processor-b44d654c8-94dxv,946,36
1789069792,processor-b44d654c8-94dxv,869,35
1789069794,processor-b44d654c8-94dxv,869,35
1789069796,processor-b44d654c8-94dxv,869,35
1789069798,processor-b44d654c8-94dxv,869,35
1789069836,processor-5df5df5d8-x88db,204,35
1789069839,processor-5df5df5d8-x88db,204,35
1789069841,processor-5df5df5d8-x88db,204,35
1789069843,processor-5df5df5d8-x88db,204,35
1789069846,processor-5df5df5d8-x88db,204,35
1789069848,processor-5df5df5d8-x88db,204,35
1789069850,processor-5df5df5d8-x88db,204,35
1789069853,processor-5df5df5d8-x88db,455,35
1789069855,processor-5df5df5d8-x88db,455,35
1789069857,processor-5df5df5d8-x88db,455,35
1789069860,processor-5df5df5d8-x88db,455,35
1789069862,processor-5df5df5d8-x88db,455,35
1789069864,processor-5df5df5d8-x88db,455,35
1789069866,processor-5df5df5d8-x88db,361,35
1789069870,processor-5df5df5d8-x88db,361,35
1789069872,processor-5df5df5d8-x88db,361,35
1789069875,processor-5df5df5d8-x88db,361,35
1789069877,processor-5df5df5d8-x88db,361,35
1789069879,processor-5df5df5d8-x88db,361,35
1789069881,processor-5df5df5d8-x88db,494,35
1789069884,processor-5df5df5d8-x88db,494,35
1789069886,processor-5df5df5d8-x88db,494,35
1789069888,processor-5df5df5d8-x88db,494,35
1789069891,processor-5df5df5d8-x88db,494,35
1789069893,processor-5df5df5d8-x88db,494,35
1789069895,processor-5df5df5d8-x88db,494,35
1789069897,processor-5df5df5d8-x88db,413,35
1789069899,processor-5df5df5d8-x88db,413,35
1789069902,processor-5df5df5d8-x88db,413,35
1789069904,processor-5df5df5d8-x88db,413,35
1789069906,processor-5df5df5d8-x88db,413,35
1789069908,processor-5df5df5d8-x88db,413,35
1789069911,processor-5df5df5d8-x88db,436,35
1789069913,processor-5df5df5d8-x88db,436,35
1789069915,processor-5df5df5d8-x88db,436,35
1789069917,processor-5df5df5d8-x88db,436,35
1789069919,processor-5df5df5d8-x88db,436,35
1789069921,processor-5df5df5d8-x88db,436,35
1789069923,processor-5df5df5d8-x88db,436,35
1789069942,processor-5f6767d7bb-nd4h6,2,34
1789069944,processor-5f6767d7bb-nd4h6,2,34
1789069959,processor-7fc44d49c4-vlswl,216,35
1789069963,processor-7fc44d49c4-vlswl,216,35
1789069967,processor-7fc44d49c4-vlswl,216,35
1789069969,processor-7fc44d49c4-vlswl,216,35
1789069971,processor-7fc44d49c4-vlswl,602,35
1789069974,processor-7fc44d49c4-vlswl,602,35
1789069977,processor-7fc44d49c4-vlswl,602,35
1789069980,processor-7fc44d49c4-vlswl,602,35
1789069982,processor-7fc44d49c4-vlswl,602,35
1789069984,processor-7fc44d49c4-vlswl,602,35
1789069986,processor-7fc44d49c4-vlswl,594,35
1789069988,processor-7fc44d49c4-vlswl,594,35
1789069990,processor-7fc44d49c4-vlswl,594,35
1789069993,processor-7fc44d49c4-vlswl,594,35
1789069995,processor-7fc44d49c4-vlswl,594,35
1789069997,processor-7fc44d49c4-vlswl,594,35
1789070000,processor-7fc44d49c4-vlswl,594,35
1789070002,processor-7fc44d49c4-vlswl,954,35
1789070004,processor-7fc44d49c4-vlswl,954,35
1789070007,processor-7fc44d49c4-vlswl,954,35
1789070010,processor-7fc44d49c4-vlswl,954,35
1789070012,processor-7fc44d49c4-vlswl,954,35
1789070014,processor-7fc44d49c4-vlswl,954,35
1789070016,processor-7fc44d49c4-vlswl,954,35
1789070019,processor-7fc44d49c4-vlswl,954,35
1789070021,processor-7fc44d49c4-vlswl,954,35
1789070023,processor-7fc44d49c4-vlswl,954,35
1789070025,processor-7fc44d49c4-vlswl,954,35
1789070028,processor-7fc44d49c4-vlswl,954,35
1789070030,processor-7fc44d49c4-vlswl,954,35
1789070032,processor-7fc44d49c4-vlswl,881,35
1789070035,processor-7fc44d49c4-vlswl,881,35
1789070037,processor-7fc44d49c4-vlswl,881,35
1789070039,processor-7fc44d49c4-vlswl,881,35
1789070041,processor-7fc44d49c4-vlswl,881,35
1789070043,processor-7fc44d49c4-vlswl,881,35
1789070045,processor-7fc44d49c4-vlswl,881,35
1789070048,processor-7fc44d49c4-vlswl,964,36
1789070061,processor-f5c756464-dwrsb,120,34
1789070063,processor-f5c756464-dwrsb,120,34
1789070065,processor-f5c756464-dwrsb,120,34
1789070067,processor-f5c756464-dwrsb,120,34
1789070069,processor-f5c756464-dwrsb,120,34
1789070071,processor-f5c756464-dwrsb,120,34
1789070092,processor-7f9bd7986c-c8hfq,232,35
1789070094,processor-7f9bd7986c-c8hfq,232,35
1789070096,processor-7f9bd7986c-c8hfq,232,35
1789070098,processor-7f9bd7986c-c8hfq,232,35
1789070100,processor-7f9bd7986c-c8hfq,232,35
1789070103,processor-7f9bd7986c-c8hfq,232,35
1789070105,processor-7f9bd7986c-c8hfq,297,35
1789070108,processor-7f9bd7986c-c8hfq,297,35
1789070110,processor-7f9bd7986c-c8hfq,297,35
1789070114,processor-7f9bd7986c-c8hfq,297,35
1789070116,processor-7f9bd7986c-c8hfq,297,35
1789070118,processor-7f9bd7986c-c8hfq,297,35
1789070120,processor-7f9bd7986c-c8hfq,297,35
1789070123,processor-7f9bd7986c-c8hfq,372,35
1789070125,processor-7f9bd7986c-c8hfq,372,35
1789070127,processor-7f9bd7986c-c8hfq,372,35
1789070129,processor-7f9bd7986c-c8hfq,372,35
1789070131,processor-7f9bd7986c-c8hfq,372,35
1789070133,processor-7f9bd7986c-c8hfq,372,35
1789070136,processor-7f9bd7986c-c8hfq,407,35
1789070138,processor-7f9bd7986c-c8hfq,407,35
1789070140,processor-7f9bd7986c-c8hfq,407,35
1789070143,processor-7f9bd7986c-c8hfq,407,35
1789070145,processor-7f9bd7986c-c8hfq,407,35
1789070147,processor-7f9bd7986c-c8hfq,407,35
1789070150,processor-7f9bd7986c-c8hfq,407,35
1789070152,processor-7f9bd7986c-c8hfq,459,35
1789070154,processor-7f9bd7986c-c8hfq,459,35
1789070156,processor-7f9bd7986c-c8hfq,459,35
1789070159,processor-7f9bd7986c-c8hfq,459,35
1789070161,processor-7f9bd7986c-c8hfq,459,35
1789070163,processor-7f9bd7986c-c8hfq,459,35
1789070165,processor-7f9bd7986c-c8hfq,459,35
1789070167,processor-7f9bd7986c-c8hfq,459,35
1789070169,processor-7f9bd7986c-c8hfq,459,35
1789070172,processor-7f9bd7986c-c8hfq,459,35
1789070174,processor-7f9bd7986c-c8hfq,459,35
1789070215,processor-5f6bc8dc4d-2dck4,433,35
1789070218,processor-5f6bc8dc4d-2dck4,433,35
1789070222,processor-5f6bc8dc4d-2dck4,433,35
1789070224,processor-5f6bc8dc4d-2dck4,433,35
1789070227,processor-5f6bc8dc4d-2dck4,738,35
1789070230,processor-5f6bc8dc4d-2dck4,738,35
1789070232,processor-5f6bc8dc4d-2dck4,738,35
1789070235,processor-5f6bc8dc4d-2dck4,738,35
1789070237,processor-5f6bc8dc4d-2dck4,738,35
1789070239,processor-5f6bc8dc4d-2dck4,738,35
1789070241,processor-5f6bc8dc4d-2dck4,776,35
1789070244,processor-5f6bc8dc4d-2dck4,776,35
1789070246,processor-5f6bc8dc4d-2dck4,776,35
1789070249,processor-5f6bc8dc4d-2dck4,776,35
1789070251,processor-5f6bc8dc4d-2dck4,776,35
1789070253,processor-5f6bc8dc4d-2dck4,776,35
1789070256,processor-5f6bc8dc4d-2dck4,888,35
1789070258,processor-5f6bc8dc4d-2dck4,888,35
1789070260,processor-5f6bc8dc4d-2dck4,888,35
1789070263,processor-5f6bc8dc4d-2dck4,888,35
1789070265,processor-5f6bc8dc4d-2dck4,888,35
1789070267,processor-5f6bc8dc4d-2dck4,888,35
1789070269,processor-5f6bc8dc4d-2dck4,888,35
1789070272,processor-5f6bc8dc4d-2dck4,888,35
1789070274,processor-5f6bc8dc4d-2dck4,888,35
1789070276,processor-5f6bc8dc4d-2dck4,888,35
1789070279,processor-5f6bc8dc4d-2dck4,888,35
1789070281,processor-5f6bc8dc4d-2dck4,888,35
1789070283,processor-5f6bc8dc4d-2dck4,888,35
1789070285,processor-5f6bc8dc4d-2dck4,941,35
1789070288,processor-5f6bc8dc4d-2dck4,941,35
1789070290,processor-5f6bc8dc4d-2dck4,941,35
1789070292,processor-5f6bc8dc4d-2dck4,941,35
1789070294,processor-5f6bc8dc4d-2dck4,941,35
1789070297,processor-5f6bc8dc4d-2dck4,941,35
1789070299,processor-5f6bc8dc4d-2dck4,941,35
1789070302,processor-5f6bc8dc4d-2dck4,960,36
1789070316,processor-6f96558c65-8jvbz,143,34
1789070318,processor-6f96558c65-8jvbz,143,34
1789070321,processor-6f96558c65-8jvbz,143,34
1789070323,processor-6f96558c65-8jvbz,143,34
1789070325,processor-6f96558c65-8jvbz,143,34
1789070327,processor-6f96558c65-8jvbz,143,34
1789070329,processor-6f96558c65-8jvbz,143,34
1789070331,processor-6f96558c65-8jvbz,2,34
1789070333,processor-6f96558c65-8jvbz,2,34
1789070335,processor-6f96558c65-8jvbz,2,34
1789070337,processor-6f96558c65-8jvbz,2,34
1789070339,processor-6f96558c65-8jvbz,2,34
1789070342,processor-6f96558c65-8jvbz,2,34
1789070344,processor-6f96558c65-8jvbz,2,34
1789070346,processor-6f96558c65-8jvbz,1,34
1789070348,processor-6f96558c65-8jvbz,1,34
1789070350,processor-6f96558c65-8jvbz,1,34
1789070352,processor-6f96558c65-8jvbz,1,34
1789070354,processor-6f96558c65-8jvbz,1,34
1789070356,processor-6f96558c65-8jvbz,1,34
1789070359,processor-6f96558c65-8jvbz,1,34
1789070361,processor-6f96558c65-8jvbz,1,34
1789070363,processor-6f96558c65-8jvbz,1,34
1789070365,processor-6f96558c65-8jvbz,1,34
1789070367,processor-6f96558c65-8jvbz,1,34
1789070369,processor-6f96558c65-8jvbz,1,34
1789070371,processor-6f96558c65-8jvbz,1,34
1789070373,processor-6f96558c65-8jvbz,1,34
1789070375,processor-6f96558c65-8jvbz,1,34
1789070378,processor-6f96558c65-8jvbz,1,34
1789070380,processor-6f96558c65-8jvbz,1,34
1789070382,processor-6f96558c65-8jvbz,1,34
1789070384,processor-6f96558c65-8jvbz,1,34
1789070386,processor-6f96558c65-8jvbz,1,34
1789070388,processor-6f96558c65-8jvbz,1,34
1789070390,processor-6f96558c65-8jvbz,1,34
1789070392,processor-6f96558c65-8jvbz,1,34
1789070394,processor-6f96558c65-8jvbz,1,34
1789070397,processor-6f96558c65-8jvbz,1,34
1789070399,processor-6f96558c65-8jvbz,1,34
1789070401,processor-6f96558c65-8jvbz,1,34
1789070403,processor-6f96558c65-8jvbz,1,34
1789070405,processor-6f96558c65-8jvbz,1,34
1789070407,processor-6f96558c65-8jvbz,1,34
1789070409,processor-6f96558c65-8jvbz,1,34
1789070411,processor-6f96558c65-8jvbz,1,34
1789070414,processor-6f96558c65-8jvbz,1,34
1789070416,processor-6f96558c65-8jvbz,1,34
1789070418,processor-6f96558c65-8jvbz,1,34
1789070420,processor-6f96558c65-8jvbz,1,34
1789070422,processor-6f96558c65-8jvbz,1,34
1789070424,processor-6f96558c65-8jvbz,1,34
1789070426,processor-6f96558c65-8jvbz,1,34
1789070428,processor-6f96558c65-8jvbz,1,34
1789070430,processor-6f96558c65-8jvbz,1,34
1789070433,processor-6f96558c65-8jvbz,1,34
1789070435,processor-6f96558c65-8jvbz,1,34
1789070437,processor-6f96558c65-8jvbz,1,34
1789070439,processor-6f96558c65-8jvbz,1,34
1789070441,processor-6f96558c65-8jvbz,1,34
1789070443,processor-6f96558c65-8jvbz,1,34
1789070445,processor-6f96558c65-8jvbz,1,34
1789070447,processor-6f96558c65-8jvbz,1,34
1789070450,processor-6f96558c65-8jvbz,1,34
1789070452,processor-6f96558c65-8jvbz,1,34
1789070452,processor-9949474-txmsx,136,35
1789070454,processor-9949474-txmsx,136,35
1789070456,processor-9949474-txmsx,136,35
1789070458,processor-9949474-txmsx,136,35
1789070460,processor-9949474-txmsx,136,35
1789070462,processor-9949474-txmsx,136,35
1789070464,processor-9949474-txmsx,136,35
1789070467,processor-9949474-txmsx,126,35
1789070469,processor-9949474-txmsx,126,35
1789070471,processor-9949474-txmsx,126,35
1789070473,processor-9949474-txmsx,126,35
1789070475,processor-9949474-txmsx,126,35
1789070477,processor-9949474-txmsx,126,35
1789070479,processor-9949474-txmsx,126,35
1789070482,processor-9949474-txmsx,3,35
1789070484,processor-9949474-txmsx,3,35
1789070486,processor-9949474-txmsx,3,35
1789070488,processor-9949474-txmsx,3,35
1789070490,processor-9949474-txmsx,3,35
1789070492,processor-9949474-txmsx,3,35
1789070494,processor-9949474-txmsx,3,35
1789070496,processor-9949474-txmsx,3,35
1789070498,processor-9949474-txmsx,3,35
1789070501,processor-9949474-txmsx,3,35
1789070503,processor-9949474-txmsx,3,35
1789070505,processor-9949474-txmsx,3,35
1789070507,processor-9949474-txmsx,3,35
1789070509,processor-9949474-txmsx,3,35
1789070511,processor-9949474-txmsx,4,35
1789070513,processor-9949474-txmsx,4,35
1789070515,processor-9949474-txmsx,4,35
1789070518,processor-9949474-txmsx,4,35
1789070520,processor-9949474-txmsx,4,35
1789070522,processor-9949474-txmsx,4,35
1789070524,processor-9949474-txmsx,4,35
1789070526,processor-9949474-txmsx,3,35
1789070528,processor-9949474-txmsx,3,35
1789070530,processor-9949474-txmsx,3,35
1789070532,processor-9949474-txmsx,3,35
1789070534,processor-9949474-txmsx,3,35
1789070537,processor-9949474-txmsx,3,35
1789070539,processor-9949474-txmsx,3,35
1789070541,processor-9949474-txmsx,3,35
1789070543,processor-9949474-txmsx,3,35
1789070545,processor-9949474-txmsx,3,35
1789070547,processor-9949474-txmsx,3,35
1789070549,processor-9949474-txmsx,3,35
1789070551,processor-9949474-txmsx,3,35
1789070553,processor-9949474-txmsx,3,35
1789070555,processor-9949474-txmsx,2,35
1789070558,processor-9949474-txmsx,2,35
1789070560,processor-9949474-txmsx,2,35
1789070562,processor-9949474-txmsx,2,35
1789070564,processor-9949474-txmsx,2,35
1789070566,processor-9949474-txmsx,2,35
1789070568,processor-9949474-txmsx,2,35
1789070570,processor-9949474-txmsx,2,35
1789070572,processor-9949474-txmsx,3,35
1789070574,processor-9949474-txmsx,3,35
1789070577,processor-9949474-txmsx,3,35
1789070579,processor-9949474-txmsx,3,35
1789070581,processor-9949474-txmsx,3,35
1789070583,processor-9949474-txmsx,3,35
1789070585,processor-9949474-txmsx,3,35
1789070587,processor-9949474-txmsx,3,35
1789070589,processor-9949474-txmsx,3,35
1789070591,processor-9949474-txmsx,3,35
1789070594,processor-9949474-txmsx,3,35
1789070596,processor-9949474-txmsx,3,35
1789070598,processor-9949474-txmsx,3,35
1789070600,processor-9949474-txmsx,3,35
1789070602,processor-9949474-txmsx,4,35
1789070604,processor-9949474-txmsx,4,35
1789070606,processor-9949474-txmsx,4,35
1789070608,processor-9949474-txmsx,4,35
1789070611,processor-9949474-txmsx,4,35
1789070613,processor-9949474-txmsx,4,35
1789070615,processor-9949474-txmsx,4,35
1789070617,processor-9949474-txmsx,4,35
1789070619,processor-9949474-txmsx,4,35
1789070621,processor-9949474-txmsx,4,35
1789070623,processor-9949474-txmsx,4,35
1789070625,processor-9949474-txmsx,4,35
1789070627,processor-9949474-txmsx,4,35
1789070629,processor-9949474-txmsx,4,35
1789070631,processor-9949474-txmsx,3,35
1789070634,processor-9949474-txmsx,3,35
1789070636,processor-9949474-txmsx,3,35
1789070638,processor-9949474-txmsx,3,35
1789070640,processor-9949474-txmsx,3,35
1789070642,processor-9949474-txmsx,3,35
1789070644,processor-9949474-txmsx,3,35
1789070646,processor-9949474-txmsx,3,35
1789070648,processor-9949474-txmsx,3,35
1789070650,processor-9949474-txmsx,3,35
1789070653,processor-9949474-txmsx,3,35
1789070655,processor-9949474-txmsx,3,35
1789070657,processor-9949474-txmsx,3,35
1789070659,processor-9949474-txmsx,3,35
1789070661,processor-9949474-txmsx,2,35
1789070663,processor-9949474-txmsx,2,35
1789070665,processor-9949474-txmsx,2,35
1789070667,processor-9949474-txmsx,2,35
1789070670,processor-9949474-txmsx,2,35
1789070672,processor-9949474-txmsx,2,35
1789070674,processor-9949474-txmsx,2,35
1789070676,processor-9949474-txmsx,2,35
1789070692,processor-79945475-f9bzw,80,35
1789070694,processor-79945475-f9bzw,80,35
1789070697,processor-79945475-f9bzw,80,35
1789070699,processor-79945475-f9bzw,80,35
1789070701,processor-79945475-f9bzw,80,35
1789070704,processor-79945475-f9bzw,80,35
1789070706,processor-79945475-f9bzw,80,35
1789070708,processor-79945475-f9bzw,414,35
1789070711,processor-79945475-f9bzw,414,35
1789070713,processor-79945475-f9bzw,414,35
1789070716,processor-79945475-f9bzw,414,35
1789070718,processor-79945475-f9bzw,414,35
1789070720,processor-79945475-f9bzw,414,35
1789070723,processor-79945475-7t5fw,690,35
1789070723,processor-79945475-f9bzw,265,35
1789070725,processor-79945475-7t5fw,690,35
1789070725,processor-79945475-f9bzw,265,35
1789070727,processor-79945475-7t5fw,690,35
1789070727,processor-79945475-f9bzw,265,35
1789070730,processor-79945475-7t5fw,690,35
1789070730,processor-79945475-f9bzw,265,35
1789070732,processor-79945475-7t5fw,690,35
1789070732,processor-79945475-f9bzw,265,35
1789070735,processor-79945475-7t5fw,690,35
1789070735,processor-79945475-f9bzw,265,35
1789070737,processor-79945475-7t5fw,554,35
1789070737,processor-79945475-f9bzw,231,35
1789070741,processor-79945475-7t5fw,554,35
1789070741,processor-79945475-f9bzw,231,35
1789070744,processor-79945475-7t5fw,554,35
1789070744,processor-79945475-f9bzw,231,35
1789070746,processor-79945475-7t5fw,554,35
1789070746,processor-79945475-f9bzw,231,35
1789070749,processor-79945475-7t5fw,554,35
1789070749,processor-79945475-f9bzw,231,35
1789070751,processor-79945475-7t5fw,514,35
1789070751,processor-79945475-f9bzw,195,35
1789070751,processor-79945475-pcdsp,284,35
1789070751,processor-79945475-ptbms,432,35
1789070754,processor-79945475-7t5fw,514,35
1789070754,processor-79945475-f9bzw,195,35
1789070754,processor-79945475-pcdsp,284,35
1789070754,processor-79945475-ptbms,432,35
1789070756,processor-79945475-7t5fw,514,35
1789070756,processor-79945475-f9bzw,195,35
1789070756,processor-79945475-pcdsp,284,35
1789070756,processor-79945475-ptbms,432,35
1789070759,processor-79945475-7t5fw,514,35
1789070759,processor-79945475-f9bzw,195,35
1789070759,processor-79945475-pcdsp,284,35
1789070759,processor-79945475-ptbms,432,35
1789070761,processor-79945475-7t5fw,514,35
1789070761,processor-79945475-f9bzw,195,35
1789070761,processor-79945475-pcdsp,284,35
1789070761,processor-79945475-ptbms,432,35
1789070763,processor-79945475-7t5fw,514,35
1789070763,processor-79945475-f9bzw,195,35
1789070763,processor-79945475-pcdsp,284,35
1789070763,processor-79945475-ptbms,432,35
1789070766,processor-79945475-7t5fw,244,35
1789070766,processor-79945475-f9bzw,114,35
1789070766,processor-79945475-pcdsp,257,35
1789070766,processor-79945475-ptbms,251,35
1789070768,processor-79945475-7t5fw,244,35
1789070768,processor-79945475-f9bzw,114,35
1789070768,processor-79945475-pcdsp,257,35
1789070768,processor-79945475-ptbms,251,35
1789070770,processor-79945475-7t5fw,244,35
1789070770,processor-79945475-f9bzw,114,35
1789070770,processor-79945475-pcdsp,257,35
1789070770,processor-79945475-ptbms,251,35
1789070773,processor-79945475-7t5fw,244,35
1789070773,processor-79945475-f9bzw,114,35
1789070773,processor-79945475-pcdsp,257,35
1789070773,processor-79945475-ptbms,251,35
1789070775,processor-79945475-7t5fw,244,35
1789070775,processor-79945475-f9bzw,114,35
1789070775,processor-79945475-pcdsp,257,35
1789070775,processor-79945475-ptbms,251,35
1789070777,processor-79945475-7t5fw,244,35
1789070777,processor-79945475-f9bzw,114,35
1789070777,processor-79945475-pcdsp,257,35
1789070777,processor-79945475-ptbms,251,35
1789070780,processor-79945475-7t5fw,244,35
1789070780,processor-79945475-f9bzw,114,35
1789070780,processor-79945475-pcdsp,257,35
1789070780,processor-79945475-ptbms,251,35
1789070782,processor-79945475-7t5fw,281,35
1789070782,processor-79945475-f9bzw,146,35
1789070782,processor-79945475-pcdsp,119,35
1789070782,processor-79945475-ptbms,305,35
1789070784,processor-79945475-7t5fw,281,35
1789070784,processor-79945475-f9bzw,146,35
1789070784,processor-79945475-pcdsp,119,35
1789070784,processor-79945475-ptbms,305,35
1789070787,processor-79945475-7t5fw,281,35
1789070787,processor-79945475-f9bzw,146,35
1789070787,processor-79945475-pcdsp,119,35
1789070787,processor-79945475-ptbms,305,35
1789070789,processor-79945475-7t5fw,281,35
1789070789,processor-79945475-f9bzw,146,35
1789070789,processor-79945475-pcdsp,119,35
1789070789,processor-79945475-ptbms,305,35
1789070792,processor-79945475-7t5fw,281,35
1789070792,processor-79945475-f9bzw,146,35
1789070792,processor-79945475-pcdsp,119,35
1789070792,processor-79945475-ptbms,305,35
1789070794,processor-79945475-7t5fw,281,35
1789070794,processor-79945475-f9bzw,146,35
1789070794,processor-79945475-pcdsp,119,35
1789070794,processor-79945475-ptbms,305,35
1789070797,processor-79945475-7t5fw,281,35
1789070797,processor-79945475-f9bzw,300,35
1789070797,processor-79945475-pcdsp,302,35
1789070797,processor-79945475-ptbms,311,35
1789070799,processor-79945475-7t5fw,281,35
1789070799,processor-79945475-f9bzw,300,35
1789070799,processor-79945475-pcdsp,302,35
1789070799,processor-79945475-ptbms,311,35
1789070802,processor-79945475-7t5fw,281,35
1789070802,processor-79945475-f9bzw,300,35
1789070802,processor-79945475-pcdsp,302,35
1789070802,processor-79945475-ptbms,311,35
1789070804,processor-79945475-7t5fw,281,35
1789070804,processor-79945475-f9bzw,300,35
1789070804,processor-79945475-pcdsp,302,35
1789070804,processor-79945475-ptbms,311,35
1789070806,processor-79945475-7t5fw,281,35
1789070806,processor-79945475-f9bzw,300,35
1789070806,processor-79945475-pcdsp,302,35
1789070806,processor-79945475-ptbms,311,35
1789070808,processor-79945475-7t5fw,281,35
1789070808,processor-79945475-f9bzw,300,35
1789070808,processor-79945475-pcdsp,302,35
1789070808,processor-79945475-ptbms,311,35
1789070812,processor-79945475-7t5fw,258,35
1789070812,processor-79945475-f9bzw,280,35
1789070812,processor-79945475-pcdsp,234,35
1789070812,processor-79945475-ptbms,229,35
1789070814,processor-79945475-7t5fw,258,35
1789070814,processor-79945475-f9bzw,280,35
1789070814,processor-79945475-pcdsp,234,35
1789070814,processor-79945475-ptbms,229,35
1789070817,processor-79945475-7t5fw,258,35
1789070817,processor-79945475-f9bzw,280,35
1789070817,processor-79945475-pcdsp,234,35
1789070817,processor-79945475-ptbms,229,35
1789070819,processor-79945475-7t5fw,258,35
1789070819,processor-79945475-f9bzw,280,35
1789070819,processor-79945475-pcdsp,234,35
1789070819,processor-79945475-ptbms,229,35
1789070821,processor-79945475-7t5fw,258,35
1789070821,processor-79945475-f9bzw,280,35
1789070821,processor-79945475-pcdsp,234,35
1789070821,processor-79945475-ptbms,229,35
1789070823,processor-79945475-7t5fw,258,35
1789070823,processor-79945475-f9bzw,280,35
1789070823,processor-79945475-pcdsp,234,35
1789070823,processor-79945475-ptbms,229,35
1789070826,processor-79945475-7t5fw,285,35
1789070826,processor-79945475-f9bzw,280,35
1789070826,processor-79945475-pcdsp,294,35
1789070826,processor-79945475-ptbms,299,35
1789070828,processor-79945475-7t5fw,285,35
1789070828,processor-79945475-f9bzw,280,35
1789070828,processor-79945475-pcdsp,294,35
1789070828,processor-79945475-ptbms,299,35
1789070830,processor-79945475-7t5fw,285,35
1789070830,processor-79945475-f9bzw,280,35
1789070830,processor-79945475-pcdsp,294,35
1789070830,processor-79945475-ptbms,299,35
1789070833,processor-79945475-7t5fw,285,35
1789070833,processor-79945475-f9bzw,280,35
1789070833,processor-79945475-pcdsp,294,35
1789070833,processor-79945475-ptbms,299,35
1789070835,processor-79945475-7t5fw,285,35
1789070835,processor-79945475-f9bzw,280,35
1789070835,processor-79945475-pcdsp,294,35
1789070835,processor-79945475-ptbms,299,35
1789070838,processor-79945475-7t5fw,285,35
1789070838,processor-79945475-f9bzw,280,35
1789070838,processor-79945475-pcdsp,294,35
1789070838,processor-79945475-ptbms,299,35
1789070840,processor-79945475-7t5fw,285,35
1789070840,processor-79945475-f9bzw,280,35
1789070840,processor-79945475-pcdsp,294,35
1789070840,processor-79945475-ptbms,299,35
1789070843,processor-79945475-7t5fw,291,35
1789070843,processor-79945475-f9bzw,264,35
1789070843,processor-79945475-pcdsp,280,35
1789070843,processor-79945475-ptbms,283,35
1789070845,processor-79945475-7t5fw,291,35
1789070845,processor-79945475-f9bzw,264,35
1789070845,processor-79945475-pcdsp,280,35
1789070845,processor-79945475-ptbms,283,35
1789070848,processor-79945475-7t5fw,291,35
1789070848,processor-79945475-f9bzw,264,35
1789070848,processor-79945475-pcdsp,280,35
1789070848,processor-79945475-ptbms,283,35
1789070850,processor-79945475-7t5fw,291,35
1789070850,processor-79945475-f9bzw,264,35
1789070850,processor-79945475-pcdsp,280,35
1789070850,processor-79945475-ptbms,283,35
1789070853,processor-79945475-7t5fw,291,35
1789070853,processor-79945475-f9bzw,264,35
1789070853,processor-79945475-pcdsp,280,35
1789070853,processor-79945475-ptbms,283,35
1789070855,processor-79945475-7t5fw,291,35
1789070855,processor-79945475-f9bzw,264,35
1789070855,processor-79945475-pcdsp,280,35
1789070855,processor-79945475-ptbms,283,35
1789070857,processor-79945475-7t5fw,309,35
1789070857,processor-79945475-f9bzw,349,35
1789070857,processor-79945475-pcdsp,306,35
1789070857,processor-79945475-ptbms,299,35
1789070860,processor-79945475-7t5fw,309,35
1789070860,processor-79945475-f9bzw,349,35
1789070860,processor-79945475-pcdsp,306,35
1789070860,processor-79945475-ptbms,299,35
1789070862,processor-79945475-7t5fw,309,35
1789070862,processor-79945475-f9bzw,349,35
1789070862,processor-79945475-pcdsp,306,35
1789070862,processor-79945475-ptbms,299,35
1789070864,processor-79945475-7t5fw,309,35
1789070864,processor-79945475-f9bzw,349,35
1789070864,processor-79945475-pcdsp,306,35
1789070864,processor-79945475-ptbms,299,35
1789070867,processor-79945475-7t5fw,309,35
1789070867,processor-79945475-f9bzw,349,35
1789070867,processor-79945475-pcdsp,306,35
1789070867,processor-79945475-ptbms,299,35
1789070869,processor-79945475-7t5fw,309,35
1789070869,processor-79945475-f9bzw,349,35
1789070869,processor-79945475-pcdsp,306,35
1789070869,processor-79945475-ptbms,299,35
1789070871,processor-79945475-7t5fw,309,35
1789070871,processor-79945475-f9bzw,314,35
1789070871,processor-79945475-pcdsp,300,35
1789070871,processor-79945475-ptbms,298,35
1789070873,processor-79945475-7t5fw,309,35
1789070873,processor-79945475-f9bzw,314,35
1789070873,processor-79945475-pcdsp,300,35
1789070873,processor-79945475-ptbms,298,35
1789070876,processor-79945475-7t5fw,309,35
1789070876,processor-79945475-f9bzw,314,35
1789070876,processor-79945475-pcdsp,300,35
1789070876,processor-79945475-ptbms,298,35
1789070878,processor-79945475-7t5fw,309,35
1789070878,processor-79945475-f9bzw,314,35
1789070878,processor-79945475-pcdsp,300,35
1789070878,processor-79945475-ptbms,298,35
1789070880,processor-79945475-7t5fw,309,35
1789070880,processor-79945475-f9bzw,314,35
1789070880,processor-79945475-pcdsp,300,35
1789070880,processor-79945475-ptbms,298,35
1789070883,processor-79945475-7t5fw,309,35
1789070883,processor-79945475-f9bzw,314,35
1789070883,processor-79945475-pcdsp,300,35
1789070883,processor-79945475-ptbms,298,35
1789070885,processor-79945475-7t5fw,309,35
1789070885,processor-79945475-f9bzw,314,35
1789070885,processor-79945475-pcdsp,300,35
1789070885,processor-79945475-ptbms,298,35
1789070887,processor-79945475-7t5fw,306,35
1789070887,processor-79945475-f9bzw,346,35
1789070887,processor-79945475-pcdsp,297,35
1789070887,processor-79945475-ptbms,316,35
1789070890,processor-79945475-7t5fw,306,35
1789070890,processor-79945475-f9bzw,346,35
1789070890,processor-79945475-pcdsp,297,35
1789070890,processor-79945475-ptbms,316,35
1789070893,processor-79945475-7t5fw,306,35
1789070893,processor-79945475-f9bzw,346,35
1789070893,processor-79945475-pcdsp,297,35
1789070893,processor-79945475-ptbms,316,35
1789070895,processor-79945475-7t5fw,306,35
1789070895,processor-79945475-f9bzw,346,35
1789070895,processor-79945475-pcdsp,297,35
1789070895,processor-79945475-ptbms,316,35
1789070898,processor-79945475-7t5fw,306,35
1789070898,processor-79945475-f9bzw,346,35
1789070898,processor-79945475-pcdsp,297,35
1789070898,processor-79945475-ptbms,316,35
1789070900,processor-79945475-7t5fw,306,35
1789070900,processor-79945475-f9bzw,346,35
1789070900,processor-79945475-pcdsp,297,35
1789070900,processor-79945475-ptbms,316,35
1789070902,processor-79945475-7t5fw,501,35
1789070902,processor-79945475-f9bzw,277,35
1789070902,processor-79945475-pcdsp,297,35
1789070902,processor-79945475-ptbms,343,35
1789070904,processor-79945475-7t5fw,501,35
1789070904,processor-79945475-f9bzw,277,35
1789070904,processor-79945475-pcdsp,297,35
1789070904,processor-79945475-ptbms,343,35
1789070906,processor-79945475-7t5fw,501,35
1789070906,processor-79945475-f9bzw,277,35
1789070906,processor-79945475-pcdsp,297,35
1789070906,processor-79945475-ptbms,343,35
1789070908,processor-79945475-7t5fw,501,35
1789070908,processor-79945475-f9bzw,277,35
1789070908,processor-79945475-pcdsp,297,35
1789070908,processor-79945475-ptbms,343,35
1789070911,processor-79945475-7t5fw,501,35
1789070911,processor-79945475-f9bzw,277,35
1789070911,processor-79945475-pcdsp,297,35
1789070911,processor-79945475-ptbms,343,35
1789070913,processor-79945475-7t5fw,501,35
1789070913,processor-79945475-f9bzw,277,35
1789070913,processor-79945475-pcdsp,297,35
1789070913,processor-79945475-ptbms,343,35
1789070915,processor-79945475-7t5fw,501,35
1789070915,processor-79945475-f9bzw,277,35
1789070915,processor-79945475-pcdsp,297,35
1789070915,processor-79945475-ptbms,343,35
1789070917,processor-79945475-7t5fw,98,35
1789070917,processor-79945475-f9bzw,872,35
1789070917,processor-79945475-pcdsp,211,35
1789070917,processor-79945475-ptbms,13,35
1789070919,processor-79945475-7t5fw,98,35
1789070919,processor-79945475-f9bzw,872,35
1789070919,processor-79945475-pcdsp,211,35
1789070919,processor-79945475-ptbms,13,35
1789070921,processor-79945475-7t5fw,98,35
1789070921,processor-79945475-f9bzw,872,35
1789070921,processor-79945475-pcdsp,211,35
1789070921,processor-79945475-ptbms,13,35
1789070923,processor-79945475-7t5fw,98,35
1789070923,processor-79945475-f9bzw,872,35
1789070923,processor-79945475-pcdsp,211,35
1789070923,processor-79945475-ptbms,13,35
1789070925,processor-79945475-7t5fw,98,35
1789070925,processor-79945475-f9bzw,872,35
1789070925,processor-79945475-pcdsp,211,35
1789070925,processor-79945475-ptbms,13,35
1789070927,processor-79945475-7t5fw,98,35
1789070927,processor-79945475-f9bzw,872,35
1789070927,processor-79945475-pcdsp,211,35
1789070927,processor-79945475-ptbms,13,35
1789070930,processor-79945475-7t5fw,98,35
1789070930,processor-79945475-f9bzw,872,35
1789070930,processor-79945475-pcdsp,211,35
1789070930,processor-79945475-ptbms,13,35
1789070932,processor-79945475-7t5fw,2,35
1789070932,processor-79945475-f9bzw,2,35
1789070932,processor-79945475-pcdsp,2,35
1789070932,processor-79945475-ptbms,2,35
1789070934,processor-79945475-7t5fw,2,35
1789070934,processor-79945475-f9bzw,2,35
1789070934,processor-79945475-pcdsp,2,35
1789070934,processor-79945475-ptbms,2,35
1789070936,processor-79945475-7t5fw,2,35
1789070936,processor-79945475-f9bzw,2,35
1789070936,processor-79945475-pcdsp,2,35
1789070936,processor-79945475-ptbms,2,35
1789070938,processor-79945475-7t5fw,2,35
1789070938,processor-79945475-f9bzw,2,35
1789070938,processor-79945475-pcdsp,2,35
1789070938,processor-79945475-ptbms,2,35
1789070940,processor-79945475-7t5fw,2,35
1789070940,processor-79945475-f9bzw,2,35
1789070940,processor-79945475-pcdsp,2,35
1789070940,processor-79945475-ptbms,2,35
1789070942,processor-79945475-7t5fw,2,35
1789070942,processor-79945475-f9bzw,2,35
1789070942,processor-79945475-pcdsp,2,35
1789070942,processor-79945475-ptbms,2,35
1789070944,processor-79945475-7t5fw,2,35
1789070944,processor-79945475-f9bzw,2,35
1789070944,processor-79945475-pcdsp,2,35
1789070944,processor-79945475-ptbms,2,35
1789070947,processor-79945475-7t5fw,2,35
1789070947,processor-79945475-f9bzw,2,35
1789070947,processor-79945475-pcdsp,3,35
1789070947,processor-79945475-ptbms,2,35
1789070949,processor-79945475-7t5fw,2,35
1789070949,processor-79945475-f9bzw,2,35
1789070949,processor-79945475-pcdsp,3,35
1789070949,processor-79945475-ptbms,2,35
1789070951,processor-79945475-7t5fw,2,35
1789070951,processor-79945475-f9bzw,2,35
1789070951,processor-79945475-pcdsp,3,35
1789070951,processor-79945475-ptbms,2,35
1789070953,processor-79945475-7t5fw,2,35
1789070953,processor-79945475-f9bzw,2,35
1789070953,processor-79945475-pcdsp,3,35
1789070953,processor-79945475-ptbms,2,35
1789070955,processor-79945475-7t5fw,2,35
1789070955,processor-79945475-f9bzw,2,35
1789070955,processor-79945475-pcdsp,3,35
1789070955,processor-79945475-ptbms,2,35
1789070957,processor-79945475-7t5fw,2,35
1789070957,processor-79945475-f9bzw,2,35
1789070957,processor-79945475-pcdsp,3,35
1789070957,processor-79945475-ptbms,2,35
1789070959,processor-79945475-7t5fw,2,35
1789070959,processor-79945475-f9bzw,2,35
1789070959,processor-79945475-pcdsp,3,35
1789070959,processor-79945475-ptbms,2,35
1789070961,processor-79945475-7t5fw,2,35
1789070961,processor-79945475-f9bzw,2,35
1789070961,processor-79945475-pcdsp,9,35
1789070961,processor-79945475-ptbms,2,35
1789070964,processor-79945475-7t5fw,2,35
1789070964,processor-79945475-f9bzw,2,35
1789070964,processor-79945475-pcdsp,9,35
1789070964,processor-79945475-ptbms,2,35
1789070966,processor-79945475-7t5fw,2,35
1789070966,processor-79945475-f9bzw,2,35
1789070966,processor-79945475-pcdsp,9,35
1789070966,processor-79945475-ptbms,2,35
1789070968,processor-79945475-7t5fw,2,35
1789070968,processor-79945475-f9bzw,2,35
1789070968,processor-79945475-pcdsp,9,35
1789070968,processor-79945475-ptbms,2,35
1789070971,processor-79945475-7t5fw,2,35
1789070971,processor-79945475-f9bzw,2,35
1789070971,processor-79945475-pcdsp,9,35
1789070971,processor-79945475-ptbms,2,35
1789070973,processor-79945475-7t5fw,2,35
1789070973,processor-79945475-f9bzw,2,35
1789070973,processor-79945475-pcdsp,9,35
1789070973,processor-79945475-ptbms,2,35
1789070975,processor-79945475-7t5fw,2,35
1789070975,processor-79945475-f9bzw,2,35
1789070975,processor-79945475-pcdsp,9,35
1789070975,processor-79945475-ptbms,2,35
1789070977,processor-79945475-7t5fw,144,35
1789070977,processor-79945475-f9bzw,154,35
1789070977,processor-79945475-pcdsp,9,35
1789070977,processor-79945475-ptbms,164,35
1789070980,processor-79945475-7t5fw,144,35
1789070980,processor-79945475-f9bzw,154,35
1789070980,processor-79945475-pcdsp,9,35
1789070980,processor-79945475-ptbms,164,35
1789070982,processor-79945475-7t5fw,144,35
1789070982,processor-79945475-f9bzw,154,35
1789070982,processor-79945475-pcdsp,9,35
1789070982,processor-79945475-ptbms,164,35
1789070984,processor-79945475-7t5fw,144,35
1789070984,processor-79945475-f9bzw,154,35
1789070984,processor-79945475-pcdsp,9,35
1789070984,processor-79945475-ptbms,164,35
1789070987,processor-79945475-7t5fw,144,35
1789070987,processor-79945475-f9bzw,154,35
1789070987,processor-79945475-pcdsp,9,35
1789070987,processor-79945475-ptbms,164,35
1789070989,processor-79945475-7t5fw,144,35
1789070989,processor-79945475-f9bzw,154,35
1789070989,processor-79945475-pcdsp,9,35
1789070989,processor-79945475-ptbms,164,35
1789070991,processor-79945475-7t5fw,270,35
1789070991,processor-79945475-f9bzw,286,35
1789070991,processor-79945475-pcdsp,267,35
1789070991,processor-79945475-ptbms,164,35
1789070994,processor-79945475-7t5fw,270,35
1789070994,processor-79945475-f9bzw,286,35
1789070994,processor-79945475-pcdsp,267,35
1789070994,processor-79945475-ptbms,164,35
1789070996,processor-79945475-7t5fw,270,35
1789070996,processor-79945475-f9bzw,286,35
1789070996,processor-79945475-pcdsp,267,35
1789070996,processor-79945475-ptbms,164,35
1789070998,processor-79945475-7t5fw,270,35
1789070998,processor-79945475-f9bzw,286,35
1789070998,processor-79945475-pcdsp,267,35
1789070998,processor-79945475-ptbms,164,35
1789071000,processor-79945475-7t5fw,270,35
1789071000,processor-79945475-f9bzw,286,35
1789071000,processor-79945475-pcdsp,267,35
1789071000,processor-79945475-ptbms,164,35
1789071003,processor-79945475-7t5fw,270,35
1789071003,processor-79945475-f9bzw,286,35
1789071003,processor-79945475-pcdsp,267,35
1789071003,processor-79945475-ptbms,164,35
1789071005,processor-79945475-7t5fw,270,35
1789071005,processor-79945475-f9bzw,286,35
1789071005,processor-79945475-pcdsp,267,35
1789071005,processor-79945475-ptbms,164,35
1789071007,processor-79945475-7t5fw,354,35
1789071007,processor-79945475-f9bzw,359,35
1789071007,processor-79945475-pcdsp,362,35
1789071007,processor-79945475-ptbms,301,35
1789071010,processor-79945475-7t5fw,354,35
1789071010,processor-79945475-f9bzw,359,35
1789071010,processor-79945475-pcdsp,362,35
1789071010,processor-79945475-ptbms,301,35
1789071012,processor-79945475-7t5fw,354,35
1789071012,processor-79945475-f9bzw,359,35
1789071012,processor-79945475-pcdsp,362,35
1789071012,processor-79945475-ptbms,301,35
1789071015,processor-79945475-7t5fw,354,35
1789071015,processor-79945475-f9bzw,359,35
1789071015,processor-79945475-pcdsp,362,35
1789071015,processor-79945475-ptbms,301,35
1789071017,processor-79945475-7t5fw,354,35
1789071017,processor-79945475-f9bzw,359,35
1789071017,processor-79945475-pcdsp,362,35
1789071017,processor-79945475-ptbms,301,35
1789071019,processor-79945475-7t5fw,354,35
1789071019,processor-79945475-f9bzw,359,35
1789071019,processor-79945475-pcdsp,362,35
1789071019,processor-79945475-ptbms,301,35
1789071021,processor-79945475-7t5fw,269,35
1789071021,processor-79945475-f9bzw,286,35
1789071021,processor-79945475-pcdsp,265,35
1789071021,processor-79945475-ptbms,312,35
1789071023,processor-79945475-7t5fw,269,35
1789071023,processor-79945475-f9bzw,286,35
1789071023,processor-79945475-pcdsp,265,35
1789071023,processor-79945475-ptbms,312,35
1789071026,processor-79945475-7t5fw,269,35
1789071026,processor-79945475-f9bzw,286,35
1789071026,processor-79945475-pcdsp,265,35
1789071026,processor-79945475-ptbms,312,35
1789071028,processor-79945475-7t5fw,269,35
1789071028,processor-79945475-f9bzw,286,35
1789071028,processor-79945475-pcdsp,265,35
1789071028,processor-79945475-ptbms,312,35
1789071030,processor-79945475-7t5fw,269,35
1789071030,processor-79945475-f9bzw,286,35
1789071030,processor-79945475-pcdsp,265,35
1789071030,processor-79945475-ptbms,312,35
1789071032,processor-79945475-7t5fw,269,35
1789071032,processor-79945475-f9bzw,286,35
1789071032,processor-79945475-pcdsp,265,35
1789071032,processor-79945475-ptbms,312,35
1789071035,processor-79945475-7t5fw,269,35
1789071035,processor-79945475-f9bzw,286,35
1789071035,processor-79945475-pcdsp,265,35
1789071035,processor-79945475-ptbms,312,35
1789071037,processor-79945475-7t5fw,301,35
1789071037,processor-79945475-f9bzw,311,35
1789071037,processor-79945475-pcdsp,324,35
1789071037,processor-79945475-ptbms,320,35
1789071040,processor-79945475-7t5fw,301,35
1789071040,processor-79945475-f9bzw,311,35
1789071040,processor-79945475-pcdsp,324,35
1789071040,processor-79945475-ptbms,320,35
1789071042,processor-79945475-7t5fw,301,35
1789071042,processor-79945475-f9bzw,311,35
1789071042,processor-79945475-pcdsp,324,35
1789071042,processor-79945475-ptbms,320,35
1789071045,processor-79945475-7t5fw,301,35
1789071045,processor-79945475-f9bzw,311,35
1789071045,processor-79945475-pcdsp,324,35
1789071045,processor-79945475-ptbms,320,35
1789071047,processor-79945475-7t5fw,301,35
1789071047,processor-79945475-f9bzw,311,35
1789071047,processor-79945475-pcdsp,324,35
1789071047,processor-79945475-ptbms,320,35
1789071050,processor-79945475-7t5fw,301,35
1789071050,processor-79945475-f9bzw,311,35
1789071050,processor-79945475-pcdsp,324,35
1789071050,processor-79945475-ptbms,320,35
1789071052,processor-79945475-7t5fw,205,35
1789071052,processor-79945475-f9bzw,230,35
1789071052,processor-79945475-pcdsp,207,35
1789071052,processor-79945475-ptbms,203,35
1789071054,processor-79945475-7t5fw,205,35
1789071054,processor-79945475-f9bzw,230,35
1789071054,processor-79945475-pcdsp,207,35
1789071054,processor-79945475-ptbms,203,35
1789071057,processor-79945475-7t5fw,205,35
1789071057,processor-79945475-f9bzw,230,35
1789071057,processor-79945475-pcdsp,207,35
1789071057,processor-79945475-ptbms,203,35
1789071059,processor-79945475-7t5fw,205,35
1789071059,processor-79945475-f9bzw,230,35
1789071059,processor-79945475-pcdsp,207,35
1789071059,processor-79945475-ptbms,203,35
1789071061,processor-79945475-7t5fw,205,35
1789071061,processor-79945475-f9bzw,230,35
1789071061,processor-79945475-pcdsp,207,35
1789071061,processor-79945475-ptbms,203,35
1789071064,processor-79945475-7t5fw,205,35
1789071064,processor-79945475-f9bzw,230,35
1789071064,processor-79945475-pcdsp,207,35
1789071064,processor-79945475-ptbms,203,35
1789071066,processor-79945475-7t5fw,294,35
1789071066,processor-79945475-f9bzw,312,35
1789071066,processor-79945475-pcdsp,304,35
1789071066,processor-79945475-ptbms,326,35
1789071069,processor-79945475-7t5fw,294,35
1789071069,processor-79945475-f9bzw,312,35
1789071069,processor-79945475-pcdsp,304,35
1789071069,processor-79945475-ptbms,326,35
1789071071,processor-79945475-7t5fw,294,35
1789071071,processor-79945475-f9bzw,312,35
1789071071,processor-79945475-pcdsp,304,35
1789071071,processor-79945475-ptbms,326,35
1789071073,processor-79945475-7t5fw,294,35
1789071073,processor-79945475-f9bzw,312,35
1789071073,processor-79945475-pcdsp,304,35
1789071073,processor-79945475-ptbms,326,35
1789071076,processor-79945475-7t5fw,294,35
1789071076,processor-79945475-f9bzw,312,35
1789071076,processor-79945475-pcdsp,304,35
1789071076,processor-79945475-ptbms,326,35
1789071078,processor-79945475-7t5fw,294,35
1789071078,processor-79945475-f9bzw,312,35
1789071078,processor-79945475-pcdsp,304,35
1789071078,processor-79945475-ptbms,326,35
1789071080,processor-79945475-7t5fw,294,35
1789071080,processor-79945475-f9bzw,312,35
1789071080,processor-79945475-pcdsp,304,35
1789071080,processor-79945475-ptbms,326,35
1789071083,processor-79945475-7t5fw,247,35
1789071083,processor-79945475-f9bzw,238,35
1789071083,processor-79945475-pcdsp,246,35
1789071083,processor-79945475-ptbms,280,35
1789071085,processor-79945475-7t5fw,247,35
1789071085,processor-79945475-f9bzw,238,35
1789071085,processor-79945475-pcdsp,246,35
1789071085,processor-79945475-ptbms,280,35
1789071087,processor-79945475-7t5fw,247,35
1789071087,processor-79945475-f9bzw,238,35
1789071087,processor-79945475-pcdsp,246,35
1789071087,processor-79945475-ptbms,280,35
1789071090,processor-79945475-7t5fw,247,35
1789071090,processor-79945475-f9bzw,238,35
1789071090,processor-79945475-pcdsp,246,35
1789071090,processor-79945475-ptbms,280,35
1789071092,processor-79945475-7t5fw,247,35
1789071092,processor-79945475-f9bzw,238,35
1789071092,processor-79945475-pcdsp,246,35
1789071092,processor-79945475-ptbms,280,35
1789071094,processor-79945475-7t5fw,247,35
1789071094,processor-79945475-f9bzw,238,35
1789071094,processor-79945475-pcdsp,246,35
1789071094,processor-79945475-ptbms,280,35
1789071098,processor-79945475-7t5fw,309,35
1789071098,processor-79945475-f9bzw,310,35
1789071098,processor-79945475-pcdsp,311,35
1789071098,processor-79945475-ptbms,309,35
1789071101,processor-79945475-7t5fw,309,35
1789071101,processor-79945475-f9bzw,310,35
1789071101,processor-79945475-pcdsp,311,35
1789071101,processor-79945475-ptbms,309,35
1789071103,processor-79945475-7t5fw,309,35
1789071103,processor-79945475-f9bzw,310,35
1789071103,processor-79945475-pcdsp,311,35
1789071103,processor-79945475-ptbms,309,35
1789071105,processor-79945475-7t5fw,309,35
1789071105,processor-79945475-f9bzw,310,35
1789071105,processor-79945475-pcdsp,311,35
1789071105,processor-79945475-ptbms,309,35
1789071108,processor-79945475-7t5fw,309,35
1789071108,processor-79945475-f9bzw,310,35
1789071108,processor-79945475-pcdsp,311,35
1789071108,processor-79945475-ptbms,309,35
1789071110,processor-79945475-7t5fw,309,35
1789071110,processor-79945475-f9bzw,310,35
1789071110,processor-79945475-pcdsp,311,35
1789071110,processor-79945475-ptbms,309,35
1789071112,processor-79945475-7t5fw,276,35
1789071112,processor-79945475-f9bzw,310,35
1789071112,processor-79945475-pcdsp,281,35
1789071112,processor-79945475-ptbms,270,35
1789071115,processor-79945475-7t5fw,276,35
1789071115,processor-79945475-f9bzw,310,35
1789071115,processor-79945475-pcdsp,281,35
1789071115,processor-79945475-ptbms,270,35
1789071119,processor-79945475-7t5fw,276,35
1789071119,processor-79945475-f9bzw,310,35
1789071119,processor-79945475-pcdsp,281,35
1789071119,processor-79945475-ptbms,270,35
1789071122,processor-79945475-7t5fw,276,35
1789071122,processor-79945475-f9bzw,310,35
1789071122,processor-79945475-pcdsp,281,35
1789071122,processor-79945475-ptbms,270,35
1789071125,processor-79945475-7t5fw,276,35
1789071125,processor-79945475-f9bzw,310,35
1789071125,processor-79945475-pcdsp,281,35
1789071125,processor-79945475-ptbms,270,35
1789071127,processor-79945475-7t5fw,294,35
1789071127,processor-79945475-f9bzw,265,35
1789071127,processor-79945475-pcdsp,232,35
1789071127,processor-79945475-ptbms,297,35
1789071129,processor-79945475-7t5fw,294,35
1789071129,processor-79945475-f9bzw,265,35
1789071129,processor-79945475-pcdsp,232,35
1789071129,processor-79945475-ptbms,297,35
1789071131,processor-79945475-7t5fw,294,35
1789071131,processor-79945475-f9bzw,265,35
1789071131,processor-79945475-pcdsp,232,35
1789071131,processor-79945475-ptbms,297,35
1789071134,processor-79945475-7t5fw,294,35
1789071134,processor-79945475-f9bzw,265,35
1789071134,processor-79945475-pcdsp,232,35
1789071134,processor-79945475-ptbms,297,35
1789071136,processor-79945475-7t5fw,294,35
1789071136,processor-79945475-f9bzw,265,35
1789071136,processor-79945475-pcdsp,232,35
1789071136,processor-79945475-ptbms,297,35
1789071138,processor-79945475-7t5fw,294,35
1789071138,processor-79945475-f9bzw,265,35
1789071138,processor-79945475-pcdsp,232,35
1789071138,processor-79945475-ptbms,297,35
1789071141,processor-79945475-7t5fw,230,35
1789071141,processor-79945475-f9bzw,224,35
1789071141,processor-79945475-pcdsp,232,35
1789071141,processor-79945475-ptbms,235,35
1789071143,processor-79945475-7t5fw,230,35
1789071143,processor-79945475-f9bzw,224,35
1789071143,processor-79945475-pcdsp,232,35
1789071143,processor-79945475-ptbms,235,35
1789071145,processor-79945475-7t5fw,230,35
1789071145,processor-79945475-f9bzw,224,35
1789071145,processor-79945475-pcdsp,232,35
1789071145,processor-79945475-ptbms,235,35
1789071148,processor-79945475-7t5fw,230,35
1789071148,processor-79945475-f9bzw,224,35
1789071148,processor-79945475-pcdsp,232,35
1789071148,processor-79945475-ptbms,235,35
1789071150,processor-79945475-7t5fw,230,35
1789071150,processor-79945475-f9bzw,224,35
1789071150,processor-79945475-pcdsp,232,35
1789071150,processor-79945475-ptbms,235,35
1789071152,processor-79945475-7t5fw,230,35
1789071152,processor-79945475-f9bzw,224,35
1789071152,processor-79945475-pcdsp,232,35
1789071152,processor-79945475-ptbms,235,35
1789071155,processor-79945475-7t5fw,230,35
1789071155,processor-79945475-f9bzw,224,35
1789071155,processor-79945475-pcdsp,232,35
1789071155,processor-79945475-ptbms,235,35
1789071158,processor-79945475-7t5fw,339,35
1789071158,processor-79945475-f9bzw,327,35
1789071158,processor-79945475-pcdsp,332,35
1789071158,processor-79945475-ptbms,351,35
1789071160,processor-79945475-7t5fw,339,35
1789071160,processor-79945475-f9bzw,327,35
1789071160,processor-79945475-pcdsp,332,35
1789071160,processor-79945475-ptbms,351,35
1789071162,processor-79945475-7t5fw,339,35
1789071162,processor-79945475-f9bzw,327,35
1789071162,processor-79945475-pcdsp,332,35
1789071162,processor-79945475-ptbms,351,35
1789071165,processor-79945475-7t5fw,339,35
1789071165,processor-79945475-f9bzw,327,35
1789071165,processor-79945475-pcdsp,332,35
1789071165,processor-79945475-ptbms,351,35
1789071167,processor-79945475-7t5fw,339,35
1789071167,processor-79945475-f9bzw,327,35
1789071167,processor-79945475-pcdsp,332,35
1789071167,processor-79945475-ptbms,351,35
1789071169,processor-79945475-7t5fw,339,35
1789071169,processor-79945475-f9bzw,327,35
1789071169,processor-79945475-pcdsp,332,35
1789071169,processor-79945475-ptbms,351,35
1789071172,processor-79945475-7t5fw,455,35
1789071172,processor-79945475-f9bzw,419,35
1789071172,processor-79945475-pcdsp,386,35
1789071172,processor-79945475-ptbms,438,35
1789071174,processor-79945475-7t5fw,455,35
1789071174,processor-79945475-f9bzw,419,35
1789071174,processor-79945475-pcdsp,386,35
1789071174,processor-79945475-ptbms,438,35
1789071176,processor-79945475-7t5fw,455,35
1789071176,processor-79945475-f9bzw,419,35
1789071176,processor-79945475-pcdsp,386,35
1789071176,processor-79945475-ptbms,438,35
1789071178,processor-79945475-7t5fw,455,35
1789071178,processor-79945475-f9bzw,419,35
1789071178,processor-79945475-pcdsp,386,35
1789071178,processor-79945475-ptbms,438,35
1789071180,processor-79945475-7t5fw,455,35
1789071180,processor-79945475-f9bzw,419,35
1789071180,processor-79945475-pcdsp,386,35
1789071180,processor-79945475-ptbms,438,35
1789071182,processor-79945475-7t5fw,455,35
1789071182,processor-79945475-f9bzw,419,35
1789071182,processor-79945475-pcdsp,386,35
1789071182,processor-79945475-ptbms,438,35
1789071184,processor-79945475-7t5fw,455,35
1789071184,processor-79945475-f9bzw,419,35
1789071184,processor-79945475-pcdsp,386,35
1789071184,processor-79945475-ptbms,438,35
1789071186,processor-79945475-7t5fw,2,35
1789071186,processor-79945475-f9bzw,168,35
1789071186,processor-79945475-pcdsp,276,35
1789071186,processor-79945475-ptbms,63,35
1789071188,processor-79945475-7t5fw,2,35
1789071188,processor-79945475-f9bzw,168,35
1789071188,processor-79945475-pcdsp,276,35
1789071188,processor-79945475-ptbms,63,35
1789071191,processor-79945475-7t5fw,2,35
1789071191,processor-79945475-f9bzw,168,35
1789071191,processor-79945475-pcdsp,276,35
1789071191,processor-79945475-ptbms,63,35
1789071193,processor-79945475-7t5fw,2,35
1789071193,processor-79945475-f9bzw,168,35
1789071193,processor-79945475-pcdsp,276,35
1789071193,processor-79945475-ptbms,63,35
1789071195,processor-79945475-7t5fw,2,35
1789071195,processor-79945475-f9bzw,168,35
1789071195,processor-79945475-pcdsp,276,35
1789071195,processor-79945475-ptbms,63,35
1789071197,processor-79945475-7t5fw,2,35
1789071197,processor-79945475-f9bzw,168,35
1789071197,processor-79945475-pcdsp,276,35
1789071197,processor-79945475-ptbms,63,35
1789071199,processor-79945475-7t5fw,2,35
1789071199,processor-79945475-f9bzw,168,35
1789071199,processor-79945475-pcdsp,276,35
1789071199,processor-79945475-ptbms,63,35
1789071201,processor-79945475-7t5fw,2,35
1789071201,processor-79945475-f9bzw,2,35
1789071201,processor-79945475-pcdsp,2,35
1789071201,processor-79945475-ptbms,2,35
1789071203,processor-79945475-7t5fw,2,35
1789071203,processor-79945475-f9bzw,2,35
1789071203,processor-79945475-pcdsp,2,35
1789071203,processor-79945475-ptbms,2,35
1789071205,processor-79945475-7t5fw,2,35
1789071205,processor-79945475-f9bzw,2,35
1789071205,processor-79945475-pcdsp,2,35
1789071205,processor-79945475-ptbms,2,35
1789071208,processor-79945475-7t5fw,2,35
1789071208,processor-79945475-f9bzw,2,35
1789071208,processor-79945475-pcdsp,2,35
1789071208,processor-79945475-ptbms,2,35
1789071210,processor-79945475-7t5fw,2,35
1789071210,processor-79945475-f9bzw,2,35
1789071210,processor-79945475-pcdsp,2,35
1789071210,processor-79945475-ptbms,2,35
1789071212,processor-79945475-7t5fw,2,35
1789071212,processor-79945475-f9bzw,2,35
1789071212,processor-79945475-pcdsp,2,35
1789071212,processor-79945475-ptbms,2,35
1789071214,processor-79945475-7t5fw,2,35
1789071214,processor-79945475-f9bzw,2,35
1789071214,processor-79945475-pcdsp,2,35
1789071214,processor-79945475-ptbms,2,35
1789071216,processor-79945475-7t5fw,2,35
1789071216,processor-79945475-f9bzw,2,35
1789071216,processor-79945475-pcdsp,2,35
1789071216,processor-79945475-ptbms,2,35
1789071218,processor-79945475-7t5fw,2,35
1789071218,processor-79945475-f9bzw,2,35
1789071218,processor-79945475-pcdsp,2,35
1789071218,processor-79945475-ptbms,2,35
1789071220,processor-79945475-7t5fw,2,35
1789071220,processor-79945475-f9bzw,2,35
1789071220,processor-79945475-pcdsp,2,35
1789071220,processor-79945475-ptbms,2,35
1789071222,processor-79945475-7t5fw,2,35
1789071222,processor-79945475-f9bzw,2,35
1789071222,processor-79945475-pcdsp,2,35
1789071222,processor-79945475-ptbms,2,35
1789071224,processor-79945475-7t5fw,2,35
1789071224,processor-79945475-f9bzw,2,35
1789071224,processor-79945475-pcdsp,2,35
1789071224,processor-79945475-ptbms,2,35
1789071227,processor-79945475-7t5fw,2,35
1789071227,processor-79945475-f9bzw,2,35
1789071227,processor-79945475-pcdsp,2,35
1789071227,processor-79945475-ptbms,2,35
1789071229,processor-79945475-7t5fw,2,35
1789071229,processor-79945475-f9bzw,2,35
1789071229,processor-79945475-pcdsp,2,35
1789071229,processor-79945475-ptbms,2,35
1789071231,processor-79945475-7t5fw,2,35
1789071231,processor-79945475-f9bzw,2,35
1789071231,processor-79945475-pcdsp,11,35
1789071231,processor-79945475-ptbms,2,35
1789071233,processor-79945475-7t5fw,2,35
1789071233,processor-79945475-f9bzw,2,35
1789071233,processor-79945475-pcdsp,11,35
1789071233,processor-79945475-ptbms,2,35
1789071235,processor-79945475-7t5fw,2,35
1789071235,processor-79945475-f9bzw,2,35
1789071235,processor-79945475-pcdsp,11,35
1789071235,processor-79945475-ptbms,2,35
1789071238,processor-79945475-7t5fw,2,35
1789071238,processor-79945475-f9bzw,2,35
1789071238,processor-79945475-pcdsp,11,35
1789071238,processor-79945475-ptbms,2,35
1789071240,processor-79945475-7t5fw,2,35
1789071240,processor-79945475-f9bzw,2,35
1789071240,processor-79945475-pcdsp,11,35
1789071240,processor-79945475-ptbms,2,35
1789071242,processor-79945475-7t5fw,2,35
1789071242,processor-79945475-f9bzw,2,35
1789071242,processor-79945475-pcdsp,11,35
1789071242,processor-79945475-ptbms,2,35
1789071245,processor-79945475-7t5fw,2,35
1789071245,processor-79945475-f9bzw,2,35
1789071245,processor-79945475-pcdsp,11,35
1789071245,processor-79945475-ptbms,2,35
1789071247,processor-79945475-7t5fw,162,35
1789071247,processor-79945475-f9bzw,118,35
1789071247,processor-79945475-pcdsp,204,35
1789071247,processor-79945475-ptbms,123,35
1789071249,processor-79945475-7t5fw,162,35
1789071249,processor-79945475-f9bzw,118,35
1789071249,processor-79945475-pcdsp,204,35
1789071249,processor-79945475-ptbms,123,35
1789071252,processor-79945475-7t5fw,162,35
1789071252,processor-79945475-f9bzw,118,35
1789071252,processor-79945475-pcdsp,204,35
1789071252,processor-79945475-ptbms,123,35
1789071254,processor-79945475-7t5fw,162,35
1789071254,processor-79945475-f9bzw,118,35
1789071254,processor-79945475-pcdsp,204,35
1789071254,processor-79945475-ptbms,123,35
1789071256,processor-79945475-7t5fw,162,35
1789071256,processor-79945475-f9bzw,118,35
1789071256,processor-79945475-pcdsp,204,35
1789071256,processor-79945475-ptbms,123,35
1789071259,processor-79945475-7t5fw,162,35
1789071259,processor-79945475-f9bzw,118,35
1789071259,processor-79945475-pcdsp,204,35
1789071259,processor-79945475-ptbms,123,35
1789071261,processor-79945475-7t5fw,303,35
1789071261,processor-79945475-f9bzw,266,35
1789071261,processor-79945475-pcdsp,287,35
1789071261,processor-79945475-ptbms,258,35
1789071263,processor-79945475-7t5fw,303,35
1789071263,processor-79945475-f9bzw,266,35
1789071263,processor-79945475-pcdsp,287,35
1789071263,processor-79945475-ptbms,258,35
1789071265,processor-79945475-7t5fw,303,35
1789071265,processor-79945475-f9bzw,266,35
1789071265,processor-79945475-pcdsp,287,35
1789071265,processor-79945475-ptbms,258,35
1789071267,processor-79945475-7t5fw,303,35
1789071267,processor-79945475-f9bzw,266,35
1789071267,processor-79945475-pcdsp,287,35
1789071267,processor-79945475-ptbms,258,35
1789071270,processor-79945475-7t5fw,303,35
1789071270,processor-79945475-f9bzw,266,35
1789071270,processor-79945475-pcdsp,287,35
1789071270,processor-79945475-ptbms,258,35
1789071272,processor-79945475-7t5fw,303,35
1789071272,processor-79945475-f9bzw,266,35
1789071272,processor-79945475-pcdsp,287,35
1789071272,processor-79945475-ptbms,258,35
1789071274,processor-79945475-7t5fw,303,35
1789071274,processor-79945475-f9bzw,266,35
1789071274,processor-79945475-pcdsp,287,35
1789071274,processor-79945475-ptbms,258,35
1789071276,processor-79945475-7t5fw,303,35
1789071276,processor-79945475-f9bzw,251,35
1789071276,processor-79945475-pcdsp,257,35
1789071276,processor-79945475-ptbms,257,35
1789071279,processor-79945475-7t5fw,303,35
1789071279,processor-79945475-f9bzw,251,35
1789071279,processor-79945475-pcdsp,257,35
1789071279,processor-79945475-ptbms,257,35
1789071281,processor-79945475-7t5fw,303,35
1789071281,processor-79945475-f9bzw,251,35
1789071281,processor-79945475-pcdsp,257,35
1789071281,processor-79945475-ptbms,257,35
1789071284,processor-79945475-7t5fw,303,35
1789071284,processor-79945475-f9bzw,251,35
1789071284,processor-79945475-pcdsp,257,35
1789071284,processor-79945475-ptbms,257,35
1789071286,processor-79945475-7t5fw,303,35
1789071286,processor-79945475-f9bzw,251,35
1789071286,processor-79945475-pcdsp,257,35
1789071286,processor-79945475-ptbms,257,35
1789071288,processor-79945475-7t5fw,303,35
1789071288,processor-79945475-f9bzw,251,35
1789071288,processor-79945475-pcdsp,257,35
1789071288,processor-79945475-ptbms,257,35
1789071290,processor-79945475-7t5fw,303,35
1789071290,processor-79945475-f9bzw,251,35
1789071290,processor-79945475-pcdsp,257,35
1789071290,processor-79945475-ptbms,257,35
1789071293,processor-79945475-7t5fw,241,35
1789071293,processor-79945475-f9bzw,229,35
1789071293,processor-79945475-pcdsp,225,35
1789071293,processor-79945475-ptbms,236,35
1789071296,processor-79945475-7t5fw,241,35
1789071296,processor-79945475-f9bzw,229,35
1789071296,processor-79945475-pcdsp,225,35
1789071296,processor-79945475-ptbms,236,35
1789071298,processor-79945475-7t5fw,241,35
1789071298,processor-79945475-f9bzw,229,35
1789071298,processor-79945475-pcdsp,225,35
1789071298,processor-79945475-ptbms,236,35
1789071300,processor-79945475-7t5fw,241,35
1789071300,processor-79945475-f9bzw,229,35
1789071300,processor-79945475-pcdsp,225,35
1789071300,processor-79945475-ptbms,236,35
1789071303,processor-79945475-7t5fw,241,35
1789071303,processor-79945475-f9bzw,229,35
1789071303,processor-79945475-pcdsp,225,35
1789071303,processor-79945475-ptbms,236,35
1789071305,processor-79945475-7t5fw,241,35
1789071305,processor-79945475-f9bzw,229,35
1789071305,processor-79945475-pcdsp,225,35
1789071305,processor-79945475-ptbms,236,35
1789071307,processor-79945475-7t5fw,200,35
1789071307,processor-79945475-f9bzw,143,35
1789071307,processor-79945475-pcdsp,225,35
1789071307,processor-79945475-ptbms,193,35
1789071310,processor-79945475-7t5fw,200,35
1789071310,processor-79945475-f9bzw,143,35
1789071310,processor-79945475-pcdsp,225,35
1789071310,processor-79945475-ptbms,193,35
1789071312,processor-79945475-7t5fw,200,35
1789071312,processor-79945475-f9bzw,143,35
1789071312,processor-79945475-pcdsp,225,35
1789071312,processor-79945475-ptbms,193,35
1789071314,processor-79945475-7t5fw,200,35
1789071314,processor-79945475-f9bzw,143,35
1789071314,processor-79945475-pcdsp,225,35
1789071314,processor-79945475-ptbms,193,35
1789071316,processor-79945475-7t5fw,200,35
1789071316,processor-79945475-f9bzw,143,35
1789071316,processor-79945475-pcdsp,225,35
1789071316,processor-79945475-ptbms,193,35
1789071319,processor-79945475-7t5fw,200,35
1789071319,processor-79945475-f9bzw,143,35
1789071319,processor-79945475-pcdsp,225,35
1789071319,processor-79945475-ptbms,193,35
1789071321,processor-79945475-7t5fw,146,35
1789071321,processor-79945475-f9bzw,143,35
1789071321,processor-79945475-pcdsp,152,35
1789071321,processor-79945475-ptbms,151,35
1789071323,processor-79945475-7t5fw,146,35
1789071323,processor-79945475-f9bzw,143,35
1789071323,processor-79945475-pcdsp,152,35
1789071323,processor-79945475-ptbms,151,35
1789071325,processor-79945475-7t5fw,146,35
1789071325,processor-79945475-f9bzw,143,35
1789071325,processor-79945475-pcdsp,152,35
1789071325,processor-79945475-ptbms,151,35
1789071328,processor-79945475-7t5fw,146,35
1789071328,processor-79945475-f9bzw,143,35
1789071328,processor-79945475-pcdsp,152,35
1789071328,processor-79945475-ptbms,151,35
1789071330,processor-79945475-7t5fw,146,35
1789071330,processor-79945475-f9bzw,143,35
1789071330,processor-79945475-pcdsp,152,35
1789071330,processor-79945475-ptbms,151,35
1789071332,processor-79945475-7t5fw,146,35
1789071332,processor-79945475-f9bzw,143,35
1789071332,processor-79945475-pcdsp,152,35
1789071332,processor-79945475-ptbms,151,35
1789071335,processor-79945475-7t5fw,146,35
1789071335,processor-79945475-f9bzw,143,35
1789071335,processor-79945475-pcdsp,152,35
1789071335,processor-79945475-ptbms,151,35
1789071337,processor-79945475-7t5fw,160,35
1789071337,processor-79945475-f9bzw,151,35
1789071337,processor-79945475-pcdsp,151,35
1789071337,processor-79945475-ptbms,157,35
1789071340,processor-79945475-7t5fw,160,35
1789071340,processor-79945475-f9bzw,151,35
1789071340,processor-79945475-pcdsp,151,35
1789071340,processor-79945475-ptbms,157,35
1789071342,processor-79945475-7t5fw,160,35
1789071342,processor-79945475-f9bzw,151,35
1789071342,processor-79945475-pcdsp,151,35
1789071342,processor-79945475-ptbms,157,35
1789071344,processor-79945475-7t5fw,160,35
1789071344,processor-79945475-f9bzw,151,35
1789071344,processor-79945475-pcdsp,151,35
1789071344,processor-79945475-ptbms,157,35
1789071347,processor-79945475-7t5fw,160,35
1789071347,processor-79945475-f9bzw,151,35
1789071347,processor-79945475-pcdsp,151,35
1789071347,processor-79945475-ptbms,157,35
1789071349,processor-79945475-7t5fw,160,35
1789071349,processor-79945475-f9bzw,151,35
1789071349,processor-79945475-pcdsp,151,35
1789071349,processor-79945475-ptbms,157,35
1789071352,processor-79945475-7t5fw,197,35
1789071352,processor-79945475-f9bzw,171,35
1789071352,processor-79945475-pcdsp,201,35
1789071352,processor-79945475-ptbms,195,35
1789071354,processor-79945475-7t5fw,197,35
1789071354,processor-79945475-f9bzw,171,35
1789071354,processor-79945475-pcdsp,201,35
1789071354,processor-79945475-ptbms,195,35
1789071356,processor-79945475-7t5fw,197,35
1789071356,processor-79945475-f9bzw,171,35
1789071356,processor-79945475-pcdsp,201,35
1789071356,processor-79945475-ptbms,195,35
1789071358,processor-79945475-7t5fw,197,35
1789071358,processor-79945475-f9bzw,171,35
1789071358,processor-79945475-pcdsp,201,35
1789071358,processor-79945475-ptbms,195,35
1789071361,processor-79945475-7t5fw,197,35
1789071361,processor-79945475-f9bzw,171,35
1789071361,processor-79945475-pcdsp,201,35
1789071361,processor-79945475-ptbms,195,35
1789071363,processor-79945475-7t5fw,197,35
1789071363,processor-79945475-f9bzw,171,35
1789071363,processor-79945475-pcdsp,201,35
1789071363,processor-79945475-ptbms,195,35
1789071366,processor-79945475-7t5fw,197,35
1789071366,processor-79945475-f9bzw,171,35
1789071366,processor-79945475-pcdsp,201,35
1789071366,processor-79945475-ptbms,195,35
1789071369,processor-79945475-7t5fw,256,35
1789071369,processor-79945475-f9bzw,257,35
1789071369,processor-79945475-pcdsp,201,35
1789071369,processor-79945475-ptbms,245,35
1789071371,processor-79945475-7t5fw,256,35
1789071371,processor-79945475-f9bzw,257,35
1789071371,processor-79945475-pcdsp,201,35
1789071371,processor-79945475-ptbms,245,35
1789071374,processor-79945475-7t5fw,256,35
1789071374,processor-79945475-f9bzw,257,35
1789071374,processor-79945475-pcdsp,201,35
1789071374,processor-79945475-ptbms,245,35
1789071376,processor-79945475-7t5fw,256,35
1789071376,processor-79945475-f9bzw,257,35
1789071376,processor-79945475-pcdsp,201,35
1789071376,processor-79945475-ptbms,245,35
1789071378,processor-79945475-7t5fw,256,35
1789071378,processor-79945475-f9bzw,257,35
1789071378,processor-79945475-pcdsp,201,35
1789071378,processor-79945475-ptbms,245,35
1789071380,processor-79945475-7t5fw,274,35
1789071380,processor-79945475-f9bzw,257,35
1789071380,processor-79945475-pcdsp,253,35
1789071380,processor-79945475-ptbms,245,35
1789071383,processor-79945475-7t5fw,274,35
1789071383,processor-79945475-f9bzw,257,35
1789071383,processor-79945475-pcdsp,253,35
1789071383,processor-79945475-ptbms,245,35
1789071385,processor-79945475-7t5fw,274,35
1789071385,processor-79945475-f9bzw,257,35
1789071385,processor-79945475-pcdsp,253,35
1789071385,processor-79945475-ptbms,245,35
1789071387,processor-79945475-7t5fw,274,35
1789071387,processor-79945475-f9bzw,257,35
1789071387,processor-79945475-pcdsp,253,35
1789071387,processor-79945475-ptbms,245,35
1789071390,processor-79945475-7t5fw,274,35
1789071390,processor-79945475-f9bzw,257,35
1789071390,processor-79945475-pcdsp,253,35
1789071390,processor-79945475-ptbms,245,35
1789071392,processor-79945475-7t5fw,274,35
1789071392,processor-79945475-f9bzw,257,35
1789071392,processor-79945475-pcdsp,253,35
1789071392,processor-79945475-ptbms,245,35
1789071395,processor-79945475-7t5fw,274,35
1789071395,processor-79945475-f9bzw,257,35
1789071395,processor-79945475-pcdsp,253,35
1789071395,processor-79945475-ptbms,245,35
1789071397,processor-79945475-7t5fw,242,35
1789071397,processor-79945475-f9bzw,261,35
1789071397,processor-79945475-pcdsp,261,35
1789071397,processor-79945475-ptbms,258,35
1789071400,processor-79945475-7t5fw,242,35
1789071400,processor-79945475-f9bzw,261,35
1789071400,processor-79945475-pcdsp,261,35
1789071400,processor-79945475-ptbms,258,35
1789071402,processor-79945475-7t5fw,242,35
1789071402,processor-79945475-f9bzw,261,35
1789071402,processor-79945475-pcdsp,261,35
1789071402,processor-79945475-ptbms,258,35
1789071405,processor-79945475-7t5fw,242,35
1789071405,processor-79945475-f9bzw,261,35
1789071405,processor-79945475-pcdsp,261,35
1789071405,processor-79945475-ptbms,258,35
1789071407,processor-79945475-7t5fw,242,35
1789071407,processor-79945475-f9bzw,261,35
1789071407,processor-79945475-pcdsp,261,35
1789071407,processor-79945475-ptbms,258,35
1789071409,processor-79945475-7t5fw,242,35
1789071409,processor-79945475-f9bzw,261,35
1789071409,processor-79945475-pcdsp,261,35
1789071409,processor-79945475-ptbms,258,35
1789071412,processor-79945475-7t5fw,208,35
1789071412,processor-79945475-f9bzw,208,35
1789071412,processor-79945475-pcdsp,222,35
1789071412,processor-79945475-ptbms,237,35
1789071414,processor-79945475-7t5fw,208,35
1789071414,processor-79945475-f9bzw,208,35
1789071414,processor-79945475-pcdsp,222,35
1789071414,processor-79945475-ptbms,237,35
1789071416,processor-79945475-7t5fw,208,35
1789071416,processor-79945475-f9bzw,208,35
1789071416,processor-79945475-pcdsp,222,35
1789071416,processor-79945475-ptbms,237,35
1789071419,processor-79945475-7t5fw,208,35
1789071419,processor-79945475-f9bzw,208,35
1789071419,processor-79945475-pcdsp,222,35
1789071419,processor-79945475-ptbms,237,35
1789071422,processor-79945475-7t5fw,208,35
1789071422,processor-79945475-f9bzw,208,35
1789071422,processor-79945475-pcdsp,222,35
1789071422,processor-79945475-ptbms,237,35
1789071424,processor-79945475-7t5fw,208,35
1789071424,processor-79945475-f9bzw,208,35
1789071424,processor-79945475-pcdsp,222,35
1789071424,processor-79945475-ptbms,237,35
1789071427,processor-79945475-7t5fw,232,35
1789071427,processor-79945475-f9bzw,222,35
1789071427,processor-79945475-pcdsp,244,35
1789071427,processor-79945475-ptbms,220,35
1789071431,processor-79945475-7t5fw,232,35
1789071431,processor-79945475-f9bzw,222,35
1789071431,processor-79945475-pcdsp,244,35
1789071431,processor-79945475-ptbms,220,35
1789071433,processor-79945475-7t5fw,232,35
1789071433,processor-79945475-f9bzw,222,35
1789071433,processor-79945475-pcdsp,244,35
1789071433,processor-79945475-ptbms,220,35
1789071439,processor-79945475-7t5fw,232,35
1789071439,processor-79945475-f9bzw,222,35
1789071439,processor-79945475-pcdsp,244,35
1789071439,processor-79945475-ptbms,220,35
1789071441,processor-79945475-7t5fw,411,35
1789071441,processor-79945475-f9bzw,324,35
1789071441,processor-79945475-pcdsp,458,35
1789071441,processor-79945475-ptbms,301,35
1789071444,processor-79945475-7t5fw,411,35
1789071444,processor-79945475-f9bzw,324,35
1789071444,processor-79945475-pcdsp,458,35
1789071444,processor-79945475-ptbms,301,35
1789071448,processor-79945475-7t5fw,411,35
1789071448,processor-79945475-f9bzw,324,35
1789071448,processor-79945475-pcdsp,458,35
1789071448,processor-79945475-ptbms,301,35
1789071451,processor-79945475-7t5fw,411,35
1789071451,processor-79945475-f9bzw,324,35
1789071451,processor-79945475-pcdsp,458,35
1789071451,processor-79945475-ptbms,301,35
1789071453,processor-79945475-7t5fw,411,35
1789071453,processor-79945475-f9bzw,324,35
1789071453,processor-79945475-pcdsp,458,35
1789071453,processor-79945475-ptbms,301,35
1789071456,processor-79945475-7t5fw,411,35
1789071456,processor-79945475-f9bzw,324,35
1789071456,processor-79945475-pcdsp,458,35
1789071456,processor-79945475-ptbms,301,35
1789071460,processor-79945475-7t5fw,532,35
1789071460,processor-79945475-f9bzw,544,35
1789071460,processor-79945475-pcdsp,513,35
1789071460,processor-79945475-ptbms,529,35
1789071463,processor-79945475-7t5fw,532,35
1789071463,processor-79945475-f9bzw,544,35
1789071463,processor-79945475-pcdsp,513,35
1789071463,processor-79945475-ptbms,529,35
1789071465,processor-79945475-7t5fw,532,35
1789071465,processor-79945475-f9bzw,544,35
1789071465,processor-79945475-pcdsp,513,35
1789071465,processor-79945475-ptbms,529,35
1789071467,processor-79945475-7t5fw,532,35
1789071467,processor-79945475-f9bzw,544,35
1789071467,processor-79945475-pcdsp,513,35
1789071467,processor-79945475-ptbms,529,35
1789071469,processor-79945475-7t5fw,532,35
1789071469,processor-79945475-f9bzw,544,35
1789071469,processor-79945475-pcdsp,513,35
1789071469,processor-79945475-ptbms,529,35
1789071471,processor-79945475-7t5fw,410,35
1789071471,processor-79945475-f9bzw,491,35
1789071471,processor-79945475-pcdsp,513,35
1789071471,processor-79945475-ptbms,491,35
1789071473,processor-79945475-7t5fw,410,35
1789071473,processor-79945475-f9bzw,491,35
1789071473,processor-79945475-pcdsp,513,35
1789071473,processor-79945475-ptbms,491,35
1789071475,processor-79945475-7t5fw,410,35
1789071475,processor-79945475-f9bzw,491,35
1789071475,processor-79945475-pcdsp,513,35
1789071475,processor-79945475-ptbms,491,35
1789071477,processor-79945475-7t5fw,410,35
1789071477,processor-79945475-f9bzw,491,35
1789071477,processor-79945475-pcdsp,513,35
1789071477,processor-79945475-ptbms,491,35
1789071480,processor-79945475-7t5fw,410,35
1789071480,processor-79945475-f9bzw,491,35
1789071480,processor-79945475-pcdsp,513,35
1789071480,processor-79945475-ptbms,491,35
1789071482,processor-79945475-7t5fw,410,35
1789071482,processor-79945475-f9bzw,491,35
1789071482,processor-79945475-pcdsp,513,35
1789071482,processor-79945475-ptbms,491,35
1789071484,processor-79945475-7t5fw,410,35
1789071484,processor-79945475-f9bzw,491,35
1789071484,processor-79945475-pcdsp,513,35
1789071484,processor-79945475-ptbms,491,35
1789071486,processor-79945475-7t5fw,2,35
1789071486,processor-79945475-f9bzw,2,35
1789071486,processor-79945475-pcdsp,166,35
1789071486,processor-79945475-ptbms,2,35
1789071488,processor-79945475-7t5fw,2,35
1789071488,processor-79945475-f9bzw,2,35
1789071488,processor-79945475-pcdsp,166,35
1789071488,processor-79945475-ptbms,2,35
1789071490,processor-79945475-7t5fw,2,35
1789071490,processor-79945475-f9bzw,2,35
1789071490,processor-79945475-pcdsp,166,35
1789071490,processor-79945475-ptbms,2,35
1789071492,processor-79945475-7t5fw,2,35
1789071492,processor-79945475-f9bzw,2,35
1789071492,processor-79945475-pcdsp,166,35
1789071492,processor-79945475-ptbms,2,35
1789071494,processor-79945475-7t5fw,2,35
1789071494,processor-79945475-f9bzw,2,35
1789071494,processor-79945475-pcdsp,166,35
1789071494,processor-79945475-ptbms,2,35
1789071497,processor-79945475-7t5fw,2,35
1789071497,processor-79945475-f9bzw,2,35
1789071497,processor-79945475-pcdsp,166,35
1789071497,processor-79945475-ptbms,2,35
1789071499,processor-79945475-7t5fw,2,35
1789071499,processor-79945475-f9bzw,2,35
1789071499,processor-79945475-pcdsp,166,35
1789071499,processor-79945475-ptbms,2,35
1789071501,processor-79945475-7t5fw,2,35
1789071501,processor-79945475-f9bzw,2,35
1789071501,processor-79945475-pcdsp,2,35
1789071501,processor-79945475-ptbms,2,35
1789071503,processor-79945475-7t5fw,2,35
1789071503,processor-79945475-f9bzw,2,35
1789071503,processor-79945475-pcdsp,2,35
1789071503,processor-79945475-ptbms,2,35
1789071505,processor-79945475-7t5fw,2,35
1789071505,processor-79945475-f9bzw,2,35
1789071505,processor-79945475-pcdsp,2,35
1789071505,processor-79945475-ptbms,2,35
1789071507,processor-79945475-7t5fw,2,35
1789071507,processor-79945475-f9bzw,2,35
1789071507,processor-79945475-pcdsp,2,35
1789071507,processor-79945475-ptbms,2,35
1789071509,processor-79945475-7t5fw,2,35
1789071509,processor-79945475-f9bzw,2,35
1789071509,processor-79945475-pcdsp,2,35
1789071509,processor-79945475-ptbms,2,35
1789071511,processor-79945475-7t5fw,2,35
1789071511,processor-79945475-f9bzw,2,35
1789071511,processor-79945475-pcdsp,2,35
1789071511,processor-79945475-ptbms,2,35
1789071513,processor-79945475-7t5fw,2,35
1789071513,processor-79945475-f9bzw,2,35
1789071513,processor-79945475-pcdsp,2,35
1789071513,processor-79945475-ptbms,2,35
1789071516,processor-79945475-7t5fw,2,35
1789071516,processor-79945475-f9bzw,2,35
1789071516,processor-79945475-pcdsp,2,35
1789071516,processor-79945475-ptbms,2,35
1789071518,processor-79945475-7t5fw,2,35
1789071518,processor-79945475-f9bzw,2,35
1789071518,processor-79945475-pcdsp,2,35
1789071518,processor-79945475-ptbms,2,35
1789071520,processor-79945475-7t5fw,2,35
1789071520,processor-79945475-f9bzw,2,35
1789071520,processor-79945475-pcdsp,2,35
1789071520,processor-79945475-ptbms,2,35
1789071522,processor-79945475-7t5fw,2,35
1789071522,processor-79945475-f9bzw,2,35
1789071522,processor-79945475-pcdsp,2,35
1789071522,processor-79945475-ptbms,2,35
1789071524,processor-79945475-7t5fw,2,35
1789071524,processor-79945475-f9bzw,2,35
1789071524,processor-79945475-pcdsp,2,35
1789071524,processor-79945475-ptbms,2,35
1789071526,processor-79945475-7t5fw,2,35
1789071526,processor-79945475-f9bzw,2,35
1789071526,processor-79945475-pcdsp,2,35
1789071526,processor-79945475-ptbms,2,35
1789071528,processor-79945475-7t5fw,2,35
1789071528,processor-79945475-f9bzw,2,35
1789071528,processor-79945475-pcdsp,2,35
1789071528,processor-79945475-ptbms,2,35
1789071531,processor-79945475-7t5fw,2,35
1789071531,processor-79945475-f9bzw,2,35
1789071531,processor-79945475-pcdsp,2,35
1789071531,processor-79945475-ptbms,2,35
1789071533,processor-79945475-7t5fw,2,35
1789071533,processor-79945475-f9bzw,2,35
1789071533,processor-79945475-pcdsp,2,35
1789071533,processor-79945475-ptbms,2,35
1789071535,processor-79945475-7t5fw,2,35
1789071535,processor-79945475-f9bzw,2,35
1789071535,processor-79945475-pcdsp,2,35
1789071535,processor-79945475-ptbms,2,35
1789071537,processor-79945475-7t5fw,2,35
1789071537,processor-79945475-f9bzw,2,35
1789071537,processor-79945475-pcdsp,2,35
1789071537,processor-79945475-ptbms,2,35
1789071539,processor-79945475-7t5fw,2,35
1789071539,processor-79945475-f9bzw,2,35
1789071539,processor-79945475-pcdsp,2,35
1789071539,processor-79945475-ptbms,2,35
1789071541,processor-79945475-7t5fw,2,35
1789071541,processor-79945475-f9bzw,2,35
1789071541,processor-79945475-pcdsp,2,35
1789071541,processor-79945475-ptbms,2,35
1789071543,processor-79945475-7t5fw,2,35
1789071543,processor-79945475-f9bzw,2,35
1789071543,processor-79945475-pcdsp,2,35
1789071543,processor-79945475-ptbms,2,35
1789071545,processor-79945475-7t5fw,2,35
1789071545,processor-79945475-f9bzw,2,35
1789071545,processor-79945475-pcdsp,2,35
1789071545,processor-79945475-ptbms,2,35
1789071547,processor-79945475-7t5fw,2,35
1789071547,processor-79945475-f9bzw,2,35
1789071547,processor-79945475-pcdsp,2,35
1789071547,processor-79945475-ptbms,2,35
1789071550,processor-79945475-7t5fw,2,35
1789071550,processor-79945475-f9bzw,2,35
1789071550,processor-79945475-pcdsp,2,35
1789071550,processor-79945475-ptbms,2,35
1789071552,processor-79945475-7t5fw,2,35
1789071552,processor-79945475-f9bzw,2,35
1789071552,processor-79945475-pcdsp,2,35
1789071552,processor-79945475-ptbms,2,35
1789071554,processor-79945475-7t5fw,2,35
1789071554,processor-79945475-f9bzw,2,35
1789071554,processor-79945475-pcdsp,2,35
1789071554,processor-79945475-ptbms,2,35
1789071556,processor-79945475-7t5fw,2,35
1789071556,processor-79945475-f9bzw,2,35
1789071556,processor-79945475-pcdsp,2,35
1789071556,processor-79945475-ptbms,2,35
1789071558,processor-79945475-7t5fw,2,35
1789071558,processor-79945475-f9bzw,2,35
1789071558,processor-79945475-pcdsp,2,35
1789071558,processor-79945475-ptbms,2,35
1789071560,processor-79945475-7t5fw,2,35
1789071560,processor-79945475-f9bzw,2,35
1789071560,processor-79945475-pcdsp,2,35
1789071560,processor-79945475-ptbms,2,35
1789071562,processor-79945475-7t5fw,2,35
1789071562,processor-79945475-f9bzw,2,35
1789071562,processor-79945475-pcdsp,2,35
1789071562,processor-79945475-ptbms,2,35
1789071564,processor-79945475-7t5fw,2,35
1789071564,processor-79945475-f9bzw,2,35
1789071564,processor-79945475-pcdsp,2,35
1789071564,processor-79945475-ptbms,2,35
1789071567,processor-79945475-7t5fw,2,35
1789071567,processor-79945475-f9bzw,2,35
1789071567,processor-79945475-pcdsp,2,35
1789071567,processor-79945475-ptbms,2,35
1789071569,processor-79945475-7t5fw,2,35
1789071569,processor-79945475-f9bzw,2,35
1789071569,processor-79945475-pcdsp,2,35
1789071569,processor-79945475-ptbms,2,35
1789071571,processor-79945475-7t5fw,2,35
1789071571,processor-79945475-f9bzw,2,35
1789071571,processor-79945475-pcdsp,2,35
1789071571,processor-79945475-ptbms,2,35
1789071573,processor-79945475-7t5fw,2,35
1789071573,processor-79945475-f9bzw,2,35
1789071573,processor-79945475-pcdsp,2,35
1789071573,processor-79945475-ptbms,2,35
1789071575,processor-79945475-7t5fw,2,35
1789071575,processor-79945475-f9bzw,2,35
1789071575,processor-79945475-pcdsp,2,35
1789071575,processor-79945475-ptbms,2,35
1789071577,processor-79945475-7t5fw,2,35
1789071577,processor-79945475-f9bzw,2,35
1789071577,processor-79945475-pcdsp,2,35
1789071577,processor-79945475-ptbms,2,35
1789071579,processor-79945475-7t5fw,2,35
1789071579,processor-79945475-f9bzw,2,35
1789071579,processor-79945475-pcdsp,2,35
1789071579,processor-79945475-ptbms,2,35
1789071581,processor-79945475-7t5fw,2,35
1789071581,processor-79945475-f9bzw,2,35
1789071581,processor-79945475-pcdsp,2,35
1789071581,processor-79945475-ptbms,2,35
1789071584,processor-79945475-7t5fw,2,35
1789071584,processor-79945475-f9bzw,2,35
1789071584,processor-79945475-pcdsp,2,35
1789071584,processor-79945475-ptbms,2,35
1789071586,processor-79945475-7t5fw,2,35
1789071586,processor-79945475-f9bzw,2,35
1789071586,processor-79945475-pcdsp,2,35
1789071586,processor-79945475-ptbms,2,35
1789071588,processor-79945475-7t5fw,2,35
1789071588,processor-79945475-f9bzw,2,35
1789071588,processor-79945475-pcdsp,2,35
1789071588,processor-79945475-ptbms,2,35
1789071590,processor-79945475-7t5fw,2,35
1789071590,processor-79945475-f9bzw,2,35
1789071590,processor-79945475-pcdsp,2,35
1789071590,processor-79945475-ptbms,2,35
1789071592,processor-79945475-7t5fw,2,35
1789071592,processor-79945475-f9bzw,2,35
1789071592,processor-79945475-pcdsp,3,35
1789071592,processor-79945475-ptbms,2,35
1789071594,processor-79945475-7t5fw,2,35
1789071594,processor-79945475-f9bzw,2,35
1789071594,processor-79945475-pcdsp,3,35
1789071594,processor-79945475-ptbms,2,35
1789071596,processor-79945475-7t5fw,2,35
1789071596,processor-79945475-f9bzw,2,35
1789071596,processor-79945475-pcdsp,3,35
1789071596,processor-79945475-ptbms,2,35
1789071598,processor-79945475-7t5fw,2,35
1789071598,processor-79945475-f9bzw,2,35
1789071598,processor-79945475-pcdsp,3,35
1789071598,processor-79945475-ptbms,2,35
1789071601,processor-79945475-7t5fw,2,35
1789071601,processor-79945475-f9bzw,2,35
1789071601,processor-79945475-pcdsp,3,35
1789071601,processor-79945475-ptbms,2,35
1789071603,processor-79945475-7t5fw,2,35
1789071603,processor-79945475-f9bzw,2,35
1789071603,processor-79945475-pcdsp,3,35
1789071603,processor-79945475-ptbms,2,35
1789071605,processor-79945475-7t5fw,2,35
1789071605,processor-79945475-f9bzw,2,35
1789071605,processor-79945475-pcdsp,3,35
1789071605,processor-79945475-ptbms,2,35
1789071607,processor-79945475-7t5fw,2,35
1789071607,processor-79945475-f9bzw,2,35
1789071607,processor-79945475-pcdsp,3,35
1789071607,processor-79945475-ptbms,2,35
1789071609,processor-79945475-7t5fw,2,35
1789071609,processor-79945475-f9bzw,2,35
1789071609,processor-79945475-pcdsp,3,35
1789071609,processor-79945475-ptbms,2,35
1789071611,processor-79945475-7t5fw,2,35
1789071611,processor-79945475-f9bzw,2,35
1789071611,processor-79945475-pcdsp,3,35
1789071611,processor-79945475-ptbms,2,35
1789071613,processor-79945475-7t5fw,2,35
1789071613,processor-79945475-f9bzw,2,35
1789071613,processor-79945475-pcdsp,3,35
1789071613,processor-79945475-ptbms,2,35
1789071615,processor-79945475-7t5fw,2,35
1789071615,processor-79945475-f9bzw,2,35
1789071615,processor-79945475-pcdsp,3,35
1789071615,processor-79945475-ptbms,2,35
1789071617,processor-79945475-7t5fw,2,35
1789071617,processor-79945475-f9bzw,2,35
1789071617,processor-79945475-pcdsp,3,35
1789071617,processor-79945475-ptbms,2,35
1789071619,processor-79945475-7t5fw,2,35
1789071619,processor-79945475-f9bzw,2,35
1789071619,processor-79945475-pcdsp,3,35
1789071619,processor-79945475-ptbms,2,35
1789071622,processor-79945475-7t5fw,2,35
1789071622,processor-79945475-f9bzw,2,35
1789071622,processor-79945475-pcdsp,2,35
1789071622,processor-79945475-ptbms,2,35
1789071624,processor-79945475-7t5fw,2,35
1789071624,processor-79945475-f9bzw,2,35
1789071624,processor-79945475-pcdsp,2,35
1789071624,processor-79945475-ptbms,2,35
1789071626,processor-79945475-7t5fw,2,35
1789071626,processor-79945475-f9bzw,2,35
1789071626,processor-79945475-pcdsp,2,35
1789071626,processor-79945475-ptbms,2,35
1789071628,processor-79945475-7t5fw,2,35
1789071628,processor-79945475-f9bzw,2,35
1789071628,processor-79945475-pcdsp,2,35
1789071628,processor-79945475-ptbms,2,35
1789071630,processor-79945475-7t5fw,2,35
1789071630,processor-79945475-f9bzw,2,35
1789071630,processor-79945475-pcdsp,2,35
1789071630,processor-79945475-ptbms,2,35
1789071632,processor-79945475-7t5fw,2,35
1789071632,processor-79945475-f9bzw,2,35
1789071632,processor-79945475-pcdsp,2,35
1789071632,processor-79945475-ptbms,2,35
1789071634,processor-79945475-7t5fw,2,35
1789071634,processor-79945475-f9bzw,2,35
1789071634,processor-79945475-pcdsp,2,35
1789071634,processor-79945475-ptbms,2,35
1789071636,processor-79945475-7t5fw,2,35
1789071636,processor-79945475-f9bzw,2,35
1789071636,processor-79945475-pcdsp,2,35
1789071636,processor-79945475-ptbms,2,35
1789071638,processor-79945475-7t5fw,2,35
1789071638,processor-79945475-f9bzw,2,35
1789071638,processor-79945475-pcdsp,2,35
1789071638,processor-79945475-ptbms,2,35
1789071641,processor-79945475-7t5fw,2,35
1789071641,processor-79945475-f9bzw,2,35
1789071641,processor-79945475-ptbms,2,35
1789071643,processor-79945475-f9bzw,2,35
1789071645,processor-79945475-f9bzw,2,35
1789071647,processor-79945475-f9bzw,2,35
1789071649,processor-79945475-f9bzw,2,35
1789071651,processor-79945475-f9bzw,2,35
1789071653,processor-79945475-f9bzw,2,35
